2026-02-25 09:50:12.112 [main] ERROR o.s.b.w.e.t.TomcatStarter - Error starting Tomcat context. Exception: org.springframework.beans.factory.UnsatisfiedDependencyException. Message: Error creating bean with name 'jwtAuthenticationFilter' defined in file [D:\java\project\eblog\target\classes\com\huang\jwt\JwtAuthenticationFilter.class]: Unsatisfied dependency expressed through constructor parameter 1: Error creating bean with name 'dbUserDetailsService' defined in file [D:\java\project\eblog\target\classes\com\huang\security\DbUserDetailsService.class]: Unsatisfied dependency expressed through constructor parameter 0: Error creating bean with name 'MUserServiceImpl' defined in file [D:\java\project\eblog\target\classes\com\huang\service\impl\MUserServiceImpl.class]: Unsatisfied dependency expressed through constructor parameter 0: Error creating bean with name 'securityConfig' defined in file [D:\java\project\eblog\target\classes\com\huang\config\SecurityConfig.class]: Unsatisfied dependency expressed through constructor parameter 4: Error creating bean with name 'jwtAuthenticationFilter': Requested bean is currently in creation: Is there an unresolvable circular reference or an asynchronous initialization dependency?
2026-02-25 09:50:12.191 [main] WARN  o.a.c.l.WebappClassLoaderBase - The web application [ROOT] appears to have started a thread named [lettuce-timer-3-1] but has failed to stop it. This is very likely to create a memory leak. Stack trace of thread:
 java.base@17.0.12/java.lang.Thread.sleep(Native Method)
 app//io.netty.util.HashedWheelTimer$Worker.waitForNextTick(HashedWheelTimer.java:598)
 app//io.netty.util.HashedWheelTimer$Worker.run(HashedWheelTimer.java:494)
 app//io.netty.util.concurrent.FastThreadLocalRunnable.run(FastThreadLocalRunnable.java:30)
 java.base@17.0.12/java.lang.Thread.run(Thread.java:842)
2026-02-25 09:50:12.194 [main] WARN  o.s.b.w.s.c.AnnotationConfigServletWebServerApplicationContext - Exception encountered during context initialization - cancelling refresh attempt: org.springframework.context.ApplicationContextException: Unable to start web server
2026-02-25 09:50:12.269 [main] ERROR o.s.b.d.LoggingFailureAnalysisReporter - 

***************************
APPLICATION FAILED TO START
***************************

Description:

The dependencies of some of the beans in the application context form a cycle:

©∞©§©§©§©§©§©¥
|  jwtAuthenticationFilter defined in file [D:\java\project\eblog\target\classes\com\huang\jwt\JwtAuthenticationFilter.class]
°¸     °˝
|  dbUserDetailsService defined in file [D:\java\project\eblog\target\classes\com\huang\security\DbUserDetailsService.class]
°¸     °˝
|  MUserServiceImpl defined in file [D:\java\project\eblog\target\classes\com\huang\service\impl\MUserServiceImpl.class]
°¸     °˝
|  securityConfig defined in file [D:\java\project\eblog\target\classes\com\huang\config\SecurityConfig.class]
©∏©§©§©§©§©§©º


Action:

Relying upon circular references is discouraged and they are prohibited by default. Update your application to remove the dependency cycle between beans. As a last resort, it may be possible to break the cycle automatically by setting spring.main.allow-circular-references to true.

2026-02-25 09:50:35.941 [main] ERROR o.s.b.w.e.t.TomcatStarter - Error starting Tomcat context. Exception: org.springframework.beans.factory.UnsatisfiedDependencyException. Message: Error creating bean with name 'jwtAuthenticationFilter' defined in file [D:\java\project\eblog\target\classes\com\huang\jwt\JwtAuthenticationFilter.class]: Unsatisfied dependency expressed through constructor parameter 1: Error creating bean with name 'dbUserDetailsService' defined in file [D:\java\project\eblog\target\classes\com\huang\security\DbUserDetailsService.class]: Unsatisfied dependency expressed through constructor parameter 0: Error creating bean with name 'MUserServiceImpl' defined in file [D:\java\project\eblog\target\classes\com\huang\service\impl\MUserServiceImpl.class]: Unsatisfied dependency expressed through constructor parameter 0: Error creating bean with name 'securityConfig' defined in file [D:\java\project\eblog\target\classes\com\huang\config\SecurityConfig.class]: Unsatisfied dependency expressed through constructor parameter 4: Error creating bean with name 'jwtAuthenticationFilter': Requested bean is currently in creation: Is there an unresolvable circular reference or an asynchronous initialization dependency?
2026-02-25 09:50:35.973 [main] WARN  o.a.c.l.WebappClassLoaderBase - The web application [ROOT] appears to have started a thread named [lettuce-timer-3-1] but has failed to stop it. This is very likely to create a memory leak. Stack trace of thread:
 java.base@17.0.12/java.lang.Thread.sleep(Native Method)
 app//io.netty.util.HashedWheelTimer$Worker.waitForNextTick(HashedWheelTimer.java:598)
 app//io.netty.util.HashedWheelTimer$Worker.run(HashedWheelTimer.java:494)
 app//io.netty.util.concurrent.FastThreadLocalRunnable.run(FastThreadLocalRunnable.java:30)
 java.base@17.0.12/java.lang.Thread.run(Thread.java:842)
2026-02-25 09:50:35.975 [main] WARN  o.s.b.w.s.c.AnnotationConfigServletWebServerApplicationContext - Exception encountered during context initialization - cancelling refresh attempt: org.springframework.context.ApplicationContextException: Unable to start web server
2026-02-25 09:50:36.012 [main] ERROR o.s.b.d.LoggingFailureAnalysisReporter - 

***************************
APPLICATION FAILED TO START
***************************

Description:

The dependencies of some of the beans in the application context form a cycle:

‚îå‚îÄ‚îÄ‚îÄ‚îÄ‚îÄ‚îê
|  jwtAuthenticationFilter defined in file [D:\java\project\eblog\target\classes\com\huang\jwt\JwtAuthenticationFilter.class]
‚Üë     ‚Üì
|  dbUserDetailsService defined in file [D:\java\project\eblog\target\classes\com\huang\security\DbUserDetailsService.class]
‚Üë     ‚Üì
|  MUserServiceImpl defined in file [D:\java\project\eblog\target\classes\com\huang\service\impl\MUserServiceImpl.class]
‚Üë     ‚Üì
|  securityConfig defined in file [D:\java\project\eblog\target\classes\com\huang\config\SecurityConfig.class]
‚îî‚îÄ‚îÄ‚îÄ‚îÄ‚îÄ‚îò


Action:

Relying upon circular references is discouraged and they are prohibited by default. Update your application to remove the dependency cycle between beans. As a last resort, it may be possible to break the cycle automatically by setting spring.main.allow-circular-references to true.

2026-02-25 09:52:31.386 [main] ERROR o.s.b.w.e.t.TomcatStarter - Error starting Tomcat context. Exception: org.springframework.beans.factory.UnsatisfiedDependencyException. Message: Error creating bean with name 'jwtAuthenticationFilter' defined in file [D:\java\project\eblog\target\classes\com\huang\jwt\JwtAuthenticationFilter.class]: Unsatisfied dependency expressed through constructor parameter 1: Error creating bean with name 'dbUserDetailsService' defined in file [D:\java\project\eblog\target\classes\com\huang\security\DbUserDetailsService.class]: Unsatisfied dependency expressed through constructor parameter 0: Error creating bean with name 'MUserServiceImpl' defined in file [D:\java\project\eblog\target\classes\com\huang\service\impl\MUserServiceImpl.class]: Unsatisfied dependency expressed through constructor parameter 0: Error creating bean with name 'securityConfig' defined in file [D:\java\project\eblog\target\classes\com\huang\config\SecurityConfig.class]: Unsatisfied dependency expressed through constructor parameter 4: Error creating bean with name 'jwtAuthenticationFilter': Requested bean is currently in creation: Is there an unresolvable circular reference or an asynchronous initialization dependency?
2026-02-25 09:52:31.414 [main] WARN  o.a.c.l.WebappClassLoaderBase - The web application [ROOT] appears to have started a thread named [lettuce-timer-3-1] but has failed to stop it. This is very likely to create a memory leak. Stack trace of thread:
 java.base@17.0.12/java.lang.Thread.sleep(Native Method)
 app//io.netty.util.HashedWheelTimer$Worker.waitForNextTick(HashedWheelTimer.java:598)
 app//io.netty.util.HashedWheelTimer$Worker.run(HashedWheelTimer.java:494)
 app//io.netty.util.concurrent.FastThreadLocalRunnable.run(FastThreadLocalRunnable.java:30)
 java.base@17.0.12/java.lang.Thread.run(Thread.java:842)
2026-02-25 09:52:31.416 [main] WARN  o.s.b.w.s.c.AnnotationConfigServletWebServerApplicationContext - Exception encountered during context initialization - cancelling refresh attempt: org.springframework.context.ApplicationContextException: Unable to start web server
2026-02-25 09:52:31.450 [main] ERROR o.s.b.d.LoggingFailureAnalysisReporter - 

***************************
APPLICATION FAILED TO START
***************************

Description:

The dependencies of some of the beans in the application context form a cycle:

‚îå‚îÄ‚îÄ‚îÄ‚îÄ‚îÄ‚îê
|  jwtAuthenticationFilter defined in file [D:\java\project\eblog\target\classes\com\huang\jwt\JwtAuthenticationFilter.class]
‚Üë     ‚Üì
|  dbUserDetailsService defined in file [D:\java\project\eblog\target\classes\com\huang\security\DbUserDetailsService.class]
‚Üë     ‚Üì
|  MUserServiceImpl defined in file [D:\java\project\eblog\target\classes\com\huang\service\impl\MUserServiceImpl.class]
‚Üë     ‚Üì
|  securityConfig defined in file [D:\java\project\eblog\target\classes\com\huang\config\SecurityConfig.class]
‚îî‚îÄ‚îÄ‚îÄ‚îÄ‚îÄ‚îò


Action:

Relying upon circular references is discouraged and they are prohibited by default. Update your application to remove the dependency cycle between beans. As a last resort, it may be possible to break the cycle automatically by setting spring.main.allow-circular-references to true.

2026-02-25 09:53:40.017 [main] ERROR o.s.b.w.e.t.TomcatStarter - Error starting Tomcat context. Exception: org.springframework.beans.factory.UnsatisfiedDependencyException. Message: Error creating bean with name 'jwtAuthenticationFilter' defined in file [D:\java\project\eblog\target\classes\com\huang\jwt\JwtAuthenticationFilter.class]: Unsatisfied dependency expressed through constructor parameter 1: Error creating bean with name 'dbUserDetailsService' defined in file [D:\java\project\eblog\target\classes\com\huang\security\DbUserDetailsService.class]: Unsatisfied dependency expressed through constructor parameter 0: Error creating bean with name 'MUserServiceImpl' defined in file [D:\java\project\eblog\target\classes\com\huang\service\impl\MUserServiceImpl.class]: Unsatisfied dependency expressed through constructor parameter 0: Error creating bean with name 'securityConfig' defined in file [D:\java\project\eblog\target\classes\com\huang\config\SecurityConfig.class]: Unsatisfied dependency expressed through constructor parameter 4: Error creating bean with name 'jwtAuthenticationFilter': Requested bean is currently in creation: Is there an unresolvable circular reference or an asynchronous initialization dependency?
2026-02-25 09:53:40.043 [main] WARN  o.a.c.l.WebappClassLoaderBase - The web application [ROOT] appears to have started a thread named [lettuce-timer-3-1] but has failed to stop it. This is very likely to create a memory leak. Stack trace of thread:
 java.base@17.0.12/java.lang.Thread.sleep(Native Method)
 app//io.netty.util.HashedWheelTimer$Worker.waitForNextTick(HashedWheelTimer.java:598)
 app//io.netty.util.HashedWheelTimer$Worker.run(HashedWheelTimer.java:494)
 app//io.netty.util.concurrent.FastThreadLocalRunnable.run(FastThreadLocalRunnable.java:30)
 java.base@17.0.12/java.lang.Thread.run(Thread.java:842)
2026-02-25 09:53:40.044 [main] WARN  o.s.b.w.s.c.AnnotationConfigServletWebServerApplicationContext - Exception encountered during context initialization - cancelling refresh attempt: org.springframework.context.ApplicationContextException: Unable to start web server
2026-02-25 09:53:40.079 [main] ERROR o.s.b.d.LoggingFailureAnalysisReporter - 

***************************
APPLICATION FAILED TO START
***************************

Description:

The dependencies of some of the beans in the application context form a cycle:

‚îå‚îÄ‚îÄ‚îÄ‚îÄ‚îÄ‚îê
|  jwtAuthenticationFilter defined in file [D:\java\project\eblog\target\classes\com\huang\jwt\JwtAuthenticationFilter.class]
‚Üë     ‚Üì
|  dbUserDetailsService defined in file [D:\java\project\eblog\target\classes\com\huang\security\DbUserDetailsService.class]
‚Üë     ‚Üì
|  MUserServiceImpl defined in file [D:\java\project\eblog\target\classes\com\huang\service\impl\MUserServiceImpl.class]
‚Üë     ‚Üì
|  securityConfig defined in file [D:\java\project\eblog\target\classes\com\huang\config\SecurityConfig.class]
‚îî‚îÄ‚îÄ‚îÄ‚îÄ‚îÄ‚îò


Action:

Relying upon circular references is discouraged and they are prohibited by default. Update your application to remove the dependency cycle between beans. As a last resort, it may be possible to break the cycle automatically by setting spring.main.allow-circular-references to true.

2026-02-25 10:09:46.443 [main] INFO  o.s.s.c.a.a.c.InitializeUserDetailsBeanManagerConfigurer$InitializeUserDetailsManagerConfigurer - Global AuthenticationManager configured with UserDetailsService bean with name dbUserDetailsService
2026-02-25 10:09:46.589 [main] DEBUG o.s.s.w.DefaultSecurityFilterChain - Will secure any request with filters: DisableEncodeUrlFilter, WebAsyncManagerIntegrationFilter, SecurityContextHolderFilter, HeaderWriterFilter, LogoutFilter, JwtAuthenticationFilter, CustomAuthenticationFilter, RequestCacheAwareFilter, SecurityContextHolderAwareRequestFilter, SessionManagementFilter, ExceptionTranslationFilter, AuthorizationFilter
2026-02-25 10:09:47.235 [main] INFO  o.s.w.SimpLogging - Starting...
2026-02-25 10:09:47.236 [main] INFO  o.s.w.SimpLogging - BrokerAvailabilityEvent[available=true, SimpleBrokerMessageHandler [org.springframework.messaging.simp.broker.DefaultSubscriptionRegistry@4265cbed]]
2026-02-25 10:09:47.237 [main] INFO  o.s.w.SimpLogging - Started.
2026-02-25 10:09:47.406 [main] INFO  c.z.h.HikariDataSource - HikariPool-1 - Starting...
2026-02-25 10:09:47.582 [main] INFO  c.z.h.p.HikariPool - HikariPool-1 - Added connection com.mysql.cj.jdbc.ConnectionImpl@7fd624f5
2026-02-25 10:09:47.592 [main] INFO  c.z.h.HikariDataSource - HikariPool-1 - Start completed.
2026-02-25 10:09:48.799 [RMI TCP Connection(6)-192.168.198.23] INFO  o.s.w.s.DispatcherServlet - Initializing Servlet 'dispatcherServlet'
2026-02-25 10:09:48.802 [RMI TCP Connection(6)-192.168.198.23] INFO  o.s.w.s.DispatcherServlet - Completed initialization in 2 ms
2026-02-25 10:10:06.079 [http-nio-80-exec-2] DEBUG o.s.s.w.FilterChainProxy - Securing GET /kaptcha.jpg?uuid=123456789
2026-02-25 10:10:06.098 [http-nio-80-exec-2] DEBUG o.s.s.w.FilterChainProxy - Secured GET /kaptcha.jpg?uuid=123456789
2026-02-25 10:10:47.208 [MessageBroker-2] INFO  o.s.w.s.c.WebSocketMessageBrokerStats - WebSocketSession[0 current WS(0)-HttpStream(0)-HttpPoll(0), 0 total, 0 closed abnormally (0 connect failure, 0 send limit, 0 transport error)], stompSubProtocol[processed CONNECT(0)-CONNECTED(0)-DISCONNECT(0)], stompBrokerRelay[null], inboundChannel[pool size = 0, active threads = 0, queued tasks = 0, completed tasks = 0], outboundChannel[pool size = 0, active threads = 0, queued tasks = 0, completed tasks = 0], sockJsScheduler[pool size = 14, active threads = 1, queued tasks = 1, completed tasks = 12]
2026-02-25 10:27:46.358 [SpringApplicationShutdownHook] INFO  o.s.w.SimpLogging - Stopping...
2026-02-25 10:27:46.358 [SpringApplicationShutdownHook] INFO  o.s.w.SimpLogging - BrokerAvailabilityEvent[available=false, SimpleBrokerMessageHandler [org.springframework.messaging.simp.broker.DefaultSubscriptionRegistry@4265cbed]]
2026-02-25 10:27:46.358 [SpringApplicationShutdownHook] INFO  o.s.w.SimpLogging - Stopped.
2026-02-25 10:27:46.374 [SpringApplicationShutdownHook] INFO  c.z.h.HikariDataSource - HikariPool-1 - Shutdown initiated...
2026-02-25 10:27:46.379 [SpringApplicationShutdownHook] INFO  c.z.h.HikariDataSource - HikariPool-1 - Shutdown completed.
2026-02-25 10:31:57.657 [main] INFO  o.s.s.c.a.a.c.InitializeUserDetailsBeanManagerConfigurer$InitializeUserDetailsManagerConfigurer - Global AuthenticationManager configured with UserDetailsService bean with name dbUserDetailsService
2026-02-25 10:31:57.740 [main] DEBUG o.s.s.w.DefaultSecurityFilterChain - Will secure any request with filters: DisableEncodeUrlFilter, WebAsyncManagerIntegrationFilter, SecurityContextHolderFilter, HeaderWriterFilter, LogoutFilter, JwtAuthenticationFilter, CustomAuthenticationFilter, RequestCacheAwareFilter, SecurityContextHolderAwareRequestFilter, SessionManagementFilter, ExceptionTranslationFilter, AuthorizationFilter
2026-02-25 10:31:58.198 [main] INFO  o.s.w.SimpLogging - Starting...
2026-02-25 10:31:58.200 [main] INFO  o.s.w.SimpLogging - BrokerAvailabilityEvent[available=true, SimpleBrokerMessageHandler [org.springframework.messaging.simp.broker.DefaultSubscriptionRegistry@5f662dd]]
2026-02-25 10:31:58.200 [main] INFO  o.s.w.SimpLogging - Started.
2026-02-25 10:31:58.342 [main] INFO  c.z.h.HikariDataSource - HikariPool-1 - Starting...
2026-02-25 10:31:58.488 [main] INFO  c.z.h.p.HikariPool - HikariPool-1 - Added connection com.mysql.cj.jdbc.ConnectionImpl@4ba32242
2026-02-25 10:31:58.499 [main] INFO  c.z.h.HikariDataSource - HikariPool-1 - Start completed.
2026-02-25 10:31:59.521 [RMI TCP Connection(1)-192.168.198.23] INFO  o.s.w.s.DispatcherServlet - Initializing Servlet 'dispatcherServlet'
2026-02-25 10:31:59.529 [RMI TCP Connection(1)-192.168.198.23] INFO  o.s.w.s.DispatcherServlet - Completed initialization in 8 ms
2026-02-25 10:32:58.169 [MessageBroker-2] INFO  o.s.w.s.c.WebSocketMessageBrokerStats - WebSocketSession[0 current WS(0)-HttpStream(0)-HttpPoll(0), 0 total, 0 closed abnormally (0 connect failure, 0 send limit, 0 transport error)], stompSubProtocol[processed CONNECT(0)-CONNECTED(0)-DISCONNECT(0)], stompBrokerRelay[null], inboundChannel[pool size = 0, active threads = 0, queued tasks = 0, completed tasks = 0], outboundChannel[pool size = 0, active threads = 0, queued tasks = 0, completed tasks = 0], sockJsScheduler[pool size = 14, active threads = 1, queued tasks = 1, completed tasks = 12]
2026-02-25 10:38:03.592 [SpringApplicationShutdownHook] INFO  o.s.w.SimpLogging - Stopping...
2026-02-25 10:38:03.592 [SpringApplicationShutdownHook] INFO  o.s.w.SimpLogging - BrokerAvailabilityEvent[available=false, SimpleBrokerMessageHandler [org.springframework.messaging.simp.broker.DefaultSubscriptionRegistry@5f662dd]]
2026-02-25 10:38:03.592 [SpringApplicationShutdownHook] INFO  o.s.w.SimpLogging - Stopped.
2026-02-25 10:38:03.608 [SpringApplicationShutdownHook] INFO  c.z.h.HikariDataSource - HikariPool-1 - Shutdown initiated...
2026-02-25 10:38:03.618 [SpringApplicationShutdownHook] INFO  c.z.h.HikariDataSource - HikariPool-1 - Shutdown completed.
2026-02-25 10:38:12.593 [main] INFO  o.s.s.c.a.a.c.InitializeUserDetailsBeanManagerConfigurer$InitializeUserDetailsManagerConfigurer - Global AuthenticationManager configured with UserDetailsService bean with name dbUserDetailsService
2026-02-25 10:38:12.673 [main] DEBUG o.s.s.w.DefaultSecurityFilterChain - Will secure any request with filters: DisableEncodeUrlFilter, WebAsyncManagerIntegrationFilter, SecurityContextHolderFilter, HeaderWriterFilter, LogoutFilter, JwtAuthenticationFilter, CustomAuthenticationFilter, RequestCacheAwareFilter, SecurityContextHolderAwareRequestFilter, SessionManagementFilter, ExceptionTranslationFilter, AuthorizationFilter
2026-02-25 10:38:13.071 [main] INFO  o.s.w.SimpLogging - Starting...
2026-02-25 10:38:13.071 [main] INFO  o.s.w.SimpLogging - BrokerAvailabilityEvent[available=true, SimpleBrokerMessageHandler [org.springframework.messaging.simp.broker.DefaultSubscriptionRegistry@62818ab0]]
2026-02-25 10:38:13.072 [main] INFO  o.s.w.SimpLogging - Started.
2026-02-25 10:38:13.170 [main] INFO  c.z.h.HikariDataSource - HikariPool-1 - Starting...
2026-02-25 10:38:13.273 [main] INFO  c.z.h.p.HikariPool - HikariPool-1 - Added connection com.mysql.cj.jdbc.ConnectionImpl@4a234e1f
2026-02-25 10:38:13.281 [main] INFO  c.z.h.HikariDataSource - HikariPool-1 - Start completed.
2026-02-25 10:38:14.261 [RMI TCP Connection(3)-192.168.198.23] INFO  o.s.w.s.DispatcherServlet - Initializing Servlet 'dispatcherServlet'
2026-02-25 10:38:14.263 [RMI TCP Connection(3)-192.168.198.23] INFO  o.s.w.s.DispatcherServlet - Completed initialization in 2 ms
2026-02-25 10:38:25.860 [http-nio-80-exec-1] DEBUG o.s.s.w.FilterChainProxy - Securing GET /index
2026-02-25 10:38:25.877 [http-nio-80-exec-1] DEBUG o.s.s.w.a.Http403ForbiddenEntryPoint - Pre-authenticated entry point called. Rejecting access
2026-02-25 10:38:25.886 [http-nio-80-exec-1] DEBUG o.s.s.w.FilterChainProxy - Securing GET /error
2026-02-25 10:38:25.888 [http-nio-80-exec-1] DEBUG o.s.s.w.a.Http403ForbiddenEntryPoint - Pre-authenticated entry point called. Rejecting access
2026-02-25 10:38:44.543 [http-nio-80-exec-4] DEBUG o.s.s.w.FilterChainProxy - Securing POST /index
2026-02-25 10:38:44.545 [http-nio-80-exec-4] DEBUG o.s.s.w.a.Http403ForbiddenEntryPoint - Pre-authenticated entry point called. Rejecting access
2026-02-25 10:38:44.546 [http-nio-80-exec-4] DEBUG o.s.s.w.FilterChainProxy - Securing POST /error
2026-02-25 10:38:44.548 [http-nio-80-exec-4] DEBUG o.s.s.w.a.Http403ForbiddenEntryPoint - Pre-authenticated entry point called. Rejecting access
2026-02-25 10:39:13.055 [MessageBroker-2] INFO  o.s.w.s.c.WebSocketMessageBrokerStats - WebSocketSession[0 current WS(0)-HttpStream(0)-HttpPoll(0), 0 total, 0 closed abnormally (0 connect failure, 0 send limit, 0 transport error)], stompSubProtocol[processed CONNECT(0)-CONNECTED(0)-DISCONNECT(0)], stompBrokerRelay[null], inboundChannel[pool size = 0, active threads = 0, queued tasks = 0, completed tasks = 0], outboundChannel[pool size = 0, active threads = 0, queued tasks = 0, completed tasks = 0], sockJsScheduler[pool size = 14, active threads = 1, queued tasks = 1, completed tasks = 12]
2026-02-25 10:40:14.990 [http-nio-80-exec-6] DEBUG o.s.s.w.FilterChainProxy - Securing GET /
2026-02-25 10:40:14.993 [http-nio-80-exec-6] DEBUG o.s.s.w.FilterChainProxy - Secured GET /
2026-02-25 10:40:15.138 [http-nio-80-exec-6] ERROR o.a.c.c.C.[.[.[.[dispatcherServlet] - Servlet.service() for servlet [dispatcherServlet] in context with path [] threw exception [Circular view path []: would dispatch back to the current handler URL [/] again. Check your ViewResolver setup! (Hint: This may be the result of an unspecified view, due to default view name generation.)] with root cause
jakarta.servlet.ServletException: Circular view path []: would dispatch back to the current handler URL [/] again. Check your ViewResolver setup! (Hint: This may be the result of an unspecified view, due to default view name generation.)
	at org.springframework.web.servlet.view.InternalResourceView.prepareForRendering(InternalResourceView.java:210) ~[spring-webmvc-6.2.15.jar:6.2.15]
	at org.springframework.web.servlet.view.InternalResourceView.renderMergedOutputModel(InternalResourceView.java:148) ~[spring-webmvc-6.2.15.jar:6.2.15]
	at org.springframework.web.servlet.view.AbstractView.render(AbstractView.java:314) ~[spring-webmvc-6.2.15.jar:6.2.15]
	at org.springframework.web.servlet.DispatcherServlet.render(DispatcherServlet.java:1438) ~[spring-webmvc-6.2.15.jar:6.2.15]
	at org.springframework.web.servlet.DispatcherServlet.processDispatchResult(DispatcherServlet.java:1168) ~[spring-webmvc-6.2.15.jar:6.2.15]
	at org.springframework.web.servlet.DispatcherServlet.doDispatch(DispatcherServlet.java:1106) ~[spring-webmvc-6.2.15.jar:6.2.15]
	at org.springframework.web.servlet.DispatcherServlet.doService(DispatcherServlet.java:979) ~[spring-webmvc-6.2.15.jar:6.2.15]
	at org.springframework.web.servlet.FrameworkServlet.processRequest(FrameworkServlet.java:1014) ~[spring-webmvc-6.2.15.jar:6.2.15]
	at org.springframework.web.servlet.FrameworkServlet.doGet(FrameworkServlet.java:903) ~[spring-webmvc-6.2.15.jar:6.2.15]
	at jakarta.servlet.http.HttpServlet.service(HttpServlet.java:564) ~[tomcat-embed-core-10.1.50.jar:6.0]
	at org.springframework.web.servlet.FrameworkServlet.service(FrameworkServlet.java:885) ~[spring-webmvc-6.2.15.jar:6.2.15]
	at jakarta.servlet.http.HttpServlet.service(HttpServlet.java:658) ~[tomcat-embed-core-10.1.50.jar:6.0]
	at org.apache.catalina.core.ApplicationFilterChain.internalDoFilter(ApplicationFilterChain.java:193) ~[tomcat-embed-core-10.1.50.jar:10.1.50]
	at org.apache.catalina.core.ApplicationFilterChain.doFilter(ApplicationFilterChain.java:138) ~[tomcat-embed-core-10.1.50.jar:10.1.50]
	at org.apache.tomcat.websocket.server.WsFilter.doFilter(WsFilter.java:51) ~[tomcat-embed-websocket-10.1.50.jar:10.1.50]
	at org.apache.catalina.core.ApplicationFilterChain.internalDoFilter(ApplicationFilterChain.java:162) ~[tomcat-embed-core-10.1.50.jar:10.1.50]
	at org.apache.catalina.core.ApplicationFilterChain.doFilter(ApplicationFilterChain.java:138) ~[tomcat-embed-core-10.1.50.jar:10.1.50]
	at org.springframework.web.filter.OncePerRequestFilter.doFilter(OncePerRequestFilter.java:110) ~[spring-web-6.2.15.jar:6.2.15]
	at org.apache.catalina.core.ApplicationFilterChain.internalDoFilter(ApplicationFilterChain.java:162) ~[tomcat-embed-core-10.1.50.jar:10.1.50]
	at org.apache.catalina.core.ApplicationFilterChain.doFilter(ApplicationFilterChain.java:138) ~[tomcat-embed-core-10.1.50.jar:10.1.50]
	at com.huang.common.filter.RepeatableReadRequestFilter.doFilterInternal(RepeatableReadRequestFilter.java:30) ~[classes/:?]
	at org.springframework.web.filter.OncePerRequestFilter.doFilter(OncePerRequestFilter.java:116) ~[spring-web-6.2.15.jar:6.2.15]
	at org.apache.catalina.core.ApplicationFilterChain.internalDoFilter(ApplicationFilterChain.java:162) ~[tomcat-embed-core-10.1.50.jar:10.1.50]
	at org.apache.catalina.core.ApplicationFilterChain.doFilter(ApplicationFilterChain.java:138) ~[tomcat-embed-core-10.1.50.jar:10.1.50]
	at com.huang.common.filter.GlobalLogParamFilter.doFilterInternal(GlobalLogParamFilter.java:23) ~[classes/:?]
	at org.springframework.web.filter.OncePerRequestFilter.doFilter(OncePerRequestFilter.java:116) ~[spring-web-6.2.15.jar:6.2.15]
	at org.apache.catalina.core.ApplicationFilterChain.internalDoFilter(ApplicationFilterChain.java:162) ~[tomcat-embed-core-10.1.50.jar:10.1.50]
	at org.apache.catalina.core.ApplicationFilterChain.doFilter(ApplicationFilterChain.java:138) ~[tomcat-embed-core-10.1.50.jar:10.1.50]
	at org.springframework.web.filter.CompositeFilter$VirtualFilterChain.doFilter(CompositeFilter.java:108) ~[spring-web-6.2.15.jar:6.2.15]
	at org.springframework.web.filter.CompositeFilter$VirtualFilterChain.doFilter(CompositeFilter.java:108) ~[spring-web-6.2.15.jar:6.2.15]
	at org.springframework.security.web.FilterChainProxy.lambda$doFilterInternal$3(FilterChainProxy.java:231) ~[spring-security-web-6.5.7.jar:6.5.7]
	at org.springframework.security.web.ObservationFilterChainDecorator$FilterObservation$SimpleFilterObservation.lambda$wrap$1(ObservationFilterChainDecorator.java:490) ~[spring-security-web-6.5.7.jar:6.5.7]
	at org.springframework.security.web.ObservationFilterChainDecorator$AroundFilterObservation$SimpleAroundFilterObservation.lambda$wrap$1(ObservationFilterChainDecorator.java:351) ~[spring-security-web-6.5.7.jar:6.5.7]
	at org.springframework.security.web.ObservationFilterChainDecorator.lambda$wrapSecured$0(ObservationFilterChainDecorator.java:83) ~[spring-security-web-6.5.7.jar:6.5.7]
	at org.springframework.security.web.ObservationFilterChainDecorator$VirtualFilterChain.doFilter(ObservationFilterChainDecorator.java:129) ~[spring-security-web-6.5.7.jar:6.5.7]
	at org.springframework.security.web.access.intercept.AuthorizationFilter.doFilter(AuthorizationFilter.java:101) ~[spring-security-web-6.5.7.jar:6.5.7]
	at org.springframework.security.web.ObservationFilterChainDecorator$ObservationFilter.wrapFilter(ObservationFilterChainDecorator.java:241) ~[spring-security-web-6.5.7.jar:6.5.7]
	at org.springframework.security.web.ObservationFilterChainDecorator$ObservationFilter.doFilter(ObservationFilterChainDecorator.java:228) ~[spring-security-web-6.5.7.jar:6.5.7]
	at org.springframework.security.web.ObservationFilterChainDecorator$VirtualFilterChain.doFilter(ObservationFilterChainDecorator.java:138) ~[spring-security-web-6.5.7.jar:6.5.7]
	at org.springframework.security.web.access.ExceptionTranslationFilter.doFilter(ExceptionTranslationFilter.java:125) ~[spring-security-web-6.5.7.jar:6.5.7]
	at org.springframework.security.web.access.ExceptionTranslationFilter.doFilter(ExceptionTranslationFilter.java:119) ~[spring-security-web-6.5.7.jar:6.5.7]
	at org.springframework.security.web.ObservationFilterChainDecorator$ObservationFilter.wrapFilter(ObservationFilterChainDecorator.java:241) ~[spring-security-web-6.5.7.jar:6.5.7]
	at org.springframework.security.web.ObservationFilterChainDecorator$ObservationFilter.doFilter(ObservationFilterChainDecorator.java:228) ~[spring-security-web-6.5.7.jar:6.5.7]
	at org.springframework.security.web.ObservationFilterChainDecorator$VirtualFilterChain.doFilter(ObservationFilterChainDecorator.java:138) ~[spring-security-web-6.5.7.jar:6.5.7]
	at org.springframework.security.web.session.SessionManagementFilter.doFilter(SessionManagementFilter.java:131) ~[spring-security-web-6.5.7.jar:6.5.7]
	at org.springframework.security.web.session.SessionManagementFilter.doFilter(SessionManagementFilter.java:85) ~[spring-security-web-6.5.7.jar:6.5.7]
	at org.springframework.security.web.ObservationFilterChainDecorator$ObservationFilter.wrapFilter(ObservationFilterChainDecorator.java:241) ~[spring-security-web-6.5.7.jar:6.5.7]
	at org.springframework.security.web.ObservationFilterChainDecorator$ObservationFilter.doFilter(ObservationFilterChainDecorator.java:228) ~[spring-security-web-6.5.7.jar:6.5.7]
	at org.springframework.security.web.ObservationFilterChainDecorator$VirtualFilterChain.doFilter(ObservationFilterChainDecorator.java:138) ~[spring-security-web-6.5.7.jar:6.5.7]
	at org.springframework.security.web.servletapi.SecurityContextHolderAwareRequestFilter.doFilter(SecurityContextHolderAwareRequestFilter.java:179) ~[spring-security-web-6.5.7.jar:6.5.7]
	at org.springframework.security.web.ObservationFilterChainDecorator$ObservationFilter.wrapFilter(ObservationFilterChainDecorator.java:241) ~[spring-security-web-6.5.7.jar:6.5.7]
	at org.springframework.security.web.ObservationFilterChainDecorator$ObservationFilter.doFilter(ObservationFilterChainDecorator.java:228) ~[spring-security-web-6.5.7.jar:6.5.7]
	at org.springframework.security.web.ObservationFilterChainDecorator$VirtualFilterChain.doFilter(ObservationFilterChainDecorator.java:138) ~[spring-security-web-6.5.7.jar:6.5.7]
	at org.springframework.security.web.savedrequest.RequestCacheAwareFilter.doFilter(RequestCacheAwareFilter.java:63) ~[spring-security-web-6.5.7.jar:6.5.7]
	at org.springframework.security.web.ObservationFilterChainDecorator$ObservationFilter.wrapFilter(ObservationFilterChainDecorator.java:241) ~[spring-security-web-6.5.7.jar:6.5.7]
	at org.springframework.security.web.ObservationFilterChainDecorator$ObservationFilter.doFilter(ObservationFilterChainDecorator.java:228) ~[spring-security-web-6.5.7.jar:6.5.7]
	at org.springframework.security.web.ObservationFilterChainDecorator$VirtualFilterChain.doFilter(ObservationFilterChainDecorator.java:138) ~[spring-security-web-6.5.7.jar:6.5.7]
	at org.springframework.security.web.authentication.AbstractAuthenticationProcessingFilter.doFilter(AbstractAuthenticationProcessingFilter.java:235) ~[spring-security-web-6.5.7.jar:6.5.7]
	at org.springframework.security.web.authentication.AbstractAuthenticationProcessingFilter.doFilter(AbstractAuthenticationProcessingFilter.java:229) ~[spring-security-web-6.5.7.jar:6.5.7]
	at org.springframework.security.web.ObservationFilterChainDecorator$ObservationFilter.wrapFilter(ObservationFilterChainDecorator.java:241) ~[spring-security-web-6.5.7.jar:6.5.7]
	at org.springframework.security.web.ObservationFilterChainDecorator$ObservationFilter.doFilter(ObservationFilterChainDecorator.java:228) ~[spring-security-web-6.5.7.jar:6.5.7]
	at org.springframework.security.web.ObservationFilterChainDecorator$VirtualFilterChain.doFilter(ObservationFilterChainDecorator.java:138) ~[spring-security-web-6.5.7.jar:6.5.7]
	at com.huang.jwt.JwtAuthenticationFilter.doFilterInternal(JwtAuthenticationFilter.java:69) ~[classes/:?]
	at org.springframework.web.filter.OncePerRequestFilter.doFilter(OncePerRequestFilter.java:116) ~[spring-web-6.2.15.jar:6.2.15]
	at org.springframework.security.web.ObservationFilterChainDecorator$ObservationFilter.wrapFilter(ObservationFilterChainDecorator.java:241) ~[spring-security-web-6.5.7.jar:6.5.7]
	at org.springframework.security.web.ObservationFilterChainDecorator$ObservationFilter.doFilter(ObservationFilterChainDecorator.java:228) ~[spring-security-web-6.5.7.jar:6.5.7]
	at org.springframework.security.web.ObservationFilterChainDecorator$VirtualFilterChain.doFilter(ObservationFilterChainDecorator.java:138) ~[spring-security-web-6.5.7.jar:6.5.7]
	at org.springframework.security.web.authentication.logout.LogoutFilter.doFilter(LogoutFilter.java:107) ~[spring-security-web-6.5.7.jar:6.5.7]
	at org.springframework.security.web.authentication.logout.LogoutFilter.doFilter(LogoutFilter.java:93) ~[spring-security-web-6.5.7.jar:6.5.7]
	at org.springframework.security.web.ObservationFilterChainDecorator$ObservationFilter.wrapFilter(ObservationFilterChainDecorator.java:241) ~[spring-security-web-6.5.7.jar:6.5.7]
	at org.springframework.security.web.ObservationFilterChainDecorator$ObservationFilter.doFilter(ObservationFilterChainDecorator.java:228) ~[spring-security-web-6.5.7.jar:6.5.7]
	at org.springframework.security.web.ObservationFilterChainDecorator$VirtualFilterChain.doFilter(ObservationFilterChainDecorator.java:138) ~[spring-security-web-6.5.7.jar:6.5.7]
	at org.springframework.security.web.header.HeaderWriterFilter.doHeadersAfter(HeaderWriterFilter.java:90) ~[spring-security-web-6.5.7.jar:6.5.7]
	at org.springframework.security.web.header.HeaderWriterFilter.doFilterInternal(HeaderWriterFilter.java:75) ~[spring-security-web-6.5.7.jar:6.5.7]
	at org.springframework.web.filter.OncePerRequestFilter.doFilter(OncePerRequestFilter.java:116) ~[spring-web-6.2.15.jar:6.2.15]
	at org.springframework.security.web.ObservationFilterChainDecorator$ObservationFilter.wrapFilter(ObservationFilterChainDecorator.java:241) ~[spring-security-web-6.5.7.jar:6.5.7]
	at org.springframework.security.web.ObservationFilterChainDecorator$ObservationFilter.doFilter(ObservationFilterChainDecorator.java:228) ~[spring-security-web-6.5.7.jar:6.5.7]
	at org.springframework.security.web.ObservationFilterChainDecorator$VirtualFilterChain.doFilter(ObservationFilterChainDecorator.java:138) ~[spring-security-web-6.5.7.jar:6.5.7]
	at org.springframework.security.web.context.SecurityContextHolderFilter.doFilter(SecurityContextHolderFilter.java:82) ~[spring-security-web-6.5.7.jar:6.5.7]
	at org.springframework.security.web.context.SecurityContextHolderFilter.doFilter(SecurityContextHolderFilter.java:69) ~[spring-security-web-6.5.7.jar:6.5.7]
	at org.springframework.security.web.ObservationFilterChainDecorator$ObservationFilter.wrapFilter(ObservationFilterChainDecorator.java:241) ~[spring-security-web-6.5.7.jar:6.5.7]
	at org.springframework.security.web.ObservationFilterChainDecorator$ObservationFilter.doFilter(ObservationFilterChainDecorator.java:228) ~[spring-security-web-6.5.7.jar:6.5.7]
	at org.springframework.security.web.ObservationFilterChainDecorator$VirtualFilterChain.doFilter(ObservationFilterChainDecorator.java:138) ~[spring-security-web-6.5.7.jar:6.5.7]
	at org.springframework.security.web.context.request.async.WebAsyncManagerIntegrationFilter.doFilterInternal(WebAsyncManagerIntegrationFilter.java:62) ~[spring-security-web-6.5.7.jar:6.5.7]
	at org.springframework.web.filter.OncePerRequestFilter.doFilter(OncePerRequestFilter.java:116) ~[spring-web-6.2.15.jar:6.2.15]
	at org.springframework.security.web.ObservationFilterChainDecorator$ObservationFilter.wrapFilter(ObservationFilterChainDecorator.java:241) ~[spring-security-web-6.5.7.jar:6.5.7]
	at org.springframework.security.web.ObservationFilterChainDecorator$ObservationFilter.doFilter(ObservationFilterChainDecorator.java:228) ~[spring-security-web-6.5.7.jar:6.5.7]
	at org.springframework.security.web.ObservationFilterChainDecorator$VirtualFilterChain.doFilter(ObservationFilterChainDecorator.java:138) ~[spring-security-web-6.5.7.jar:6.5.7]
	at org.springframework.security.web.session.DisableEncodeUrlFilter.doFilterInternal(DisableEncodeUrlFilter.java:42) ~[spring-security-web-6.5.7.jar:6.5.7]
	at org.springframework.web.filter.OncePerRequestFilter.doFilter(OncePerRequestFilter.java:116) ~[spring-web-6.2.15.jar:6.2.15]
	at org.springframework.security.web.ObservationFilterChainDecorator$ObservationFilter.wrapFilter(ObservationFilterChainDecorator.java:241) ~[spring-security-web-6.5.7.jar:6.5.7]
	at org.springframework.security.web.ObservationFilterChainDecorator$AroundFilterObservation$SimpleAroundFilterObservation.lambda$wrap$0(ObservationFilterChainDecorator.java:334) ~[spring-security-web-6.5.7.jar:6.5.7]
	at org.springframework.security.web.ObservationFilterChainDecorator$ObservationFilter.doFilter(ObservationFilterChainDecorator.java:225) ~[spring-security-web-6.5.7.jar:6.5.7]
	at org.springframework.security.web.ObservationFilterChainDecorator$VirtualFilterChain.doFilter(ObservationFilterChainDecorator.java:138) ~[spring-security-web-6.5.7.jar:6.5.7]
	at org.springframework.security.web.FilterChainProxy.doFilterInternal(FilterChainProxy.java:233) ~[spring-security-web-6.5.7.jar:6.5.7]
	at org.springframework.security.web.FilterChainProxy.doFilter(FilterChainProxy.java:191) ~[spring-security-web-6.5.7.jar:6.5.7]
	at org.springframework.web.filter.CompositeFilter$VirtualFilterChain.doFilter(CompositeFilter.java:113) ~[spring-web-6.2.15.jar:6.2.15]
	at org.springframework.web.filter.ServletRequestPathFilter.doFilter(ServletRequestPathFilter.java:52) ~[spring-web-6.2.15.jar:6.2.15]
	at org.springframework.web.filter.CompositeFilter$VirtualFilterChain.doFilter(CompositeFilter.java:113) ~[spring-web-6.2.15.jar:6.2.15]
	at org.springframework.web.filter.CompositeFilter.doFilter(CompositeFilter.java:74) ~[spring-web-6.2.15.jar:6.2.15]
	at org.springframework.security.config.annotation.web.configuration.WebSecurityConfiguration$CompositeFilterChainProxy.doFilter(WebSecurityConfiguration.java:319) ~[spring-security-config-6.5.7.jar:6.5.7]
	at org.springframework.web.filter.CompositeFilter$VirtualFilterChain.doFilter(CompositeFilter.java:113) ~[spring-web-6.2.15.jar:6.2.15]
	at org.springframework.web.servlet.handler.HandlerMappingIntrospector.lambda$createCacheFilter$4(HandlerMappingIntrospector.java:267) ~[spring-webmvc-6.2.15.jar:6.2.15]
	at org.springframework.web.filter.CompositeFilter$VirtualFilterChain.doFilter(CompositeFilter.java:113) ~[spring-web-6.2.15.jar:6.2.15]
	at org.springframework.web.filter.CompositeFilter.doFilter(CompositeFilter.java:74) ~[spring-web-6.2.15.jar:6.2.15]
	at org.springframework.security.config.annotation.web.configuration.WebMvcSecurityConfiguration$CompositeFilterChainProxy.doFilter(WebMvcSecurityConfiguration.java:240) ~[spring-security-config-6.5.7.jar:6.5.7]
	at org.springframework.web.filter.DelegatingFilterProxy.invokeDelegate(DelegatingFilterProxy.java:362) ~[spring-web-6.2.15.jar:6.2.15]
	at org.springframework.web.filter.DelegatingFilterProxy.doFilter(DelegatingFilterProxy.java:278) ~[spring-web-6.2.15.jar:6.2.15]
	at org.apache.catalina.core.ApplicationFilterChain.internalDoFilter(ApplicationFilterChain.java:162) ~[tomcat-embed-core-10.1.50.jar:10.1.50]
	at org.apache.catalina.core.ApplicationFilterChain.doFilter(ApplicationFilterChain.java:138) ~[tomcat-embed-core-10.1.50.jar:10.1.50]
	at org.springframework.web.filter.RequestContextFilter.doFilterInternal(RequestContextFilter.java:100) ~[spring-web-6.2.15.jar:6.2.15]
	at org.springframework.web.filter.OncePerRequestFilter.doFilter(OncePerRequestFilter.java:116) ~[spring-web-6.2.15.jar:6.2.15]
	at org.apache.catalina.core.ApplicationFilterChain.internalDoFilter(ApplicationFilterChain.java:162) ~[tomcat-embed-core-10.1.50.jar:10.1.50]
	at org.apache.catalina.core.ApplicationFilterChain.doFilter(ApplicationFilterChain.java:138) ~[tomcat-embed-core-10.1.50.jar:10.1.50]
	at org.springframework.web.filter.FormContentFilter.doFilterInternal(FormContentFilter.java:93) ~[spring-web-6.2.15.jar:6.2.15]
	at org.springframework.web.filter.OncePerRequestFilter.doFilter(OncePerRequestFilter.java:116) ~[spring-web-6.2.15.jar:6.2.15]
	at org.apache.catalina.core.ApplicationFilterChain.internalDoFilter(ApplicationFilterChain.java:162) ~[tomcat-embed-core-10.1.50.jar:10.1.50]
	at org.apache.catalina.core.ApplicationFilterChain.doFilter(ApplicationFilterChain.java:138) ~[tomcat-embed-core-10.1.50.jar:10.1.50]
	at org.springframework.web.filter.ServerHttpObservationFilter.doFilterInternal(ServerHttpObservationFilter.java:110) ~[spring-web-6.2.15.jar:6.2.15]
	at org.springframework.web.filter.OncePerRequestFilter.doFilter(OncePerRequestFilter.java:116) ~[spring-web-6.2.15.jar:6.2.15]
	at org.apache.catalina.core.ApplicationFilterChain.internalDoFilter(ApplicationFilterChain.java:162) ~[tomcat-embed-core-10.1.50.jar:10.1.50]
	at org.apache.catalina.core.ApplicationFilterChain.doFilter(ApplicationFilterChain.java:138) ~[tomcat-embed-core-10.1.50.jar:10.1.50]
	at org.springframework.web.filter.CharacterEncodingFilter.doFilterInternal(CharacterEncodingFilter.java:201) ~[spring-web-6.2.15.jar:6.2.15]
	at org.springframework.web.filter.OncePerRequestFilter.doFilter(OncePerRequestFilter.java:116) ~[spring-web-6.2.15.jar:6.2.15]
	at org.apache.catalina.core.ApplicationFilterChain.internalDoFilter(ApplicationFilterChain.java:162) ~[tomcat-embed-core-10.1.50.jar:10.1.50]
	at org.apache.catalina.core.ApplicationFilterChain.doFilter(ApplicationFilterChain.java:138) ~[tomcat-embed-core-10.1.50.jar:10.1.50]
	at org.apache.catalina.core.StandardWrapperValve.invoke(StandardWrapperValve.java:165) [tomcat-embed-core-10.1.50.jar:10.1.50]
	at org.apache.catalina.core.StandardContextValve.invoke(StandardContextValve.java:88) [tomcat-embed-core-10.1.50.jar:10.1.50]
	at org.apache.catalina.authenticator.AuthenticatorBase.invoke(AuthenticatorBase.java:482) [tomcat-embed-core-10.1.50.jar:10.1.50]
	at org.apache.catalina.core.StandardHostValve.invoke(StandardHostValve.java:113) [tomcat-embed-core-10.1.50.jar:10.1.50]
	at org.apache.catalina.valves.ErrorReportValve.invoke(ErrorReportValve.java:83) [tomcat-embed-core-10.1.50.jar:10.1.50]
	at org.apache.catalina.core.StandardEngineValve.invoke(StandardEngineValve.java:72) [tomcat-embed-core-10.1.50.jar:10.1.50]
	at org.apache.catalina.connector.CoyoteAdapter.service(CoyoteAdapter.java:342) [tomcat-embed-core-10.1.50.jar:10.1.50]
	at org.apache.coyote.http11.Http11Processor.service(Http11Processor.java:399) [tomcat-embed-core-10.1.50.jar:10.1.50]
	at org.apache.coyote.AbstractProcessorLight.process(AbstractProcessorLight.java:63) [tomcat-embed-core-10.1.50.jar:10.1.50]
	at org.apache.coyote.AbstractProtocol$ConnectionHandler.process(AbstractProtocol.java:903) [tomcat-embed-core-10.1.50.jar:10.1.50]
	at org.apache.tomcat.util.net.NioEndpoint$SocketProcessor.doRun(NioEndpoint.java:1774) [tomcat-embed-core-10.1.50.jar:10.1.50]
	at org.apache.tomcat.util.net.SocketProcessorBase.run(SocketProcessorBase.java:52) [tomcat-embed-core-10.1.50.jar:10.1.50]
	at org.apache.tomcat.util.threads.ThreadPoolExecutor.runWorker(ThreadPoolExecutor.java:973) [tomcat-embed-core-10.1.50.jar:10.1.50]
	at org.apache.tomcat.util.threads.ThreadPoolExecutor$Worker.run(ThreadPoolExecutor.java:491) [tomcat-embed-core-10.1.50.jar:10.1.50]
	at org.apache.tomcat.util.threads.TaskThread$WrappingRunnable.run(TaskThread.java:63) [tomcat-embed-core-10.1.50.jar:10.1.50]
	at java.base/java.lang.Thread.run(Thread.java:842) [?:?]
2026-02-25 10:40:15.146 [http-nio-80-exec-6] DEBUG o.s.s.w.FilterChainProxy - Securing GET /error
2026-02-25 10:40:15.148 [http-nio-80-exec-6] DEBUG o.s.s.w.a.Http403ForbiddenEntryPoint - Pre-authenticated entry point called. Rejecting access
2026-02-25 10:43:18.278 [SpringApplicationShutdownHook] INFO  o.s.w.SimpLogging - Stopping...
2026-02-25 10:43:18.278 [SpringApplicationShutdownHook] INFO  o.s.w.SimpLogging - BrokerAvailabilityEvent[available=false, SimpleBrokerMessageHandler [org.springframework.messaging.simp.broker.DefaultSubscriptionRegistry@62818ab0]]
2026-02-25 10:43:18.278 [SpringApplicationShutdownHook] INFO  o.s.w.SimpLogging - Stopped.
2026-02-25 10:43:18.294 [SpringApplicationShutdownHook] INFO  c.z.h.HikariDataSource - HikariPool-1 - Shutdown initiated...
2026-02-25 10:43:18.300 [SpringApplicationShutdownHook] INFO  c.z.h.HikariDataSource - HikariPool-1 - Shutdown completed.
2026-02-25 10:43:26.097 [main] INFO  o.s.s.c.a.a.c.InitializeUserDetailsBeanManagerConfigurer$InitializeUserDetailsManagerConfigurer - Global AuthenticationManager configured with UserDetailsService bean with name dbUserDetailsService
2026-02-25 10:43:26.141 [main] WARN  o.s.s.c.a.w.c.AuthorizeHttpRequestsConfigurer$AuthorizationManagerRequestMatcherRegistry - One of the patterns in [/public/**, /api/public/**, /kaptcha.jpg, /register, /test/**, /actuator/**, /login, /, /index, ] is missing a leading slash. This is discouraged; please include the leading slash in all your request matcher patterns. In future versions of Spring Security, leaving out the leading slash will result in an exception.
2026-02-25 10:43:26.155 [main] WARN  o.s.b.w.s.c.AnnotationConfigServletWebServerApplicationContext - Exception encountered during context initialization - cancelling refresh attempt: org.springframework.beans.factory.UnsatisfiedDependencyException: Error creating bean with name 'org.springframework.security.config.annotation.web.configuration.WebSecurityConfiguration': Unsatisfied dependency expressed through method 'setFilterChains' parameter 0: Error creating bean with name 'filterChain' defined in class path resource [com/huang/config/SecurityConfig.class]: Failed to instantiate [org.springframework.security.web.SecurityFilterChain]: Factory method 'filterChain' threw exception with message: Pattern cannot be null or empty
2026-02-25 10:43:26.208 [main] ERROR o.s.b.SpringApplication - Application run failed
org.springframework.beans.factory.UnsatisfiedDependencyException: Error creating bean with name 'org.springframework.security.config.annotation.web.configuration.WebSecurityConfiguration': Unsatisfied dependency expressed through method 'setFilterChains' parameter 0: Error creating bean with name 'filterChain' defined in class path resource [com/huang/config/SecurityConfig.class]: Failed to instantiate [org.springframework.security.web.SecurityFilterChain]: Factory method 'filterChain' threw exception with message: Pattern cannot be null or empty
	at org.springframework.beans.factory.annotation.AutowiredAnnotationBeanPostProcessor$AutowiredMethodElement.resolveMethodArguments(AutowiredAnnotationBeanPostProcessor.java:895) ~[spring-beans-6.2.15.jar:6.2.15]
	at org.springframework.beans.factory.annotation.AutowiredAnnotationBeanPostProcessor$AutowiredMethodElement.inject(AutowiredAnnotationBeanPostProcessor.java:848) ~[spring-beans-6.2.15.jar:6.2.15]
	at org.springframework.beans.factory.annotation.InjectionMetadata.inject(InjectionMetadata.java:146) ~[spring-beans-6.2.15.jar:6.2.15]
	at org.springframework.beans.factory.annotation.AutowiredAnnotationBeanPostProcessor.postProcessProperties(AutowiredAnnotationBeanPostProcessor.java:509) ~[spring-beans-6.2.15.jar:6.2.15]
	at org.springframework.beans.factory.support.AbstractAutowireCapableBeanFactory.populateBean(AbstractAutowireCapableBeanFactory.java:1459) ~[spring-beans-6.2.15.jar:6.2.15]
	at org.springframework.beans.factory.support.AbstractAutowireCapableBeanFactory.doCreateBean(AbstractAutowireCapableBeanFactory.java:606) ~[spring-beans-6.2.15.jar:6.2.15]
	at org.springframework.beans.factory.support.AbstractAutowireCapableBeanFactory.createBean(AbstractAutowireCapableBeanFactory.java:529) ~[spring-beans-6.2.15.jar:6.2.15]
	at org.springframework.beans.factory.support.AbstractBeanFactory.lambda$doGetBean$0(AbstractBeanFactory.java:339) ~[spring-beans-6.2.15.jar:6.2.15]
	at org.springframework.beans.factory.support.DefaultSingletonBeanRegistry.getSingleton(DefaultSingletonBeanRegistry.java:373) ~[spring-beans-6.2.15.jar:6.2.15]
	at org.springframework.beans.factory.support.AbstractBeanFactory.doGetBean(AbstractBeanFactory.java:337) ~[spring-beans-6.2.15.jar:6.2.15]
	at org.springframework.beans.factory.support.AbstractBeanFactory.getBean(AbstractBeanFactory.java:202) ~[spring-beans-6.2.15.jar:6.2.15]
	at org.springframework.beans.factory.support.DefaultListableBeanFactory.instantiateSingleton(DefaultListableBeanFactory.java:1228) ~[spring-beans-6.2.15.jar:6.2.15]
	at org.springframework.beans.factory.support.DefaultListableBeanFactory.preInstantiateSingleton(DefaultListableBeanFactory.java:1194) ~[spring-beans-6.2.15.jar:6.2.15]
	at org.springframework.beans.factory.support.DefaultListableBeanFactory.preInstantiateSingletons(DefaultListableBeanFactory.java:1130) ~[spring-beans-6.2.15.jar:6.2.15]
	at org.springframework.context.support.AbstractApplicationContext.finishBeanFactoryInitialization(AbstractApplicationContext.java:990) ~[spring-context-6.2.15.jar:6.2.15]
	at org.springframework.context.support.AbstractApplicationContext.refresh(AbstractApplicationContext.java:627) ~[spring-context-6.2.15.jar:6.2.15]
	at org.springframework.boot.web.servlet.context.ServletWebServerApplicationContext.refresh(ServletWebServerApplicationContext.java:146) ~[spring-boot-3.5.9.jar:3.5.9]
	at org.springframework.boot.SpringApplication.refresh(SpringApplication.java:752) [spring-boot-3.5.9.jar:3.5.9]
	at org.springframework.boot.SpringApplication.refreshContext(SpringApplication.java:439) [spring-boot-3.5.9.jar:3.5.9]
	at org.springframework.boot.SpringApplication.run(SpringApplication.java:318) [spring-boot-3.5.9.jar:3.5.9]
	at org.springframework.boot.SpringApplication.run(SpringApplication.java:1361) [spring-boot-3.5.9.jar:3.5.9]
	at org.springframework.boot.SpringApplication.run(SpringApplication.java:1350) [spring-boot-3.5.9.jar:3.5.9]
	at com.huang.EblogApplication.main(EblogApplication.java:12) [classes/:?]
Caused by: org.springframework.beans.factory.BeanCreationException: Error creating bean with name 'filterChain' defined in class path resource [com/huang/config/SecurityConfig.class]: Failed to instantiate [org.springframework.security.web.SecurityFilterChain]: Factory method 'filterChain' threw exception with message: Pattern cannot be null or empty
	at org.springframework.beans.factory.support.ConstructorResolver.instantiate(ConstructorResolver.java:657) ~[spring-beans-6.2.15.jar:6.2.15]
	at org.springframework.beans.factory.support.ConstructorResolver.instantiateUsingFactoryMethod(ConstructorResolver.java:645) ~[spring-beans-6.2.15.jar:6.2.15]
	at org.springframework.beans.factory.support.AbstractAutowireCapableBeanFactory.instantiateUsingFactoryMethod(AbstractAutowireCapableBeanFactory.java:1375) ~[spring-beans-6.2.15.jar:6.2.15]
	at org.springframework.beans.factory.support.AbstractAutowireCapableBeanFactory.createBeanInstance(AbstractAutowireCapableBeanFactory.java:1205) ~[spring-beans-6.2.15.jar:6.2.15]
	at org.springframework.beans.factory.support.AbstractAutowireCapableBeanFactory.doCreateBean(AbstractAutowireCapableBeanFactory.java:569) ~[spring-beans-6.2.15.jar:6.2.15]
	at org.springframework.beans.factory.support.AbstractAutowireCapableBeanFactory.createBean(AbstractAutowireCapableBeanFactory.java:529) ~[spring-beans-6.2.15.jar:6.2.15]
	at org.springframework.beans.factory.support.AbstractBeanFactory.lambda$doGetBean$0(AbstractBeanFactory.java:339) ~[spring-beans-6.2.15.jar:6.2.15]
	at org.springframework.beans.factory.support.DefaultSingletonBeanRegistry.getSingleton(DefaultSingletonBeanRegistry.java:373) ~[spring-beans-6.2.15.jar:6.2.15]
	at org.springframework.beans.factory.support.AbstractBeanFactory.doGetBean(AbstractBeanFactory.java:337) ~[spring-beans-6.2.15.jar:6.2.15]
	at org.springframework.beans.factory.support.AbstractBeanFactory.getBean(AbstractBeanFactory.java:202) ~[spring-beans-6.2.15.jar:6.2.15]
	at org.springframework.beans.factory.config.DependencyDescriptor.resolveCandidate(DependencyDescriptor.java:254) ~[spring-beans-6.2.15.jar:6.2.15]
	at org.springframework.beans.factory.support.DefaultListableBeanFactory.addCandidateEntry(DefaultListableBeanFactory.java:2022) ~[spring-beans-6.2.15.jar:6.2.15]
	at org.springframework.beans.factory.support.DefaultListableBeanFactory.findAutowireCandidates(DefaultListableBeanFactory.java:1985) ~[spring-beans-6.2.15.jar:6.2.15]
	at org.springframework.beans.factory.support.DefaultListableBeanFactory.resolveMultipleBeanCollection(DefaultListableBeanFactory.java:1875) ~[spring-beans-6.2.15.jar:6.2.15]
	at org.springframework.beans.factory.support.DefaultListableBeanFactory.resolveMultipleBeans(DefaultListableBeanFactory.java:1843) ~[spring-beans-6.2.15.jar:6.2.15]
	at org.springframework.beans.factory.support.DefaultListableBeanFactory.doResolveDependency(DefaultListableBeanFactory.java:1719) ~[spring-beans-6.2.15.jar:6.2.15]
	at org.springframework.beans.factory.support.DefaultListableBeanFactory.resolveDependency(DefaultListableBeanFactory.java:1653) ~[spring-beans-6.2.15.jar:6.2.15]
	at org.springframework.beans.factory.annotation.AutowiredAnnotationBeanPostProcessor$AutowiredMethodElement.resolveMethodArguments(AutowiredAnnotationBeanPostProcessor.java:887) ~[spring-beans-6.2.15.jar:6.2.15]
	... 22 more
Caused by: org.springframework.beans.BeanInstantiationException: Failed to instantiate [org.springframework.security.web.SecurityFilterChain]: Factory method 'filterChain' threw exception with message: Pattern cannot be null or empty
	at org.springframework.beans.factory.support.SimpleInstantiationStrategy.lambda$instantiate$0(SimpleInstantiationStrategy.java:200) ~[spring-beans-6.2.15.jar:6.2.15]
	at org.springframework.beans.factory.support.SimpleInstantiationStrategy.instantiateWithFactoryMethod(SimpleInstantiationStrategy.java:89) ~[spring-beans-6.2.15.jar:6.2.15]
	at org.springframework.beans.factory.support.SimpleInstantiationStrategy.instantiate(SimpleInstantiationStrategy.java:169) ~[spring-beans-6.2.15.jar:6.2.15]
	at org.springframework.beans.factory.support.ConstructorResolver.instantiate(ConstructorResolver.java:653) ~[spring-beans-6.2.15.jar:6.2.15]
	at org.springframework.beans.factory.support.ConstructorResolver.instantiateUsingFactoryMethod(ConstructorResolver.java:645) ~[spring-beans-6.2.15.jar:6.2.15]
	at org.springframework.beans.factory.support.AbstractAutowireCapableBeanFactory.instantiateUsingFactoryMethod(AbstractAutowireCapableBeanFactory.java:1375) ~[spring-beans-6.2.15.jar:6.2.15]
	at org.springframework.beans.factory.support.AbstractAutowireCapableBeanFactory.createBeanInstance(AbstractAutowireCapableBeanFactory.java:1205) ~[spring-beans-6.2.15.jar:6.2.15]
	at org.springframework.beans.factory.support.AbstractAutowireCapableBeanFactory.doCreateBean(AbstractAutowireCapableBeanFactory.java:569) ~[spring-beans-6.2.15.jar:6.2.15]
	at org.springframework.beans.factory.support.AbstractAutowireCapableBeanFactory.createBean(AbstractAutowireCapableBeanFactory.java:529) ~[spring-beans-6.2.15.jar:6.2.15]
	at org.springframework.beans.factory.support.AbstractBeanFactory.lambda$doGetBean$0(AbstractBeanFactory.java:339) ~[spring-beans-6.2.15.jar:6.2.15]
	at org.springframework.beans.factory.support.DefaultSingletonBeanRegistry.getSingleton(DefaultSingletonBeanRegistry.java:373) ~[spring-beans-6.2.15.jar:6.2.15]
	at org.springframework.beans.factory.support.AbstractBeanFactory.doGetBean(AbstractBeanFactory.java:337) ~[spring-beans-6.2.15.jar:6.2.15]
	at org.springframework.beans.factory.support.AbstractBeanFactory.getBean(AbstractBeanFactory.java:202) ~[spring-beans-6.2.15.jar:6.2.15]
	at org.springframework.beans.factory.config.DependencyDescriptor.resolveCandidate(DependencyDescriptor.java:254) ~[spring-beans-6.2.15.jar:6.2.15]
	at org.springframework.beans.factory.support.DefaultListableBeanFactory.addCandidateEntry(DefaultListableBeanFactory.java:2022) ~[spring-beans-6.2.15.jar:6.2.15]
	at org.springframework.beans.factory.support.DefaultListableBeanFactory.findAutowireCandidates(DefaultListableBeanFactory.java:1985) ~[spring-beans-6.2.15.jar:6.2.15]
	at org.springframework.beans.factory.support.DefaultListableBeanFactory.resolveMultipleBeanCollection(DefaultListableBeanFactory.java:1875) ~[spring-beans-6.2.15.jar:6.2.15]
	at org.springframework.beans.factory.support.DefaultListableBeanFactory.resolveMultipleBeans(DefaultListableBeanFactory.java:1843) ~[spring-beans-6.2.15.jar:6.2.15]
	at org.springframework.beans.factory.support.DefaultListableBeanFactory.doResolveDependency(DefaultListableBeanFactory.java:1719) ~[spring-beans-6.2.15.jar:6.2.15]
	at org.springframework.beans.factory.support.DefaultListableBeanFactory.resolveDependency(DefaultListableBeanFactory.java:1653) ~[spring-beans-6.2.15.jar:6.2.15]
	at org.springframework.beans.factory.annotation.AutowiredAnnotationBeanPostProcessor$AutowiredMethodElement.resolveMethodArguments(AutowiredAnnotationBeanPostProcessor.java:887) ~[spring-beans-6.2.15.jar:6.2.15]
	... 22 more
Caused by: java.lang.IllegalArgumentException: Pattern cannot be null or empty
	at org.springframework.util.Assert.hasText(Assert.java:253) ~[spring-core-6.2.15.jar:6.2.15]
	at org.springframework.security.web.util.matcher.AntPathRequestMatcher.<init>(AntPathRequestMatcher.java:155) ~[spring-security-web-6.5.7.jar:6.5.7]
	at org.springframework.security.web.util.matcher.AntPathRequestMatcher.<init>(AntPathRequestMatcher.java:140) ~[spring-security-web-6.5.7.jar:6.5.7]
	at org.springframework.security.web.util.matcher.AntPathRequestMatcher.<init>(AntPathRequestMatcher.java:128) ~[spring-security-web-6.5.7.jar:6.5.7]
	at org.springframework.security.config.annotation.web.AbstractRequestMatcherRegistry.requestMatchers(AbstractRequestMatcherRegistry.java:225) ~[spring-security-config-6.5.7.jar:6.5.7]
	at org.springframework.security.config.annotation.web.AbstractRequestMatcherRegistry.requestMatchers(AbstractRequestMatcherRegistry.java:304) ~[spring-security-config-6.5.7.jar:6.5.7]
	at com.huang.config.SecurityConfig.lambda$filterChain$1(SecurityConfig.java:54) ~[classes/:?]
	at org.springframework.security.config.annotation.web.builders.HttpSecurity.authorizeHttpRequests(HttpSecurity.java:1491) ~[spring-security-config-6.5.7.jar:6.5.7]
	at com.huang.config.SecurityConfig.filterChain(SecurityConfig.java:52) ~[classes/:?]
	at com.huang.config.SecurityConfig$$SpringCGLIB$$0.CGLIB$filterChain$3(<generated>) ~[classes/:?]
	at com.huang.config.SecurityConfig$$SpringCGLIB$$FastClass$$1.invoke(<generated>) ~[classes/:?]
	at org.springframework.cglib.proxy.MethodProxy.invokeSuper(MethodProxy.java:258) ~[spring-core-6.2.15.jar:6.2.15]
	at org.springframework.context.annotation.ConfigurationClassEnhancer$BeanMethodInterceptor.intercept(ConfigurationClassEnhancer.java:400) ~[spring-context-6.2.15.jar:6.2.15]
	at com.huang.config.SecurityConfig$$SpringCGLIB$$0.filterChain(<generated>) ~[classes/:?]
	at java.base/jdk.internal.reflect.NativeMethodAccessorImpl.invoke0(Native Method) ~[?:?]
	at java.base/jdk.internal.reflect.NativeMethodAccessorImpl.invoke(NativeMethodAccessorImpl.java:77) ~[?:?]
	at java.base/jdk.internal.reflect.DelegatingMethodAccessorImpl.invoke(DelegatingMethodAccessorImpl.java:43) ~[?:?]
	at java.base/java.lang.reflect.Method.invoke(Method.java:568) ~[?:?]
	at org.springframework.beans.factory.support.SimpleInstantiationStrategy.lambda$instantiate$0(SimpleInstantiationStrategy.java:172) ~[spring-beans-6.2.15.jar:6.2.15]
	at org.springframework.beans.factory.support.SimpleInstantiationStrategy.instantiateWithFactoryMethod(SimpleInstantiationStrategy.java:89) ~[spring-beans-6.2.15.jar:6.2.15]
	at org.springframework.beans.factory.support.SimpleInstantiationStrategy.instantiate(SimpleInstantiationStrategy.java:169) ~[spring-beans-6.2.15.jar:6.2.15]
	at org.springframework.beans.factory.support.ConstructorResolver.instantiate(ConstructorResolver.java:653) ~[spring-beans-6.2.15.jar:6.2.15]
	at org.springframework.beans.factory.support.ConstructorResolver.instantiateUsingFactoryMethod(ConstructorResolver.java:645) ~[spring-beans-6.2.15.jar:6.2.15]
	at org.springframework.beans.factory.support.AbstractAutowireCapableBeanFactory.instantiateUsingFactoryMethod(AbstractAutowireCapableBeanFactory.java:1375) ~[spring-beans-6.2.15.jar:6.2.15]
	at org.springframework.beans.factory.support.AbstractAutowireCapableBeanFactory.createBeanInstance(AbstractAutowireCapableBeanFactory.java:1205) ~[spring-beans-6.2.15.jar:6.2.15]
	at org.springframework.beans.factory.support.AbstractAutowireCapableBeanFactory.doCreateBean(AbstractAutowireCapableBeanFactory.java:569) ~[spring-beans-6.2.15.jar:6.2.15]
	at org.springframework.beans.factory.support.AbstractAutowireCapableBeanFactory.createBean(AbstractAutowireCapableBeanFactory.java:529) ~[spring-beans-6.2.15.jar:6.2.15]
	at org.springframework.beans.factory.support.AbstractBeanFactory.lambda$doGetBean$0(AbstractBeanFactory.java:339) ~[spring-beans-6.2.15.jar:6.2.15]
	at org.springframework.beans.factory.support.DefaultSingletonBeanRegistry.getSingleton(DefaultSingletonBeanRegistry.java:373) ~[spring-beans-6.2.15.jar:6.2.15]
	at org.springframework.beans.factory.support.AbstractBeanFactory.doGetBean(AbstractBeanFactory.java:337) ~[spring-beans-6.2.15.jar:6.2.15]
	at org.springframework.beans.factory.support.AbstractBeanFactory.getBean(AbstractBeanFactory.java:202) ~[spring-beans-6.2.15.jar:6.2.15]
	at org.springframework.beans.factory.config.DependencyDescriptor.resolveCandidate(DependencyDescriptor.java:254) ~[spring-beans-6.2.15.jar:6.2.15]
	at org.springframework.beans.factory.support.DefaultListableBeanFactory.addCandidateEntry(DefaultListableBeanFactory.java:2022) ~[spring-beans-6.2.15.jar:6.2.15]
	at org.springframework.beans.factory.support.DefaultListableBeanFactory.findAutowireCandidates(DefaultListableBeanFactory.java:1985) ~[spring-beans-6.2.15.jar:6.2.15]
	at org.springframework.beans.factory.support.DefaultListableBeanFactory.resolveMultipleBeanCollection(DefaultListableBeanFactory.java:1875) ~[spring-beans-6.2.15.jar:6.2.15]
	at org.springframework.beans.factory.support.DefaultListableBeanFactory.resolveMultipleBeans(DefaultListableBeanFactory.java:1843) ~[spring-beans-6.2.15.jar:6.2.15]
	at org.springframework.beans.factory.support.DefaultListableBeanFactory.doResolveDependency(DefaultListableBeanFactory.java:1719) ~[spring-beans-6.2.15.jar:6.2.15]
	at org.springframework.beans.factory.support.DefaultListableBeanFactory.resolveDependency(DefaultListableBeanFactory.java:1653) ~[spring-beans-6.2.15.jar:6.2.15]
	at org.springframework.beans.factory.annotation.AutowiredAnnotationBeanPostProcessor$AutowiredMethodElement.resolveMethodArguments(AutowiredAnnotationBeanPostProcessor.java:887) ~[spring-beans-6.2.15.jar:6.2.15]
	... 22 more
2026-02-25 10:43:53.516 [main] INFO  o.s.s.c.a.a.c.InitializeUserDetailsBeanManagerConfigurer$InitializeUserDetailsManagerConfigurer - Global AuthenticationManager configured with UserDetailsService bean with name dbUserDetailsService
2026-02-25 10:43:53.611 [main] DEBUG o.s.s.w.DefaultSecurityFilterChain - Will secure any request with filters: DisableEncodeUrlFilter, WebAsyncManagerIntegrationFilter, SecurityContextHolderFilter, HeaderWriterFilter, LogoutFilter, JwtAuthenticationFilter, CustomAuthenticationFilter, RequestCacheAwareFilter, SecurityContextHolderAwareRequestFilter, SessionManagementFilter, ExceptionTranslationFilter, AuthorizationFilter
2026-02-25 10:43:54.025 [main] INFO  o.s.w.SimpLogging - Starting...
2026-02-25 10:43:54.025 [main] INFO  o.s.w.SimpLogging - BrokerAvailabilityEvent[available=true, SimpleBrokerMessageHandler [org.springframework.messaging.simp.broker.DefaultSubscriptionRegistry@39f5eba4]]
2026-02-25 10:43:54.027 [main] INFO  o.s.w.SimpLogging - Started.
2026-02-25 10:43:54.140 [main] INFO  c.z.h.HikariDataSource - HikariPool-1 - Starting...
2026-02-25 10:43:54.244 [main] INFO  c.z.h.p.HikariPool - HikariPool-1 - Added connection com.mysql.cj.jdbc.ConnectionImpl@406cc81b
2026-02-25 10:43:54.254 [main] INFO  c.z.h.HikariDataSource - HikariPool-1 - Start completed.
2026-02-25 10:43:54.989 [RMI TCP Connection(6)-192.168.198.23] INFO  o.s.w.s.DispatcherServlet - Initializing Servlet 'dispatcherServlet'
2026-02-25 10:43:54.992 [RMI TCP Connection(6)-192.168.198.23] INFO  o.s.w.s.DispatcherServlet - Completed initialization in 2 ms
2026-02-25 10:44:44.948 [http-nio-80-exec-2] DEBUG o.s.s.w.FilterChainProxy - Securing GET /index
2026-02-25 10:44:44.962 [http-nio-80-exec-2] DEBUG o.s.s.w.FilterChainProxy - Secured GET /index
2026-02-25 10:44:45.067 [http-nio-80-exec-2] ERROR o.a.c.c.C.[.[.[.[dispatcherServlet] - Servlet.service() for servlet [dispatcherServlet] in context with path [] threw exception [Circular view path [index]: would dispatch back to the current handler URL [/index] again. Check your ViewResolver setup! (Hint: This may be the result of an unspecified view, due to default view name generation.)] with root cause
jakarta.servlet.ServletException: Circular view path [index]: would dispatch back to the current handler URL [/index] again. Check your ViewResolver setup! (Hint: This may be the result of an unspecified view, due to default view name generation.)
	at org.springframework.web.servlet.view.InternalResourceView.prepareForRendering(InternalResourceView.java:210) ~[spring-webmvc-6.2.15.jar:6.2.15]
	at org.springframework.web.servlet.view.InternalResourceView.renderMergedOutputModel(InternalResourceView.java:148) ~[spring-webmvc-6.2.15.jar:6.2.15]
	at org.springframework.web.servlet.view.AbstractView.render(AbstractView.java:314) ~[spring-webmvc-6.2.15.jar:6.2.15]
	at org.springframework.web.servlet.DispatcherServlet.render(DispatcherServlet.java:1438) ~[spring-webmvc-6.2.15.jar:6.2.15]
	at org.springframework.web.servlet.DispatcherServlet.processDispatchResult(DispatcherServlet.java:1168) ~[spring-webmvc-6.2.15.jar:6.2.15]
	at org.springframework.web.servlet.DispatcherServlet.doDispatch(DispatcherServlet.java:1106) ~[spring-webmvc-6.2.15.jar:6.2.15]
	at org.springframework.web.servlet.DispatcherServlet.doService(DispatcherServlet.java:979) ~[spring-webmvc-6.2.15.jar:6.2.15]
	at org.springframework.web.servlet.FrameworkServlet.processRequest(FrameworkServlet.java:1014) ~[spring-webmvc-6.2.15.jar:6.2.15]
	at org.springframework.web.servlet.FrameworkServlet.doGet(FrameworkServlet.java:903) ~[spring-webmvc-6.2.15.jar:6.2.15]
	at jakarta.servlet.http.HttpServlet.service(HttpServlet.java:564) ~[tomcat-embed-core-10.1.50.jar:6.0]
	at org.springframework.web.servlet.FrameworkServlet.service(FrameworkServlet.java:885) ~[spring-webmvc-6.2.15.jar:6.2.15]
	at jakarta.servlet.http.HttpServlet.service(HttpServlet.java:658) ~[tomcat-embed-core-10.1.50.jar:6.0]
	at org.apache.catalina.core.ApplicationFilterChain.internalDoFilter(ApplicationFilterChain.java:193) ~[tomcat-embed-core-10.1.50.jar:10.1.50]
	at org.apache.catalina.core.ApplicationFilterChain.doFilter(ApplicationFilterChain.java:138) ~[tomcat-embed-core-10.1.50.jar:10.1.50]
	at org.apache.tomcat.websocket.server.WsFilter.doFilter(WsFilter.java:51) ~[tomcat-embed-websocket-10.1.50.jar:10.1.50]
	at org.apache.catalina.core.ApplicationFilterChain.internalDoFilter(ApplicationFilterChain.java:162) ~[tomcat-embed-core-10.1.50.jar:10.1.50]
	at org.apache.catalina.core.ApplicationFilterChain.doFilter(ApplicationFilterChain.java:138) ~[tomcat-embed-core-10.1.50.jar:10.1.50]
	at org.springframework.web.filter.OncePerRequestFilter.doFilter(OncePerRequestFilter.java:110) ~[spring-web-6.2.15.jar:6.2.15]
	at org.apache.catalina.core.ApplicationFilterChain.internalDoFilter(ApplicationFilterChain.java:162) ~[tomcat-embed-core-10.1.50.jar:10.1.50]
	at org.apache.catalina.core.ApplicationFilterChain.doFilter(ApplicationFilterChain.java:138) ~[tomcat-embed-core-10.1.50.jar:10.1.50]
	at com.huang.common.filter.RepeatableReadRequestFilter.doFilterInternal(RepeatableReadRequestFilter.java:30) ~[classes/:?]
	at org.springframework.web.filter.OncePerRequestFilter.doFilter(OncePerRequestFilter.java:116) ~[spring-web-6.2.15.jar:6.2.15]
	at org.apache.catalina.core.ApplicationFilterChain.internalDoFilter(ApplicationFilterChain.java:162) ~[tomcat-embed-core-10.1.50.jar:10.1.50]
	at org.apache.catalina.core.ApplicationFilterChain.doFilter(ApplicationFilterChain.java:138) ~[tomcat-embed-core-10.1.50.jar:10.1.50]
	at com.huang.common.filter.GlobalLogParamFilter.doFilterInternal(GlobalLogParamFilter.java:23) ~[classes/:?]
	at org.springframework.web.filter.OncePerRequestFilter.doFilter(OncePerRequestFilter.java:116) ~[spring-web-6.2.15.jar:6.2.15]
	at org.apache.catalina.core.ApplicationFilterChain.internalDoFilter(ApplicationFilterChain.java:162) ~[tomcat-embed-core-10.1.50.jar:10.1.50]
	at org.apache.catalina.core.ApplicationFilterChain.doFilter(ApplicationFilterChain.java:138) ~[tomcat-embed-core-10.1.50.jar:10.1.50]
	at org.springframework.web.filter.CompositeFilter$VirtualFilterChain.doFilter(CompositeFilter.java:108) ~[spring-web-6.2.15.jar:6.2.15]
	at org.springframework.web.filter.CompositeFilter$VirtualFilterChain.doFilter(CompositeFilter.java:108) ~[spring-web-6.2.15.jar:6.2.15]
	at org.springframework.security.web.FilterChainProxy.lambda$doFilterInternal$3(FilterChainProxy.java:231) ~[spring-security-web-6.5.7.jar:6.5.7]
	at org.springframework.security.web.ObservationFilterChainDecorator$FilterObservation$SimpleFilterObservation.lambda$wrap$1(ObservationFilterChainDecorator.java:490) ~[spring-security-web-6.5.7.jar:6.5.7]
	at org.springframework.security.web.ObservationFilterChainDecorator$AroundFilterObservation$SimpleAroundFilterObservation.lambda$wrap$1(ObservationFilterChainDecorator.java:351) ~[spring-security-web-6.5.7.jar:6.5.7]
	at org.springframework.security.web.ObservationFilterChainDecorator.lambda$wrapSecured$0(ObservationFilterChainDecorator.java:83) ~[spring-security-web-6.5.7.jar:6.5.7]
	at org.springframework.security.web.ObservationFilterChainDecorator$VirtualFilterChain.doFilter(ObservationFilterChainDecorator.java:129) ~[spring-security-web-6.5.7.jar:6.5.7]
	at org.springframework.security.web.access.intercept.AuthorizationFilter.doFilter(AuthorizationFilter.java:101) ~[spring-security-web-6.5.7.jar:6.5.7]
	at org.springframework.security.web.ObservationFilterChainDecorator$ObservationFilter.wrapFilter(ObservationFilterChainDecorator.java:241) ~[spring-security-web-6.5.7.jar:6.5.7]
	at org.springframework.security.web.ObservationFilterChainDecorator$ObservationFilter.doFilter(ObservationFilterChainDecorator.java:228) ~[spring-security-web-6.5.7.jar:6.5.7]
	at org.springframework.security.web.ObservationFilterChainDecorator$VirtualFilterChain.doFilter(ObservationFilterChainDecorator.java:138) ~[spring-security-web-6.5.7.jar:6.5.7]
	at org.springframework.security.web.access.ExceptionTranslationFilter.doFilter(ExceptionTranslationFilter.java:125) ~[spring-security-web-6.5.7.jar:6.5.7]
	at org.springframework.security.web.access.ExceptionTranslationFilter.doFilter(ExceptionTranslationFilter.java:119) ~[spring-security-web-6.5.7.jar:6.5.7]
	at org.springframework.security.web.ObservationFilterChainDecorator$ObservationFilter.wrapFilter(ObservationFilterChainDecorator.java:241) ~[spring-security-web-6.5.7.jar:6.5.7]
	at org.springframework.security.web.ObservationFilterChainDecorator$ObservationFilter.doFilter(ObservationFilterChainDecorator.java:228) ~[spring-security-web-6.5.7.jar:6.5.7]
	at org.springframework.security.web.ObservationFilterChainDecorator$VirtualFilterChain.doFilter(ObservationFilterChainDecorator.java:138) ~[spring-security-web-6.5.7.jar:6.5.7]
	at org.springframework.security.web.session.SessionManagementFilter.doFilter(SessionManagementFilter.java:131) ~[spring-security-web-6.5.7.jar:6.5.7]
	at org.springframework.security.web.session.SessionManagementFilter.doFilter(SessionManagementFilter.java:85) ~[spring-security-web-6.5.7.jar:6.5.7]
	at org.springframework.security.web.ObservationFilterChainDecorator$ObservationFilter.wrapFilter(ObservationFilterChainDecorator.java:241) ~[spring-security-web-6.5.7.jar:6.5.7]
	at org.springframework.security.web.ObservationFilterChainDecorator$ObservationFilter.doFilter(ObservationFilterChainDecorator.java:228) ~[spring-security-web-6.5.7.jar:6.5.7]
	at org.springframework.security.web.ObservationFilterChainDecorator$VirtualFilterChain.doFilter(ObservationFilterChainDecorator.java:138) ~[spring-security-web-6.5.7.jar:6.5.7]
	at org.springframework.security.web.servletapi.SecurityContextHolderAwareRequestFilter.doFilter(SecurityContextHolderAwareRequestFilter.java:179) ~[spring-security-web-6.5.7.jar:6.5.7]
	at org.springframework.security.web.ObservationFilterChainDecorator$ObservationFilter.wrapFilter(ObservationFilterChainDecorator.java:241) ~[spring-security-web-6.5.7.jar:6.5.7]
	at org.springframework.security.web.ObservationFilterChainDecorator$ObservationFilter.doFilter(ObservationFilterChainDecorator.java:228) ~[spring-security-web-6.5.7.jar:6.5.7]
	at org.springframework.security.web.ObservationFilterChainDecorator$VirtualFilterChain.doFilter(ObservationFilterChainDecorator.java:138) ~[spring-security-web-6.5.7.jar:6.5.7]
	at org.springframework.security.web.savedrequest.RequestCacheAwareFilter.doFilter(RequestCacheAwareFilter.java:63) ~[spring-security-web-6.5.7.jar:6.5.7]
	at org.springframework.security.web.ObservationFilterChainDecorator$ObservationFilter.wrapFilter(ObservationFilterChainDecorator.java:241) ~[spring-security-web-6.5.7.jar:6.5.7]
	at org.springframework.security.web.ObservationFilterChainDecorator$ObservationFilter.doFilter(ObservationFilterChainDecorator.java:228) ~[spring-security-web-6.5.7.jar:6.5.7]
	at org.springframework.security.web.ObservationFilterChainDecorator$VirtualFilterChain.doFilter(ObservationFilterChainDecorator.java:138) ~[spring-security-web-6.5.7.jar:6.5.7]
	at org.springframework.security.web.authentication.AbstractAuthenticationProcessingFilter.doFilter(AbstractAuthenticationProcessingFilter.java:235) ~[spring-security-web-6.5.7.jar:6.5.7]
	at org.springframework.security.web.authentication.AbstractAuthenticationProcessingFilter.doFilter(AbstractAuthenticationProcessingFilter.java:229) ~[spring-security-web-6.5.7.jar:6.5.7]
	at org.springframework.security.web.ObservationFilterChainDecorator$ObservationFilter.wrapFilter(ObservationFilterChainDecorator.java:241) ~[spring-security-web-6.5.7.jar:6.5.7]
	at org.springframework.security.web.ObservationFilterChainDecorator$ObservationFilter.doFilter(ObservationFilterChainDecorator.java:228) ~[spring-security-web-6.5.7.jar:6.5.7]
	at org.springframework.security.web.ObservationFilterChainDecorator$VirtualFilterChain.doFilter(ObservationFilterChainDecorator.java:138) ~[spring-security-web-6.5.7.jar:6.5.7]
	at com.huang.jwt.JwtAuthenticationFilter.doFilterInternal(JwtAuthenticationFilter.java:69) ~[classes/:?]
	at org.springframework.web.filter.OncePerRequestFilter.doFilter(OncePerRequestFilter.java:116) ~[spring-web-6.2.15.jar:6.2.15]
	at org.springframework.security.web.ObservationFilterChainDecorator$ObservationFilter.wrapFilter(ObservationFilterChainDecorator.java:241) ~[spring-security-web-6.5.7.jar:6.5.7]
	at org.springframework.security.web.ObservationFilterChainDecorator$ObservationFilter.doFilter(ObservationFilterChainDecorator.java:228) ~[spring-security-web-6.5.7.jar:6.5.7]
	at org.springframework.security.web.ObservationFilterChainDecorator$VirtualFilterChain.doFilter(ObservationFilterChainDecorator.java:138) ~[spring-security-web-6.5.7.jar:6.5.7]
	at org.springframework.security.web.authentication.logout.LogoutFilter.doFilter(LogoutFilter.java:107) ~[spring-security-web-6.5.7.jar:6.5.7]
	at org.springframework.security.web.authentication.logout.LogoutFilter.doFilter(LogoutFilter.java:93) ~[spring-security-web-6.5.7.jar:6.5.7]
	at org.springframework.security.web.ObservationFilterChainDecorator$ObservationFilter.wrapFilter(ObservationFilterChainDecorator.java:241) ~[spring-security-web-6.5.7.jar:6.5.7]
	at org.springframework.security.web.ObservationFilterChainDecorator$ObservationFilter.doFilter(ObservationFilterChainDecorator.java:228) ~[spring-security-web-6.5.7.jar:6.5.7]
	at org.springframework.security.web.ObservationFilterChainDecorator$VirtualFilterChain.doFilter(ObservationFilterChainDecorator.java:138) ~[spring-security-web-6.5.7.jar:6.5.7]
	at org.springframework.security.web.header.HeaderWriterFilter.doHeadersAfter(HeaderWriterFilter.java:90) ~[spring-security-web-6.5.7.jar:6.5.7]
	at org.springframework.security.web.header.HeaderWriterFilter.doFilterInternal(HeaderWriterFilter.java:75) ~[spring-security-web-6.5.7.jar:6.5.7]
	at org.springframework.web.filter.OncePerRequestFilter.doFilter(OncePerRequestFilter.java:116) ~[spring-web-6.2.15.jar:6.2.15]
	at org.springframework.security.web.ObservationFilterChainDecorator$ObservationFilter.wrapFilter(ObservationFilterChainDecorator.java:241) ~[spring-security-web-6.5.7.jar:6.5.7]
	at org.springframework.security.web.ObservationFilterChainDecorator$ObservationFilter.doFilter(ObservationFilterChainDecorator.java:228) ~[spring-security-web-6.5.7.jar:6.5.7]
	at org.springframework.security.web.ObservationFilterChainDecorator$VirtualFilterChain.doFilter(ObservationFilterChainDecorator.java:138) ~[spring-security-web-6.5.7.jar:6.5.7]
	at org.springframework.security.web.context.SecurityContextHolderFilter.doFilter(SecurityContextHolderFilter.java:82) ~[spring-security-web-6.5.7.jar:6.5.7]
	at org.springframework.security.web.context.SecurityContextHolderFilter.doFilter(SecurityContextHolderFilter.java:69) ~[spring-security-web-6.5.7.jar:6.5.7]
	at org.springframework.security.web.ObservationFilterChainDecorator$ObservationFilter.wrapFilter(ObservationFilterChainDecorator.java:241) ~[spring-security-web-6.5.7.jar:6.5.7]
	at org.springframework.security.web.ObservationFilterChainDecorator$ObservationFilter.doFilter(ObservationFilterChainDecorator.java:228) ~[spring-security-web-6.5.7.jar:6.5.7]
	at org.springframework.security.web.ObservationFilterChainDecorator$VirtualFilterChain.doFilter(ObservationFilterChainDecorator.java:138) ~[spring-security-web-6.5.7.jar:6.5.7]
	at org.springframework.security.web.context.request.async.WebAsyncManagerIntegrationFilter.doFilterInternal(WebAsyncManagerIntegrationFilter.java:62) ~[spring-security-web-6.5.7.jar:6.5.7]
	at org.springframework.web.filter.OncePerRequestFilter.doFilter(OncePerRequestFilter.java:116) ~[spring-web-6.2.15.jar:6.2.15]
	at org.springframework.security.web.ObservationFilterChainDecorator$ObservationFilter.wrapFilter(ObservationFilterChainDecorator.java:241) ~[spring-security-web-6.5.7.jar:6.5.7]
	at org.springframework.security.web.ObservationFilterChainDecorator$ObservationFilter.doFilter(ObservationFilterChainDecorator.java:228) ~[spring-security-web-6.5.7.jar:6.5.7]
	at org.springframework.security.web.ObservationFilterChainDecorator$VirtualFilterChain.doFilter(ObservationFilterChainDecorator.java:138) ~[spring-security-web-6.5.7.jar:6.5.7]
	at org.springframework.security.web.session.DisableEncodeUrlFilter.doFilterInternal(DisableEncodeUrlFilter.java:42) ~[spring-security-web-6.5.7.jar:6.5.7]
	at org.springframework.web.filter.OncePerRequestFilter.doFilter(OncePerRequestFilter.java:116) ~[spring-web-6.2.15.jar:6.2.15]
	at org.springframework.security.web.ObservationFilterChainDecorator$ObservationFilter.wrapFilter(ObservationFilterChainDecorator.java:241) ~[spring-security-web-6.5.7.jar:6.5.7]
	at org.springframework.security.web.ObservationFilterChainDecorator$AroundFilterObservation$SimpleAroundFilterObservation.lambda$wrap$0(ObservationFilterChainDecorator.java:334) ~[spring-security-web-6.5.7.jar:6.5.7]
	at org.springframework.security.web.ObservationFilterChainDecorator$ObservationFilter.doFilter(ObservationFilterChainDecorator.java:225) ~[spring-security-web-6.5.7.jar:6.5.7]
	at org.springframework.security.web.ObservationFilterChainDecorator$VirtualFilterChain.doFilter(ObservationFilterChainDecorator.java:138) ~[spring-security-web-6.5.7.jar:6.5.7]
	at org.springframework.security.web.FilterChainProxy.doFilterInternal(FilterChainProxy.java:233) ~[spring-security-web-6.5.7.jar:6.5.7]
	at org.springframework.security.web.FilterChainProxy.doFilter(FilterChainProxy.java:191) ~[spring-security-web-6.5.7.jar:6.5.7]
	at org.springframework.web.filter.CompositeFilter$VirtualFilterChain.doFilter(CompositeFilter.java:113) ~[spring-web-6.2.15.jar:6.2.15]
	at org.springframework.web.filter.ServletRequestPathFilter.doFilter(ServletRequestPathFilter.java:52) ~[spring-web-6.2.15.jar:6.2.15]
	at org.springframework.web.filter.CompositeFilter$VirtualFilterChain.doFilter(CompositeFilter.java:113) ~[spring-web-6.2.15.jar:6.2.15]
	at org.springframework.web.filter.CompositeFilter.doFilter(CompositeFilter.java:74) ~[spring-web-6.2.15.jar:6.2.15]
	at org.springframework.security.config.annotation.web.configuration.WebSecurityConfiguration$CompositeFilterChainProxy.doFilter(WebSecurityConfiguration.java:319) ~[spring-security-config-6.5.7.jar:6.5.7]
	at org.springframework.web.filter.CompositeFilter$VirtualFilterChain.doFilter(CompositeFilter.java:113) ~[spring-web-6.2.15.jar:6.2.15]
	at org.springframework.web.servlet.handler.HandlerMappingIntrospector.lambda$createCacheFilter$4(HandlerMappingIntrospector.java:267) ~[spring-webmvc-6.2.15.jar:6.2.15]
	at org.springframework.web.filter.CompositeFilter$VirtualFilterChain.doFilter(CompositeFilter.java:113) ~[spring-web-6.2.15.jar:6.2.15]
	at org.springframework.web.filter.CompositeFilter.doFilter(CompositeFilter.java:74) ~[spring-web-6.2.15.jar:6.2.15]
	at org.springframework.security.config.annotation.web.configuration.WebMvcSecurityConfiguration$CompositeFilterChainProxy.doFilter(WebMvcSecurityConfiguration.java:240) ~[spring-security-config-6.5.7.jar:6.5.7]
	at org.springframework.web.filter.DelegatingFilterProxy.invokeDelegate(DelegatingFilterProxy.java:362) ~[spring-web-6.2.15.jar:6.2.15]
	at org.springframework.web.filter.DelegatingFilterProxy.doFilter(DelegatingFilterProxy.java:278) ~[spring-web-6.2.15.jar:6.2.15]
	at org.apache.catalina.core.ApplicationFilterChain.internalDoFilter(ApplicationFilterChain.java:162) ~[tomcat-embed-core-10.1.50.jar:10.1.50]
	at org.apache.catalina.core.ApplicationFilterChain.doFilter(ApplicationFilterChain.java:138) ~[tomcat-embed-core-10.1.50.jar:10.1.50]
	at org.springframework.web.filter.RequestContextFilter.doFilterInternal(RequestContextFilter.java:100) ~[spring-web-6.2.15.jar:6.2.15]
	at org.springframework.web.filter.OncePerRequestFilter.doFilter(OncePerRequestFilter.java:116) ~[spring-web-6.2.15.jar:6.2.15]
	at org.apache.catalina.core.ApplicationFilterChain.internalDoFilter(ApplicationFilterChain.java:162) ~[tomcat-embed-core-10.1.50.jar:10.1.50]
	at org.apache.catalina.core.ApplicationFilterChain.doFilter(ApplicationFilterChain.java:138) ~[tomcat-embed-core-10.1.50.jar:10.1.50]
	at org.springframework.web.filter.FormContentFilter.doFilterInternal(FormContentFilter.java:93) ~[spring-web-6.2.15.jar:6.2.15]
	at org.springframework.web.filter.OncePerRequestFilter.doFilter(OncePerRequestFilter.java:116) ~[spring-web-6.2.15.jar:6.2.15]
	at org.apache.catalina.core.ApplicationFilterChain.internalDoFilter(ApplicationFilterChain.java:162) ~[tomcat-embed-core-10.1.50.jar:10.1.50]
	at org.apache.catalina.core.ApplicationFilterChain.doFilter(ApplicationFilterChain.java:138) ~[tomcat-embed-core-10.1.50.jar:10.1.50]
	at org.springframework.web.filter.ServerHttpObservationFilter.doFilterInternal(ServerHttpObservationFilter.java:110) ~[spring-web-6.2.15.jar:6.2.15]
	at org.springframework.web.filter.OncePerRequestFilter.doFilter(OncePerRequestFilter.java:116) ~[spring-web-6.2.15.jar:6.2.15]
	at org.apache.catalina.core.ApplicationFilterChain.internalDoFilter(ApplicationFilterChain.java:162) ~[tomcat-embed-core-10.1.50.jar:10.1.50]
	at org.apache.catalina.core.ApplicationFilterChain.doFilter(ApplicationFilterChain.java:138) ~[tomcat-embed-core-10.1.50.jar:10.1.50]
	at org.springframework.web.filter.CharacterEncodingFilter.doFilterInternal(CharacterEncodingFilter.java:201) ~[spring-web-6.2.15.jar:6.2.15]
	at org.springframework.web.filter.OncePerRequestFilter.doFilter(OncePerRequestFilter.java:116) ~[spring-web-6.2.15.jar:6.2.15]
	at org.apache.catalina.core.ApplicationFilterChain.internalDoFilter(ApplicationFilterChain.java:162) ~[tomcat-embed-core-10.1.50.jar:10.1.50]
	at org.apache.catalina.core.ApplicationFilterChain.doFilter(ApplicationFilterChain.java:138) ~[tomcat-embed-core-10.1.50.jar:10.1.50]
	at org.apache.catalina.core.StandardWrapperValve.invoke(StandardWrapperValve.java:165) [tomcat-embed-core-10.1.50.jar:10.1.50]
	at org.apache.catalina.core.StandardContextValve.invoke(StandardContextValve.java:88) [tomcat-embed-core-10.1.50.jar:10.1.50]
	at org.apache.catalina.authenticator.AuthenticatorBase.invoke(AuthenticatorBase.java:482) [tomcat-embed-core-10.1.50.jar:10.1.50]
	at org.apache.catalina.core.StandardHostValve.invoke(StandardHostValve.java:113) [tomcat-embed-core-10.1.50.jar:10.1.50]
	at org.apache.catalina.valves.ErrorReportValve.invoke(ErrorReportValve.java:83) [tomcat-embed-core-10.1.50.jar:10.1.50]
	at org.apache.catalina.core.StandardEngineValve.invoke(StandardEngineValve.java:72) [tomcat-embed-core-10.1.50.jar:10.1.50]
	at org.apache.catalina.connector.CoyoteAdapter.service(CoyoteAdapter.java:342) [tomcat-embed-core-10.1.50.jar:10.1.50]
	at org.apache.coyote.http11.Http11Processor.service(Http11Processor.java:399) [tomcat-embed-core-10.1.50.jar:10.1.50]
	at org.apache.coyote.AbstractProcessorLight.process(AbstractProcessorLight.java:63) [tomcat-embed-core-10.1.50.jar:10.1.50]
	at org.apache.coyote.AbstractProtocol$ConnectionHandler.process(AbstractProtocol.java:903) [tomcat-embed-core-10.1.50.jar:10.1.50]
	at org.apache.tomcat.util.net.NioEndpoint$SocketProcessor.doRun(NioEndpoint.java:1774) [tomcat-embed-core-10.1.50.jar:10.1.50]
	at org.apache.tomcat.util.net.SocketProcessorBase.run(SocketProcessorBase.java:52) [tomcat-embed-core-10.1.50.jar:10.1.50]
	at org.apache.tomcat.util.threads.ThreadPoolExecutor.runWorker(ThreadPoolExecutor.java:973) [tomcat-embed-core-10.1.50.jar:10.1.50]
	at org.apache.tomcat.util.threads.ThreadPoolExecutor$Worker.run(ThreadPoolExecutor.java:491) [tomcat-embed-core-10.1.50.jar:10.1.50]
	at org.apache.tomcat.util.threads.TaskThread$WrappingRunnable.run(TaskThread.java:63) [tomcat-embed-core-10.1.50.jar:10.1.50]
	at java.base/java.lang.Thread.run(Thread.java:842) [?:?]
2026-02-25 10:44:45.079 [http-nio-80-exec-2] DEBUG o.s.s.w.FilterChainProxy - Securing GET /error
2026-02-25 10:44:45.081 [http-nio-80-exec-2] DEBUG o.s.s.w.a.Http403ForbiddenEntryPoint - Pre-authenticated entry point called. Rejecting access
2026-02-25 10:44:54.014 [MessageBroker-2] INFO  o.s.w.s.c.WebSocketMessageBrokerStats - WebSocketSession[0 current WS(0)-HttpStream(0)-HttpPoll(0), 0 total, 0 closed abnormally (0 connect failure, 0 send limit, 0 transport error)], stompSubProtocol[processed CONNECT(0)-CONNECTED(0)-DISCONNECT(0)], stompBrokerRelay[null], inboundChannel[pool size = 0, active threads = 0, queued tasks = 0, completed tasks = 0], outboundChannel[pool size = 0, active threads = 0, queued tasks = 0, completed tasks = 0], sockJsScheduler[pool size = 14, active threads = 1, queued tasks = 1, completed tasks = 12]
2026-02-25 10:45:40.417 [SpringApplicationShutdownHook] INFO  o.s.w.SimpLogging - Stopping...
2026-02-25 10:45:40.417 [SpringApplicationShutdownHook] INFO  o.s.w.SimpLogging - BrokerAvailabilityEvent[available=false, SimpleBrokerMessageHandler [org.springframework.messaging.simp.broker.DefaultSubscriptionRegistry@39f5eba4]]
2026-02-25 10:45:40.417 [SpringApplicationShutdownHook] INFO  o.s.w.SimpLogging - Stopped.
2026-02-25 10:45:40.434 [SpringApplicationShutdownHook] INFO  c.z.h.HikariDataSource - HikariPool-1 - Shutdown initiated...
2026-02-25 10:45:40.440 [SpringApplicationShutdownHook] INFO  c.z.h.HikariDataSource - HikariPool-1 - Shutdown completed.
2026-02-25 10:45:49.751 [main] INFO  o.s.s.c.a.a.c.InitializeUserDetailsBeanManagerConfigurer$InitializeUserDetailsManagerConfigurer - Global AuthenticationManager configured with UserDetailsService bean with name dbUserDetailsService
2026-02-25 10:45:49.855 [main] DEBUG o.s.s.w.DefaultSecurityFilterChain - Will secure any request with filters: DisableEncodeUrlFilter, WebAsyncManagerIntegrationFilter, SecurityContextHolderFilter, HeaderWriterFilter, LogoutFilter, JwtAuthenticationFilter, CustomAuthenticationFilter, RequestCacheAwareFilter, SecurityContextHolderAwareRequestFilter, SessionManagementFilter, ExceptionTranslationFilter, AuthorizationFilter
2026-02-25 10:45:50.331 [main] INFO  o.s.w.SimpLogging - Starting...
2026-02-25 10:45:50.331 [main] INFO  o.s.w.SimpLogging - BrokerAvailabilityEvent[available=true, SimpleBrokerMessageHandler [org.springframework.messaging.simp.broker.DefaultSubscriptionRegistry@779cda39]]
2026-02-25 10:45:50.332 [main] INFO  o.s.w.SimpLogging - Started.
2026-02-25 10:45:50.442 [main] INFO  c.z.h.HikariDataSource - HikariPool-1 - Starting...
2026-02-25 10:45:50.569 [main] INFO  c.z.h.p.HikariPool - HikariPool-1 - Added connection com.mysql.cj.jdbc.ConnectionImpl@54418834
2026-02-25 10:45:50.579 [main] INFO  c.z.h.HikariDataSource - HikariPool-1 - Start completed.
2026-02-25 10:45:51.624 [RMI TCP Connection(3)-192.168.198.23] INFO  o.s.w.s.DispatcherServlet - Initializing Servlet 'dispatcherServlet'
2026-02-25 10:45:51.628 [RMI TCP Connection(3)-192.168.198.23] INFO  o.s.w.s.DispatcherServlet - Completed initialization in 3 ms
2026-02-25 10:45:51.996 [main] INFO  o.s.s.c.a.a.c.InitializeUserDetailsBeanManagerConfigurer$InitializeUserDetailsManagerConfigurer - Global AuthenticationManager configured with UserDetailsService bean with name dbUserDetailsService
2026-02-25 10:45:52.087 [main] DEBUG o.s.s.w.DefaultSecurityFilterChain - Will secure any request with filters: DisableEncodeUrlFilter, WebAsyncManagerIntegrationFilter, SecurityContextHolderFilter, HeaderWriterFilter, LogoutFilter, JwtAuthenticationFilter, CustomAuthenticationFilter, RequestCacheAwareFilter, SecurityContextHolderAwareRequestFilter, SessionManagementFilter, ExceptionTranslationFilter, AuthorizationFilter
2026-02-25 10:45:52.536 [main] INFO  o.s.w.SimpLogging - Starting...
2026-02-25 10:45:52.538 [main] INFO  o.s.w.SimpLogging - BrokerAvailabilityEvent[available=true, SimpleBrokerMessageHandler [org.springframework.messaging.simp.broker.DefaultSubscriptionRegistry@13f255ed]]
2026-02-25 10:45:52.538 [main] INFO  o.s.w.SimpLogging - Started.
2026-02-25 10:45:52.543 [main] INFO  o.s.w.SimpLogging - Stopping...
2026-02-25 10:45:52.543 [main] INFO  o.s.w.SimpLogging - BrokerAvailabilityEvent[available=false, SimpleBrokerMessageHandler [org.springframework.messaging.simp.broker.DefaultSubscriptionRegistry@13f255ed]]
2026-02-25 10:45:52.543 [main] INFO  o.s.w.SimpLogging - Stopped.
2026-02-25 10:45:52.547 [main] WARN  o.s.b.w.s.c.AnnotationConfigServletWebServerApplicationContext - Exception encountered during context initialization - cancelling refresh attempt: org.springframework.context.ApplicationContextException: Failed to start bean 'webServerStartStop'
2026-02-25 10:45:52.589 [main] ERROR o.s.b.d.LoggingFailureAnalysisReporter - 

***************************
APPLICATION FAILED TO START
***************************

Description:

Web server failed to start. Port 80 was already in use.

Action:

Identify and stop the process that's listening on port 80 or configure this application to listen on another port.

2026-02-25 10:46:48.363 [SpringApplicationShutdownHook] INFO  o.s.w.SimpLogging - Stopping...
2026-02-25 10:46:48.363 [SpringApplicationShutdownHook] INFO  o.s.w.SimpLogging - BrokerAvailabilityEvent[available=false, SimpleBrokerMessageHandler [org.springframework.messaging.simp.broker.DefaultSubscriptionRegistry@779cda39]]
2026-02-25 10:46:48.363 [SpringApplicationShutdownHook] INFO  o.s.w.SimpLogging - Stopped.
2026-02-25 10:46:48.377 [SpringApplicationShutdownHook] INFO  c.z.h.HikariDataSource - HikariPool-1 - Shutdown initiated...
2026-02-25 10:46:48.381 [SpringApplicationShutdownHook] INFO  c.z.h.HikariDataSource - HikariPool-1 - Shutdown completed.
2026-02-25 10:46:54.399 [main] INFO  o.s.s.c.a.a.c.InitializeUserDetailsBeanManagerConfigurer$InitializeUserDetailsManagerConfigurer - Global AuthenticationManager configured with UserDetailsService bean with name dbUserDetailsService
2026-02-25 10:46:54.484 [main] DEBUG o.s.s.w.DefaultSecurityFilterChain - Will secure any request with filters: DisableEncodeUrlFilter, WebAsyncManagerIntegrationFilter, SecurityContextHolderFilter, HeaderWriterFilter, LogoutFilter, JwtAuthenticationFilter, CustomAuthenticationFilter, RequestCacheAwareFilter, SecurityContextHolderAwareRequestFilter, SessionManagementFilter, ExceptionTranslationFilter, AuthorizationFilter
2026-02-25 10:46:54.909 [main] INFO  o.s.w.SimpLogging - Starting...
2026-02-25 10:46:54.909 [main] INFO  o.s.w.SimpLogging - BrokerAvailabilityEvent[available=true, SimpleBrokerMessageHandler [org.springframework.messaging.simp.broker.DefaultSubscriptionRegistry@7305a443]]
2026-02-25 10:46:54.910 [main] INFO  o.s.w.SimpLogging - Started.
2026-02-25 10:46:55.014 [main] INFO  c.z.h.HikariDataSource - HikariPool-1 - Starting...
2026-02-25 10:46:55.124 [main] INFO  c.z.h.p.HikariPool - HikariPool-1 - Added connection com.mysql.cj.jdbc.ConnectionImpl@32a541a8
2026-02-25 10:46:55.129 [main] INFO  c.z.h.HikariDataSource - HikariPool-1 - Start completed.
2026-02-25 10:46:55.564 [RMI TCP Connection(2)-192.168.198.23] INFO  o.s.w.s.DispatcherServlet - Initializing Servlet 'dispatcherServlet'
2026-02-25 10:46:55.565 [RMI TCP Connection(2)-192.168.198.23] INFO  o.s.w.s.DispatcherServlet - Completed initialization in 1 ms
2026-02-25 10:46:58.553 [http-nio-80-exec-2] DEBUG o.s.s.w.FilterChainProxy - Securing GET /index
2026-02-25 10:46:58.570 [http-nio-80-exec-2] DEBUG o.s.s.w.FilterChainProxy - Secured GET /index
2026-02-25 10:47:54.904 [MessageBroker-1] INFO  o.s.w.s.c.WebSocketMessageBrokerStats - WebSocketSession[0 current WS(0)-HttpStream(0)-HttpPoll(0), 0 total, 0 closed abnormally (0 connect failure, 0 send limit, 0 transport error)], stompSubProtocol[processed CONNECT(0)-CONNECTED(0)-DISCONNECT(0)], stompBrokerRelay[null], inboundChannel[pool size = 0, active threads = 0, queued tasks = 0, completed tasks = 0], outboundChannel[pool size = 0, active threads = 0, queued tasks = 0, completed tasks = 0], sockJsScheduler[pool size = 14, active threads = 1, queued tasks = 1, completed tasks = 12]
2026-02-25 10:50:54.923 [http-nio-80-exec-6] DEBUG o.s.s.w.FilterChainProxy - Securing GET /index
2026-02-25 10:50:54.924 [http-nio-80-exec-6] DEBUG o.s.s.w.FilterChainProxy - Secured GET /index
2026-02-25 10:52:19.397 [SpringApplicationShutdownHook] INFO  o.s.w.SimpLogging - Stopping...
2026-02-25 10:52:19.397 [SpringApplicationShutdownHook] INFO  o.s.w.SimpLogging - BrokerAvailabilityEvent[available=false, SimpleBrokerMessageHandler [org.springframework.messaging.simp.broker.DefaultSubscriptionRegistry@7305a443]]
2026-02-25 10:52:19.398 [SpringApplicationShutdownHook] INFO  o.s.w.SimpLogging - Stopped.
2026-02-25 10:52:19.412 [SpringApplicationShutdownHook] INFO  c.z.h.HikariDataSource - HikariPool-1 - Shutdown initiated...
2026-02-25 10:52:19.417 [SpringApplicationShutdownHook] INFO  c.z.h.HikariDataSource - HikariPool-1 - Shutdown completed.
2026-02-25 10:52:54.405 [main] INFO  o.s.s.c.a.a.c.InitializeUserDetailsBeanManagerConfigurer$InitializeUserDetailsManagerConfigurer - Global AuthenticationManager configured with UserDetailsService bean with name dbUserDetailsService
2026-02-25 10:52:54.485 [main] DEBUG o.s.s.w.DefaultSecurityFilterChain - Will secure any request with filters: DisableEncodeUrlFilter, WebAsyncManagerIntegrationFilter, SecurityContextHolderFilter, HeaderWriterFilter, LogoutFilter, JwtAuthenticationFilter, CustomAuthenticationFilter, RequestCacheAwareFilter, SecurityContextHolderAwareRequestFilter, SessionManagementFilter, ExceptionTranslationFilter, AuthorizationFilter
2026-02-25 10:52:54.904 [main] INFO  o.s.w.SimpLogging - Starting...
2026-02-25 10:52:54.905 [main] INFO  o.s.w.SimpLogging - BrokerAvailabilityEvent[available=true, SimpleBrokerMessageHandler [org.springframework.messaging.simp.broker.DefaultSubscriptionRegistry@335a45a8]]
2026-02-25 10:52:54.905 [main] INFO  o.s.w.SimpLogging - Started.
2026-02-25 10:52:55.006 [main] INFO  c.z.h.HikariDataSource - HikariPool-1 - Starting...
2026-02-25 10:52:55.126 [main] INFO  c.z.h.p.HikariPool - HikariPool-1 - Added connection com.mysql.cj.jdbc.ConnectionImpl@a6fc2e1
2026-02-25 10:52:55.131 [main] INFO  c.z.h.HikariDataSource - HikariPool-1 - Start completed.
2026-02-25 10:52:55.827 [RMI TCP Connection(4)-192.168.198.23] INFO  o.s.w.s.DispatcherServlet - Initializing Servlet 'dispatcherServlet'
2026-02-25 10:52:55.829 [RMI TCP Connection(4)-192.168.198.23] INFO  o.s.w.s.DispatcherServlet - Completed initialization in 2 ms
2026-02-25 10:53:00.684 [http-nio-80-exec-3] DEBUG o.s.s.w.FilterChainProxy - Securing GET /index
2026-02-25 10:53:00.699 [http-nio-80-exec-3] DEBUG o.s.s.w.FilterChainProxy - Secured GET /index
2026-02-25 10:53:54.892 [MessageBroker-4] INFO  o.s.w.s.c.WebSocketMessageBrokerStats - WebSocketSession[0 current WS(0)-HttpStream(0)-HttpPoll(0), 0 total, 0 closed abnormally (0 connect failure, 0 send limit, 0 transport error)], stompSubProtocol[processed CONNECT(0)-CONNECTED(0)-DISCONNECT(0)], stompBrokerRelay[null], inboundChannel[pool size = 0, active threads = 0, queued tasks = 0, completed tasks = 0], outboundChannel[pool size = 0, active threads = 0, queued tasks = 0, completed tasks = 0], sockJsScheduler[pool size = 14, active threads = 1, queued tasks = 1, completed tasks = 12]
2026-02-25 11:23:54.897 [MessageBroker-22] INFO  o.s.w.s.c.WebSocketMessageBrokerStats - WebSocketSession[0 current WS(0)-HttpStream(0)-HttpPoll(0), 0 total, 0 closed abnormally (0 connect failure, 0 send limit, 0 transport error)], stompSubProtocol[processed CONNECT(0)-CONNECTED(0)-DISCONNECT(0)], stompBrokerRelay[null], inboundChannel[pool size = 0, active threads = 0, queued tasks = 0, completed tasks = 0], outboundChannel[pool size = 0, active threads = 0, queued tasks = 0, completed tasks = 0], sockJsScheduler[pool size = 22, active threads = 1, queued tasks = 1, completed tasks = 373]
2026-02-25 11:53:54.901 [MessageBroker-10] INFO  o.s.w.s.c.WebSocketMessageBrokerStats - WebSocketSession[0 current WS(0)-HttpStream(0)-HttpPoll(0), 0 total, 0 closed abnormally (0 connect failure, 0 send limit, 0 transport error)], stompSubProtocol[processed CONNECT(0)-CONNECTED(0)-DISCONNECT(0)], stompBrokerRelay[null], inboundChannel[pool size = 0, active threads = 0, queued tasks = 0, completed tasks = 0], outboundChannel[pool size = 0, active threads = 0, queued tasks = 0, completed tasks = 0], sockJsScheduler[pool size = 22, active threads = 1, queued tasks = 1, completed tasks = 734]
2026-02-25 11:58:49.566 [SpringApplicationShutdownHook] INFO  o.s.w.SimpLogging - Stopping...
2026-02-25 11:58:49.566 [SpringApplicationShutdownHook] INFO  o.s.w.SimpLogging - BrokerAvailabilityEvent[available=false, SimpleBrokerMessageHandler [org.springframework.messaging.simp.broker.DefaultSubscriptionRegistry@335a45a8]]
2026-02-25 11:58:49.566 [SpringApplicationShutdownHook] INFO  o.s.w.SimpLogging - Stopped.
2026-02-25 11:58:49.612 [SpringApplicationShutdownHook] INFO  c.z.h.HikariDataSource - HikariPool-1 - Shutdown initiated...
2026-02-25 11:58:49.615 [SpringApplicationShutdownHook] INFO  c.z.h.HikariDataSource - HikariPool-1 - Shutdown completed.
2026-02-25 13:50:05.869 [main] INFO  o.s.s.c.a.a.c.InitializeUserDetailsBeanManagerConfigurer$InitializeUserDetailsManagerConfigurer - Global AuthenticationManager configured with UserDetailsService bean with name dbUserDetailsService
2026-02-25 13:50:05.947 [main] DEBUG o.s.s.w.DefaultSecurityFilterChain - Will secure any request with filters: DisableEncodeUrlFilter, WebAsyncManagerIntegrationFilter, SecurityContextHolderFilter, HeaderWriterFilter, LogoutFilter, JwtAuthenticationFilter, CustomAuthenticationFilter, RequestCacheAwareFilter, SecurityContextHolderAwareRequestFilter, SessionManagementFilter, ExceptionTranslationFilter, AuthorizationFilter
2026-02-25 13:50:06.352 [main] INFO  o.s.w.SimpLogging - Starting...
2026-02-25 13:50:06.354 [main] INFO  o.s.w.SimpLogging - BrokerAvailabilityEvent[available=true, SimpleBrokerMessageHandler [org.springframework.messaging.simp.broker.DefaultSubscriptionRegistry@6b23897a]]
2026-02-25 13:50:06.355 [main] INFO  o.s.w.SimpLogging - Started.
2026-02-25 13:50:06.454 [main] INFO  c.z.h.HikariDataSource - HikariPool-1 - Starting...
2026-02-25 13:50:06.559 [main] INFO  c.z.h.p.HikariPool - HikariPool-1 - Added connection com.mysql.cj.jdbc.ConnectionImpl@3f54fabc
2026-02-25 13:50:06.568 [main] INFO  c.z.h.HikariDataSource - HikariPool-1 - Start completed.
2026-02-25 13:50:07.726 [RMI TCP Connection(3)-192.168.198.23] INFO  o.s.w.s.DispatcherServlet - Initializing Servlet 'dispatcherServlet'
2026-02-25 13:50:07.729 [RMI TCP Connection(3)-192.168.198.23] INFO  o.s.w.s.DispatcherServlet - Completed initialization in 3 ms
2026-02-25 13:50:42.164 [http-nio-80-exec-2] DEBUG o.s.s.w.FilterChainProxy - Securing GET /index?pn=1&size=3
2026-02-25 13:50:42.180 [http-nio-80-exec-2] DEBUG o.s.s.w.FilterChainProxy - Secured GET /index?pn=1&size=3
2026-02-25 13:50:48.900 [http-nio-80-exec-3] DEBUG o.s.s.w.FilterChainProxy - Securing GET /index?pn=2&size=3
2026-02-25 13:50:48.901 [http-nio-80-exec-3] DEBUG o.s.s.w.FilterChainProxy - Secured GET /index?pn=2&size=3
2026-02-25 13:51:06.335 [MessageBroker-4] INFO  o.s.w.s.c.WebSocketMessageBrokerStats - WebSocketSession[0 current WS(0)-HttpStream(0)-HttpPoll(0), 0 total, 0 closed abnormally (0 connect failure, 0 send limit, 0 transport error)], stompSubProtocol[processed CONNECT(0)-CONNECTED(0)-DISCONNECT(0)], stompBrokerRelay[null], inboundChannel[pool size = 0, active threads = 0, queued tasks = 0, completed tasks = 0], outboundChannel[pool size = 0, active threads = 0, queued tasks = 0, completed tasks = 0], sockJsScheduler[pool size = 14, active threads = 1, queued tasks = 1, completed tasks = 12]
2026-02-25 14:18:16.655 [http-nio-80-exec-4] DEBUG o.s.s.w.FilterChainProxy - Securing GET /kaptcha.jpg
2026-02-25 14:18:16.657 [http-nio-80-exec-4] DEBUG o.s.s.w.FilterChainProxy - Secured GET /kaptcha.jpg
2026-02-25 14:18:20.270 [http-nio-80-exec-7] DEBUG o.s.s.w.FilterChainProxy - Securing GET /kaptcha.jpg
2026-02-25 14:18:20.271 [http-nio-80-exec-7] DEBUG o.s.s.w.FilterChainProxy - Secured GET /kaptcha.jpg
2026-02-25 14:21:06.338 [MessageBroker-16] INFO  o.s.w.s.c.WebSocketMessageBrokerStats - WebSocketSession[0 current WS(0)-HttpStream(0)-HttpPoll(0), 0 total, 0 closed abnormally (0 connect failure, 0 send limit, 0 transport error)], stompSubProtocol[processed CONNECT(0)-CONNECTED(0)-DISCONNECT(0)], stompBrokerRelay[null], inboundChannel[pool size = 0, active threads = 0, queued tasks = 0, completed tasks = 0], outboundChannel[pool size = 0, active threads = 0, queued tasks = 0, completed tasks = 0], sockJsScheduler[pool size = 22, active threads = 1, queued tasks = 1, completed tasks = 373]
2026-02-25 14:51:06.348 [MessageBroker-18] INFO  o.s.w.s.c.WebSocketMessageBrokerStats - WebSocketSession[0 current WS(0)-HttpStream(0)-HttpPoll(0), 0 total, 0 closed abnormally (0 connect failure, 0 send limit, 0 transport error)], stompSubProtocol[processed CONNECT(0)-CONNECTED(0)-DISCONNECT(0)], stompBrokerRelay[null], inboundChannel[pool size = 0, active threads = 0, queued tasks = 0, completed tasks = 0], outboundChannel[pool size = 0, active threads = 0, queued tasks = 0, completed tasks = 0], sockJsScheduler[pool size = 22, active threads = 1, queued tasks = 1, completed tasks = 734]
2026-02-25 15:12:07.356 [http-nio-80-exec-8] DEBUG o.s.s.w.FilterChainProxy - Securing GET /kaptcha.jpg
2026-02-25 15:12:07.359 [http-nio-80-exec-8] DEBUG o.s.s.w.FilterChainProxy - Secured GET /kaptcha.jpg
2026-02-25 15:12:13.623 [http-nio-80-exec-9] DEBUG o.s.s.w.FilterChainProxy - Securing GET /kaptcha.jpg
2026-02-25 15:12:13.624 [http-nio-80-exec-9] DEBUG o.s.s.w.FilterChainProxy - Secured GET /kaptcha.jpg
2026-02-25 15:21:06.354 [MessageBroker-19] INFO  o.s.w.s.c.WebSocketMessageBrokerStats - WebSocketSession[0 current WS(0)-HttpStream(0)-HttpPoll(0), 0 total, 0 closed abnormally (0 connect failure, 0 send limit, 0 transport error)], stompSubProtocol[processed CONNECT(0)-CONNECTED(0)-DISCONNECT(0)], stompBrokerRelay[null], inboundChannel[pool size = 0, active threads = 0, queued tasks = 0, completed tasks = 0], outboundChannel[pool size = 0, active threads = 0, queued tasks = 0, completed tasks = 0], sockJsScheduler[pool size = 22, active threads = 1, queued tasks = 1, completed tasks = 1095]
2026-02-25 15:22:30.040 [http-nio-80-exec-2] DEBUG o.s.s.w.FilterChainProxy - Securing GET /user/public?page=1&size=10
2026-02-25 15:22:30.045 [http-nio-80-exec-2] DEBUG o.s.s.w.a.Http403ForbiddenEntryPoint - Pre-authenticated entry point called. Rejecting access
2026-02-25 15:22:30.048 [http-nio-80-exec-1] DEBUG o.s.s.w.FilterChainProxy - Securing GET /nav/list
2026-02-25 15:22:30.049 [http-nio-80-exec-1] DEBUG o.s.s.w.a.Http403ForbiddenEntryPoint - Pre-authenticated entry point called. Rejecting access
2026-02-25 15:22:30.060 [http-nio-80-exec-1] DEBUG o.s.s.w.FilterChainProxy - Securing GET /error
2026-02-25 15:22:30.062 [http-nio-80-exec-1] DEBUG o.s.s.w.a.Http403ForbiddenEntryPoint - Pre-authenticated entry point called. Rejecting access
2026-02-25 15:22:30.060 [http-nio-80-exec-2] DEBUG o.s.s.w.FilterChainProxy - Securing GET /error?page=1&size=10
2026-02-25 15:22:30.063 [http-nio-80-exec-2] DEBUG o.s.s.w.a.Http403ForbiddenEntryPoint - Pre-authenticated entry point called. Rejecting access
2026-02-25 15:23:10.120 [http-nio-80-exec-3] DEBUG o.s.s.w.FilterChainProxy - Securing GET /nav/list
2026-02-25 15:23:10.120 [http-nio-80-exec-5] DEBUG o.s.s.w.FilterChainProxy - Securing GET /user/public?page=1&size=10
2026-02-25 15:23:10.121 [http-nio-80-exec-5] DEBUG o.s.s.w.a.Http403ForbiddenEntryPoint - Pre-authenticated entry point called. Rejecting access
2026-02-25 15:23:10.121 [http-nio-80-exec-3] DEBUG o.s.s.w.a.Http403ForbiddenEntryPoint - Pre-authenticated entry point called. Rejecting access
2026-02-25 15:23:10.122 [http-nio-80-exec-5] DEBUG o.s.s.w.FilterChainProxy - Securing GET /error?page=1&size=10
2026-02-25 15:23:10.122 [http-nio-80-exec-3] DEBUG o.s.s.w.FilterChainProxy - Securing GET /error
2026-02-25 15:23:10.122 [http-nio-80-exec-5] DEBUG o.s.s.w.a.Http403ForbiddenEntryPoint - Pre-authenticated entry point called. Rejecting access
2026-02-25 15:23:10.122 [http-nio-80-exec-3] DEBUG o.s.s.w.a.Http403ForbiddenEntryPoint - Pre-authenticated entry point called. Rejecting access
2026-02-25 15:27:19.307 [http-nio-80-exec-6] DEBUG o.s.s.w.FilterChainProxy - Securing GET /nav/list
2026-02-25 15:27:19.308 [http-nio-80-exec-6] DEBUG o.s.s.w.a.Http403ForbiddenEntryPoint - Pre-authenticated entry point called. Rejecting access
2026-02-25 15:27:19.310 [http-nio-80-exec-6] DEBUG o.s.s.w.FilterChainProxy - Securing GET /error
2026-02-25 15:27:19.310 [http-nio-80-exec-6] DEBUG o.s.s.w.a.Http403ForbiddenEntryPoint - Pre-authenticated entry point called. Rejecting access
2026-02-25 15:27:54.182 [http-nio-80-exec-8] DEBUG o.s.s.w.FilterChainProxy - Securing GET /nav/list
2026-02-25 15:27:54.184 [http-nio-80-exec-8] DEBUG o.s.s.w.a.Http403ForbiddenEntryPoint - Pre-authenticated entry point called. Rejecting access
2026-02-25 15:27:54.185 [http-nio-80-exec-8] DEBUG o.s.s.w.FilterChainProxy - Securing GET /error
2026-02-25 15:27:54.185 [http-nio-80-exec-8] DEBUG o.s.s.w.a.Http403ForbiddenEntryPoint - Pre-authenticated entry point called. Rejecting access
2026-02-25 15:27:54.533 [http-nio-80-exec-9] DEBUG o.s.s.w.FilterChainProxy - Securing GET /nav/list
2026-02-25 15:27:54.533 [http-nio-80-exec-9] DEBUG o.s.s.w.a.Http403ForbiddenEntryPoint - Pre-authenticated entry point called. Rejecting access
2026-02-25 15:27:54.534 [http-nio-80-exec-9] DEBUG o.s.s.w.FilterChainProxy - Securing GET /error
2026-02-25 15:27:54.536 [http-nio-80-exec-9] DEBUG o.s.s.w.a.Http403ForbiddenEntryPoint - Pre-authenticated entry point called. Rejecting access
2026-02-25 15:35:40.017 [http-nio-80-exec-1] DEBUG o.s.s.w.FilterChainProxy - Securing GET /index?pn=1&size=10
2026-02-25 15:35:40.019 [http-nio-80-exec-1] DEBUG o.s.s.w.FilterChainProxy - Secured GET /index?pn=1&size=10
2026-02-25 15:37:13.723 [http-nio-80-exec-3] DEBUG o.s.s.w.FilterChainProxy - Securing GET /index?pn=2&size=3
2026-02-25 15:37:13.723 [http-nio-80-exec-3] DEBUG o.s.s.w.FilterChainProxy - Secured GET /index?pn=2&size=3
2026-02-25 15:38:31.829 [http-nio-80-exec-4] DEBUG o.s.s.w.FilterChainProxy - Securing GET /index?pn=1&size=10
2026-02-25 15:38:31.830 [http-nio-80-exec-4] DEBUG o.s.s.w.FilterChainProxy - Secured GET /index?pn=1&size=10
2026-02-25 15:38:45.374 [http-nio-80-exec-6] DEBUG o.s.s.w.FilterChainProxy - Securing GET /index?pn=1&size=10
2026-02-25 15:38:45.376 [http-nio-80-exec-6] DEBUG o.s.s.w.FilterChainProxy - Secured GET /index?pn=1&size=10
2026-02-25 15:39:33.119 [http-nio-80-exec-8] DEBUG o.s.s.w.FilterChainProxy - Securing GET /index?pn=1&size=10
2026-02-25 15:39:33.121 [http-nio-80-exec-8] DEBUG o.s.s.w.FilterChainProxy - Secured GET /index?pn=1&size=10
2026-02-25 15:39:33.147 [http-nio-80-exec-9] DEBUG o.s.s.w.FilterChainProxy - Securing GET /index?pn=1&size=10
2026-02-25 15:39:33.149 [http-nio-80-exec-9] DEBUG o.s.s.w.FilterChainProxy - Secured GET /index?pn=1&size=10
2026-02-25 15:40:06.310 [http-nio-80-exec-10] DEBUG o.s.s.w.FilterChainProxy - Securing GET /index?pn=1&size=10
2026-02-25 15:40:06.311 [http-nio-80-exec-10] DEBUG o.s.s.w.FilterChainProxy - Secured GET /index?pn=1&size=10
2026-02-25 15:40:06.455 [http-nio-80-exec-1] DEBUG o.s.s.w.FilterChainProxy - Securing GET /index?pn=1&size=10
2026-02-25 15:40:06.456 [http-nio-80-exec-1] DEBUG o.s.s.w.FilterChainProxy - Secured GET /index?pn=1&size=10
2026-02-25 15:40:24.696 [http-nio-80-exec-2] DEBUG o.s.s.w.FilterChainProxy - Securing GET /api/index?pn=1&size=10
2026-02-25 15:40:24.696 [http-nio-80-exec-5] DEBUG o.s.s.w.FilterChainProxy - Securing GET /api/index?pn=1&size=10
2026-02-25 15:40:24.697 [http-nio-80-exec-2] DEBUG o.s.s.w.a.Http403ForbiddenEntryPoint - Pre-authenticated entry point called. Rejecting access
2026-02-25 15:40:24.698 [http-nio-80-exec-2] DEBUG o.s.s.w.FilterChainProxy - Securing GET /error?pn=1&size=10
2026-02-25 15:40:24.701 [http-nio-80-exec-2] DEBUG o.s.s.w.a.Http403ForbiddenEntryPoint - Pre-authenticated entry point called. Rejecting access
2026-02-25 15:40:24.710 [http-nio-80-exec-5] DEBUG o.s.s.w.a.Http403ForbiddenEntryPoint - Pre-authenticated entry point called. Rejecting access
2026-02-25 15:40:24.714 [http-nio-80-exec-5] DEBUG o.s.s.w.FilterChainProxy - Securing GET /error?pn=1&size=10
2026-02-25 15:40:24.715 [http-nio-80-exec-5] DEBUG o.s.s.w.a.Http403ForbiddenEntryPoint - Pre-authenticated entry point called. Rejecting access
2026-02-25 15:40:45.439 [http-nio-80-exec-3] DEBUG o.s.s.w.FilterChainProxy - Securing GET /api/index?pn=1&size=10
2026-02-25 15:40:45.440 [http-nio-80-exec-3] DEBUG o.s.s.w.a.Http403ForbiddenEntryPoint - Pre-authenticated entry point called. Rejecting access
2026-02-25 15:40:45.441 [http-nio-80-exec-3] DEBUG o.s.s.w.FilterChainProxy - Securing GET /error?pn=1&size=10
2026-02-25 15:40:45.442 [http-nio-80-exec-3] DEBUG o.s.s.w.a.Http403ForbiddenEntryPoint - Pre-authenticated entry point called. Rejecting access
2026-02-25 15:41:04.571 [http-nio-80-exec-7] DEBUG o.s.s.w.FilterChainProxy - Securing GET /api/index?pn=1&size=10
2026-02-25 15:41:04.571 [http-nio-80-exec-7] DEBUG o.s.s.w.a.Http403ForbiddenEntryPoint - Pre-authenticated entry point called. Rejecting access
2026-02-25 15:41:04.573 [http-nio-80-exec-7] DEBUG o.s.s.w.FilterChainProxy - Securing GET /error?pn=1&size=10
2026-02-25 15:41:04.573 [http-nio-80-exec-7] DEBUG o.s.s.w.a.Http403ForbiddenEntryPoint - Pre-authenticated entry point called. Rejecting access
2026-02-25 15:43:39.108 [SpringApplicationShutdownHook] INFO  o.s.w.SimpLogging - Stopping...
2026-02-25 15:43:39.110 [SpringApplicationShutdownHook] INFO  o.s.w.SimpLogging - BrokerAvailabilityEvent[available=false, SimpleBrokerMessageHandler [org.springframework.messaging.simp.broker.DefaultSubscriptionRegistry@6b23897a]]
2026-02-25 15:43:39.110 [SpringApplicationShutdownHook] INFO  o.s.w.SimpLogging - Stopped.
2026-02-25 15:43:39.141 [SpringApplicationShutdownHook] INFO  c.z.h.HikariDataSource - HikariPool-1 - Shutdown initiated...
2026-02-25 15:43:39.144 [SpringApplicationShutdownHook] INFO  c.z.h.HikariDataSource - HikariPool-1 - Shutdown completed.
2026-02-25 15:43:48.359 [main] INFO  o.s.s.c.a.a.c.InitializeUserDetailsBeanManagerConfigurer$InitializeUserDetailsManagerConfigurer - Global AuthenticationManager configured with UserDetailsService bean with name dbUserDetailsService
2026-02-25 15:43:48.480 [main] DEBUG o.s.s.w.DefaultSecurityFilterChain - Will secure any request with filters: DisableEncodeUrlFilter, WebAsyncManagerIntegrationFilter, SecurityContextHolderFilter, HeaderWriterFilter, CorsFilter, LogoutFilter, JwtAuthenticationFilter, CustomAuthenticationFilter, RequestCacheAwareFilter, SecurityContextHolderAwareRequestFilter, SessionManagementFilter, ExceptionTranslationFilter, AuthorizationFilter
2026-02-25 15:43:49.141 [main] INFO  o.s.w.SimpLogging - Starting...
2026-02-25 15:43:49.141 [main] INFO  o.s.w.SimpLogging - BrokerAvailabilityEvent[available=true, SimpleBrokerMessageHandler [org.springframework.messaging.simp.broker.DefaultSubscriptionRegistry@335a45a8]]
2026-02-25 15:43:49.143 [main] INFO  o.s.w.SimpLogging - Started.
2026-02-25 15:43:49.316 [main] INFO  c.z.h.HikariDataSource - HikariPool-1 - Starting...
2026-02-25 15:43:49.468 [main] INFO  c.z.h.p.HikariPool - HikariPool-1 - Added connection com.mysql.cj.jdbc.ConnectionImpl@a6fc2e1
2026-02-25 15:43:49.480 [main] INFO  c.z.h.HikariDataSource - HikariPool-1 - Start completed.
2026-02-25 15:43:50.570 [RMI TCP Connection(2)-192.168.198.23] INFO  o.s.w.s.DispatcherServlet - Initializing Servlet 'dispatcherServlet'
2026-02-25 15:43:50.573 [RMI TCP Connection(2)-192.168.198.23] INFO  o.s.w.s.DispatcherServlet - Completed initialization in 3 ms
2026-02-25 15:44:09.216 [http-nio-80-exec-1] DEBUG o.s.s.w.FilterChainProxy - Securing GET /index?pn=1&size=10
2026-02-25 15:44:09.275 [http-nio-80-exec-1] DEBUG o.s.s.w.FilterChainProxy - Secured GET /index?pn=1&size=10
2026-02-25 15:44:34.922 [http-nio-80-exec-2] DEBUG o.s.s.w.FilterChainProxy - Securing GET /index?pn=1&size=10
2026-02-25 15:44:34.925 [http-nio-80-exec-2] DEBUG o.s.s.w.FilterChainProxy - Secured GET /index?pn=1&size=10
2026-02-25 15:44:40.001 [http-nio-80-exec-3] DEBUG o.s.s.w.FilterChainProxy - Securing GET /index?pn=1&size=10
2026-02-25 15:44:40.003 [http-nio-80-exec-3] DEBUG o.s.s.w.FilterChainProxy - Secured GET /index?pn=1&size=10
2026-02-25 15:44:49.112 [MessageBroker-3] INFO  o.s.w.s.c.WebSocketMessageBrokerStats - WebSocketSession[0 current WS(0)-HttpStream(0)-HttpPoll(0), 0 total, 0 closed abnormally (0 connect failure, 0 send limit, 0 transport error)], stompSubProtocol[processed CONNECT(0)-CONNECTED(0)-DISCONNECT(0)], stompBrokerRelay[null], inboundChannel[pool size = 0, active threads = 0, queued tasks = 0, completed tasks = 0], outboundChannel[pool size = 0, active threads = 0, queued tasks = 0, completed tasks = 0], sockJsScheduler[pool size = 14, active threads = 1, queued tasks = 1, completed tasks = 12]
2026-02-25 15:45:46.286 [http-nio-80-exec-6] DEBUG o.s.s.w.FilterChainProxy - Securing GET /index?pn=1&size=10
2026-02-25 15:45:46.288 [http-nio-80-exec-6] DEBUG o.s.s.w.FilterChainProxy - Secured GET /index?pn=1&size=10
2026-02-25 15:45:51.574 [http-nio-80-exec-7] DEBUG o.s.s.w.FilterChainProxy - Securing GET /index?pn=1&size=10
2026-02-25 15:45:51.577 [http-nio-80-exec-7] DEBUG o.s.s.w.FilterChainProxy - Secured GET /index?pn=1&size=10
2026-02-25 15:45:51.580 [http-nio-80-exec-8] DEBUG o.s.s.w.FilterChainProxy - Securing GET /index?pn=1&size=10
2026-02-25 15:45:51.582 [http-nio-80-exec-8] DEBUG o.s.s.w.FilterChainProxy - Secured GET /index?pn=1&size=10
2026-02-25 15:45:56.163 [http-nio-80-exec-9] DEBUG o.s.s.w.FilterChainProxy - Securing GET /index?pn=1&size=10
2026-02-25 15:45:56.165 [http-nio-80-exec-9] DEBUG o.s.s.w.FilterChainProxy - Secured GET /index?pn=1&size=10
2026-02-25 15:46:43.345 [http-nio-80-exec-10] DEBUG o.s.s.w.FilterChainProxy - Securing GET /index?pn=1&size=10
2026-02-25 15:46:43.347 [http-nio-80-exec-10] DEBUG o.s.s.w.FilterChainProxy - Secured GET /index?pn=1&size=10
2026-02-25 15:46:43.347 [http-nio-80-exec-1] DEBUG o.s.s.w.FilterChainProxy - Securing GET /index?pn=1&size=10
2026-02-25 15:46:43.349 [http-nio-80-exec-1] DEBUG o.s.s.w.FilterChainProxy - Secured GET /index?pn=1&size=10
2026-02-25 15:50:21.694 [http-nio-80-exec-4] DEBUG o.s.s.w.FilterChainProxy - Securing GET /index?pn=1&size=10
2026-02-25 15:50:21.694 [http-nio-80-exec-5] DEBUG o.s.s.w.FilterChainProxy - Securing GET /index?pn=1&size=10
2026-02-25 15:50:21.696 [http-nio-80-exec-4] DEBUG o.s.s.w.FilterChainProxy - Secured GET /index?pn=1&size=10
2026-02-25 15:50:21.696 [http-nio-80-exec-5] DEBUG o.s.s.w.FilterChainProxy - Secured GET /index?pn=1&size=10
2026-02-25 15:50:26.459 [http-nio-80-exec-6] DEBUG o.s.s.w.FilterChainProxy - Securing GET /index?pn=1&size=10
2026-02-25 15:50:26.461 [http-nio-80-exec-6] DEBUG o.s.s.w.FilterChainProxy - Secured GET /index?pn=1&size=10
2026-02-25 15:50:33.813 [http-nio-80-exec-7] DEBUG o.s.s.w.FilterChainProxy - Securing GET /index?pn=1&size=10
2026-02-25 15:50:33.814 [http-nio-80-exec-7] DEBUG o.s.s.w.FilterChainProxy - Secured GET /index?pn=1&size=10
2026-02-25 15:51:10.380 [http-nio-80-exec-8] DEBUG o.s.s.w.FilterChainProxy - Securing GET /index?pn=1&size=10
2026-02-25 15:51:10.382 [http-nio-80-exec-8] DEBUG o.s.s.w.FilterChainProxy - Secured GET /index?pn=1&size=10
2026-02-25 15:51:10.386 [http-nio-80-exec-9] DEBUG o.s.s.w.FilterChainProxy - Securing GET /index?pn=1&size=10
2026-02-25 15:51:10.388 [http-nio-80-exec-9] DEBUG o.s.s.w.FilterChainProxy - Secured GET /index?pn=1&size=10
2026-02-25 15:52:13.564 [http-nio-80-exec-3] DEBUG o.s.s.w.FilterChainProxy - Securing GET /index?pn=1&size=10
2026-02-25 15:52:13.566 [http-nio-80-exec-3] DEBUG o.s.s.w.FilterChainProxy - Secured GET /index?pn=1&size=10
2026-02-25 15:52:13.576 [http-nio-80-exec-2] DEBUG o.s.s.w.FilterChainProxy - Securing GET /index?pn=1&size=10
2026-02-25 15:52:13.577 [http-nio-80-exec-2] DEBUG o.s.s.w.FilterChainProxy - Secured GET /index?pn=1&size=10
2026-02-25 16:14:49.113 [MessageBroker-1] INFO  o.s.w.s.c.WebSocketMessageBrokerStats - WebSocketSession[0 current WS(0)-HttpStream(0)-HttpPoll(0), 0 total, 0 closed abnormally (0 connect failure, 0 send limit, 0 transport error)], stompSubProtocol[processed CONNECT(0)-CONNECTED(0)-DISCONNECT(0)], stompBrokerRelay[null], inboundChannel[pool size = 0, active threads = 0, queued tasks = 0, completed tasks = 0], outboundChannel[pool size = 0, active threads = 0, queued tasks = 0, completed tasks = 0], sockJsScheduler[pool size = 22, active threads = 1, queued tasks = 1, completed tasks = 373]
2026-02-25 16:44:49.117 [MessageBroker-6] INFO  o.s.w.s.c.WebSocketMessageBrokerStats - WebSocketSession[0 current WS(0)-HttpStream(0)-HttpPoll(0), 0 total, 0 closed abnormally (0 connect failure, 0 send limit, 0 transport error)], stompSubProtocol[processed CONNECT(0)-CONNECTED(0)-DISCONNECT(0)], stompBrokerRelay[null], inboundChannel[pool size = 0, active threads = 0, queued tasks = 0, completed tasks = 0], outboundChannel[pool size = 0, active threads = 0, queued tasks = 0, completed tasks = 0], sockJsScheduler[pool size = 22, active threads = 1, queued tasks = 1, completed tasks = 734]
2026-02-25 17:14:49.133 [MessageBroker-11] INFO  o.s.w.s.c.WebSocketMessageBrokerStats - WebSocketSession[0 current WS(0)-HttpStream(0)-HttpPoll(0), 0 total, 0 closed abnormally (0 connect failure, 0 send limit, 0 transport error)], stompSubProtocol[processed CONNECT(0)-CONNECTED(0)-DISCONNECT(0)], stompBrokerRelay[null], inboundChannel[pool size = 0, active threads = 0, queued tasks = 0, completed tasks = 0], outboundChannel[pool size = 0, active threads = 0, queued tasks = 0, completed tasks = 0], sockJsScheduler[pool size = 22, active threads = 1, queued tasks = 1, completed tasks = 1095]
2026-02-25 17:32:08.305 [http-nio-80-exec-6] DEBUG o.s.s.w.FilterChainProxy - Securing GET /index?pn=1&size=10
2026-02-25 17:32:08.307 [http-nio-80-exec-6] DEBUG o.s.s.w.FilterChainProxy - Secured GET /index?pn=1&size=10
2026-02-25 17:32:34.579 [http-nio-80-exec-7] DEBUG o.s.s.w.FilterChainProxy - Securing GET /index?pn=1&size=10
2026-02-25 17:32:34.581 [http-nio-80-exec-7] DEBUG o.s.s.w.FilterChainProxy - Secured GET /index?pn=1&size=10
2026-02-25 17:36:01.438 [http-nio-80-exec-9] DEBUG o.s.s.w.FilterChainProxy - Securing GET /index?pn=1&size=10
2026-02-25 17:36:01.439 [http-nio-80-exec-9] DEBUG o.s.s.w.FilterChainProxy - Secured GET /index?pn=1&size=10
2026-02-25 17:38:16.637 [http-nio-80-exec-10] DEBUG o.s.s.w.FilterChainProxy - Securing GET /index?pn=1&size=10
2026-02-25 17:38:16.639 [http-nio-80-exec-10] DEBUG o.s.s.w.FilterChainProxy - Secured GET /index?pn=1&size=10
2026-02-25 17:44:37.629 [http-nio-80-exec-2] DEBUG o.s.s.w.FilterChainProxy - Securing GET /index?pn=1&size=10
2026-02-25 17:44:37.631 [http-nio-80-exec-2] DEBUG o.s.s.w.FilterChainProxy - Secured GET /index?pn=1&size=10
2026-02-25 17:44:49.144 [MessageBroker-16] INFO  o.s.w.s.c.WebSocketMessageBrokerStats - WebSocketSession[0 current WS(0)-HttpStream(0)-HttpPoll(0), 0 total, 0 closed abnormally (0 connect failure, 0 send limit, 0 transport error)], stompSubProtocol[processed CONNECT(0)-CONNECTED(0)-DISCONNECT(0)], stompBrokerRelay[null], inboundChannel[pool size = 0, active threads = 0, queued tasks = 0, completed tasks = 0], outboundChannel[pool size = 0, active threads = 0, queued tasks = 0, completed tasks = 0], sockJsScheduler[pool size = 22, active threads = 1, queued tasks = 1, completed tasks = 1456]
2026-02-25 17:50:53.521 [http-nio-80-exec-4] DEBUG o.s.s.w.FilterChainProxy - Securing GET /index?pn=1&size=10
2026-02-25 17:50:53.523 [http-nio-80-exec-4] DEBUG o.s.s.w.FilterChainProxy - Secured GET /index?pn=1&size=10
2026-02-25 17:51:07.740 [http-nio-80-exec-6] DEBUG o.s.s.w.FilterChainProxy - Securing GET /index?pn=1&size=10
2026-02-25 17:51:07.741 [http-nio-80-exec-6] DEBUG o.s.s.w.FilterChainProxy - Secured GET /index?pn=1&size=10
2026-02-25 17:51:39.057 [http-nio-80-exec-7] DEBUG o.s.s.w.FilterChainProxy - Securing GET /index?pn=1&size=10
2026-02-25 17:51:39.058 [http-nio-80-exec-7] DEBUG o.s.s.w.FilterChainProxy - Secured GET /index?pn=1&size=10
2026-02-25 17:51:59.624 [http-nio-80-exec-8] DEBUG o.s.s.w.FilterChainProxy - Securing GET /index?pn=1&size=10
2026-02-25 17:51:59.625 [http-nio-80-exec-8] DEBUG o.s.s.w.FilterChainProxy - Secured GET /index?pn=1&size=10
2026-02-25 17:51:59.630 [http-nio-80-exec-9] DEBUG o.s.s.w.FilterChainProxy - Securing GET /user/info
2026-02-25 17:51:59.633 [http-nio-80-exec-9] DEBUG o.s.s.w.a.Http403ForbiddenEntryPoint - Pre-authenticated entry point called. Rejecting access
2026-02-25 17:51:59.647 [http-nio-80-exec-9] DEBUG o.s.s.w.FilterChainProxy - Securing GET /error
2026-02-25 17:51:59.647 [http-nio-80-exec-9] DEBUG o.s.s.w.a.Http403ForbiddenEntryPoint - Pre-authenticated entry point called. Rejecting access
2026-02-25 17:52:38.472 [http-nio-80-exec-10] DEBUG o.s.s.w.FilterChainProxy - Securing GET /user/info
2026-02-25 17:52:38.472 [http-nio-80-exec-1] DEBUG o.s.s.w.FilterChainProxy - Securing GET /index?pn=1&size=10
2026-02-25 17:52:38.473 [http-nio-80-exec-1] DEBUG o.s.s.w.FilterChainProxy - Secured GET /index?pn=1&size=10
2026-02-25 17:52:38.473 [http-nio-80-exec-10] DEBUG o.s.s.w.a.Http403ForbiddenEntryPoint - Pre-authenticated entry point called. Rejecting access
2026-02-25 17:52:38.475 [http-nio-80-exec-10] DEBUG o.s.s.w.FilterChainProxy - Securing GET /error
2026-02-25 17:52:38.475 [http-nio-80-exec-10] DEBUG o.s.s.w.a.Http403ForbiddenEntryPoint - Pre-authenticated entry point called. Rejecting access
2026-02-25 17:54:37.051 [http-nio-80-exec-5] DEBUG o.s.s.w.FilterChainProxy - Securing GET /index?pn=1&size=10
2026-02-25 17:54:37.051 [http-nio-80-exec-4] DEBUG o.s.s.w.FilterChainProxy - Securing GET /user/info
2026-02-25 17:54:37.052 [http-nio-80-exec-5] DEBUG o.s.s.w.FilterChainProxy - Secured GET /index?pn=1&size=10
2026-02-25 17:54:37.052 [http-nio-80-exec-4] DEBUG o.s.s.w.a.Http403ForbiddenEntryPoint - Pre-authenticated entry point called. Rejecting access
2026-02-25 17:54:37.052 [http-nio-80-exec-4] DEBUG o.s.s.w.FilterChainProxy - Securing GET /error
2026-02-25 17:54:37.054 [http-nio-80-exec-4] DEBUG o.s.s.w.a.Http403ForbiddenEntryPoint - Pre-authenticated entry point called. Rejecting access
2026-02-25 17:54:37.084 [http-nio-80-exec-6] DEBUG o.s.s.w.FilterChainProxy - Securing GET /index?pn=1&size=10
2026-02-25 17:54:37.086 [http-nio-80-exec-7] DEBUG o.s.s.w.FilterChainProxy - Securing GET /user/info
2026-02-25 17:54:37.086 [http-nio-80-exec-7] DEBUG o.s.s.w.a.Http403ForbiddenEntryPoint - Pre-authenticated entry point called. Rejecting access
2026-02-25 17:54:37.086 [http-nio-80-exec-6] DEBUG o.s.s.w.FilterChainProxy - Secured GET /index?pn=1&size=10
2026-02-25 17:54:37.087 [http-nio-80-exec-7] DEBUG o.s.s.w.FilterChainProxy - Securing GET /error
2026-02-25 17:54:37.087 [http-nio-80-exec-7] DEBUG o.s.s.w.a.Http403ForbiddenEntryPoint - Pre-authenticated entry point called. Rejecting access
2026-02-25 17:54:55.496 [http-nio-80-exec-9] DEBUG o.s.s.w.FilterChainProxy - Securing GET /user/info
2026-02-25 17:54:55.496 [http-nio-80-exec-8] DEBUG o.s.s.w.FilterChainProxy - Securing GET /index?pn=1&size=10
2026-02-25 17:54:55.498 [http-nio-80-exec-8] DEBUG o.s.s.w.FilterChainProxy - Secured GET /index?pn=1&size=10
2026-02-25 17:54:55.498 [http-nio-80-exec-9] DEBUG o.s.s.w.a.Http403ForbiddenEntryPoint - Pre-authenticated entry point called. Rejecting access
2026-02-25 17:54:55.498 [http-nio-80-exec-9] DEBUG o.s.s.w.FilterChainProxy - Securing GET /error
2026-02-25 17:54:55.499 [http-nio-80-exec-9] DEBUG o.s.s.w.a.Http403ForbiddenEntryPoint - Pre-authenticated entry point called. Rejecting access
2026-02-25 17:54:55.527 [http-nio-80-exec-10] DEBUG o.s.s.w.FilterChainProxy - Securing GET /index?pn=1&size=10
2026-02-25 17:54:55.527 [http-nio-80-exec-1] DEBUG o.s.s.w.FilterChainProxy - Securing GET /user/info
2026-02-25 17:54:55.529 [http-nio-80-exec-1] DEBUG o.s.s.w.a.Http403ForbiddenEntryPoint - Pre-authenticated entry point called. Rejecting access
2026-02-25 17:54:55.529 [http-nio-80-exec-10] DEBUG o.s.s.w.FilterChainProxy - Secured GET /index?pn=1&size=10
2026-02-25 17:54:55.529 [http-nio-80-exec-1] DEBUG o.s.s.w.FilterChainProxy - Securing GET /error
2026-02-25 17:54:55.529 [http-nio-80-exec-1] DEBUG o.s.s.w.a.Http403ForbiddenEntryPoint - Pre-authenticated entry point called. Rejecting access
2026-02-25 17:54:58.567 [http-nio-80-exec-3] DEBUG o.s.s.w.FilterChainProxy - Securing GET /user/info
2026-02-25 17:54:58.567 [http-nio-80-exec-2] DEBUG o.s.s.w.FilterChainProxy - Securing GET /index?pn=1&size=10
2026-02-25 17:54:58.568 [http-nio-80-exec-3] DEBUG o.s.s.w.a.Http403ForbiddenEntryPoint - Pre-authenticated entry point called. Rejecting access
2026-02-25 17:54:58.568 [http-nio-80-exec-2] DEBUG o.s.s.w.FilterChainProxy - Secured GET /index?pn=1&size=10
2026-02-25 17:54:58.568 [http-nio-80-exec-3] DEBUG o.s.s.w.FilterChainProxy - Securing GET /error
2026-02-25 17:54:58.570 [http-nio-80-exec-3] DEBUG o.s.s.w.a.Http403ForbiddenEntryPoint - Pre-authenticated entry point called. Rejecting access
2026-02-25 17:54:58.599 [http-nio-80-exec-4] DEBUG o.s.s.w.FilterChainProxy - Securing GET /index?pn=1&size=10
2026-02-25 17:54:58.599 [http-nio-80-exec-5] DEBUG o.s.s.w.FilterChainProxy - Securing GET /user/info
2026-02-25 17:54:58.601 [http-nio-80-exec-5] DEBUG o.s.s.w.a.Http403ForbiddenEntryPoint - Pre-authenticated entry point called. Rejecting access
2026-02-25 17:54:58.601 [http-nio-80-exec-4] DEBUG o.s.s.w.FilterChainProxy - Secured GET /index?pn=1&size=10
2026-02-25 17:54:58.602 [http-nio-80-exec-5] DEBUG o.s.s.w.FilterChainProxy - Securing GET /error
2026-02-25 17:54:58.602 [http-nio-80-exec-5] DEBUG o.s.s.w.a.Http403ForbiddenEntryPoint - Pre-authenticated entry point called. Rejecting access
2026-02-25 17:55:32.873 [http-nio-80-exec-7] DEBUG o.s.s.w.FilterChainProxy - Securing GET /index?pn=1&size=10
2026-02-25 17:55:32.873 [http-nio-80-exec-6] DEBUG o.s.s.w.FilterChainProxy - Securing GET /user/info
2026-02-25 17:55:32.874 [http-nio-80-exec-6] DEBUG o.s.s.w.a.Http403ForbiddenEntryPoint - Pre-authenticated entry point called. Rejecting access
2026-02-25 17:55:32.874 [http-nio-80-exec-7] DEBUG o.s.s.w.FilterChainProxy - Secured GET /index?pn=1&size=10
2026-02-25 17:55:32.875 [http-nio-80-exec-6] DEBUG o.s.s.w.FilterChainProxy - Securing GET /error
2026-02-25 17:55:32.875 [http-nio-80-exec-6] DEBUG o.s.s.w.a.Http403ForbiddenEntryPoint - Pre-authenticated entry point called. Rejecting access
2026-02-25 17:55:32.913 [http-nio-80-exec-9] DEBUG o.s.s.w.FilterChainProxy - Securing GET /index?pn=1&size=10
2026-02-25 17:55:32.915 [http-nio-80-exec-8] DEBUG o.s.s.w.FilterChainProxy - Securing GET /user/info
2026-02-25 17:55:32.915 [http-nio-80-exec-9] DEBUG o.s.s.w.FilterChainProxy - Secured GET /index?pn=1&size=10
2026-02-25 17:55:32.915 [http-nio-80-exec-8] DEBUG o.s.s.w.a.Http403ForbiddenEntryPoint - Pre-authenticated entry point called. Rejecting access
2026-02-25 17:55:32.916 [http-nio-80-exec-8] DEBUG o.s.s.w.FilterChainProxy - Securing GET /error
2026-02-25 17:55:32.916 [http-nio-80-exec-8] DEBUG o.s.s.w.a.Http403ForbiddenEntryPoint - Pre-authenticated entry point called. Rejecting access
2026-02-25 17:55:33.354 [http-nio-80-exec-1] DEBUG o.s.s.w.FilterChainProxy - Securing GET /index?pn=1&size=10
2026-02-25 17:55:33.354 [http-nio-80-exec-10] DEBUG o.s.s.w.FilterChainProxy - Securing GET /user/info
2026-02-25 17:55:33.354 [http-nio-80-exec-10] DEBUG o.s.s.w.a.Http403ForbiddenEntryPoint - Pre-authenticated entry point called. Rejecting access
2026-02-25 17:55:33.354 [http-nio-80-exec-1] DEBUG o.s.s.w.FilterChainProxy - Secured GET /index?pn=1&size=10
2026-02-25 17:55:33.355 [http-nio-80-exec-10] DEBUG o.s.s.w.FilterChainProxy - Securing GET /error
2026-02-25 17:55:33.356 [http-nio-80-exec-10] DEBUG o.s.s.w.a.Http403ForbiddenEntryPoint - Pre-authenticated entry point called. Rejecting access
2026-02-25 17:55:33.370 [http-nio-80-exec-2] DEBUG o.s.s.w.FilterChainProxy - Securing GET /user/info
2026-02-25 17:55:33.370 [http-nio-80-exec-3] DEBUG o.s.s.w.FilterChainProxy - Securing GET /index?pn=1&size=10
2026-02-25 17:55:33.371 [http-nio-80-exec-2] DEBUG o.s.s.w.a.Http403ForbiddenEntryPoint - Pre-authenticated entry point called. Rejecting access
2026-02-25 17:55:33.371 [http-nio-80-exec-3] DEBUG o.s.s.w.FilterChainProxy - Secured GET /index?pn=1&size=10
2026-02-25 17:55:33.372 [http-nio-80-exec-2] DEBUG o.s.s.w.FilterChainProxy - Securing GET /error
2026-02-25 17:55:33.373 [http-nio-80-exec-2] DEBUG o.s.s.w.a.Http403ForbiddenEntryPoint - Pre-authenticated entry point called. Rejecting access
2026-02-25 17:55:36.550 [http-nio-80-exec-5] DEBUG o.s.s.w.FilterChainProxy - Securing GET /index?pn=1&size=10
2026-02-25 17:55:36.550 [http-nio-80-exec-4] DEBUG o.s.s.w.FilterChainProxy - Securing GET /user/info
2026-02-25 17:55:36.550 [http-nio-80-exec-5] DEBUG o.s.s.w.FilterChainProxy - Secured GET /index?pn=1&size=10
2026-02-25 17:55:36.550 [http-nio-80-exec-4] DEBUG o.s.s.w.a.Http403ForbiddenEntryPoint - Pre-authenticated entry point called. Rejecting access
2026-02-25 17:55:36.552 [http-nio-80-exec-4] DEBUG o.s.s.w.FilterChainProxy - Securing GET /error
2026-02-25 17:55:36.552 [http-nio-80-exec-4] DEBUG o.s.s.w.a.Http403ForbiddenEntryPoint - Pre-authenticated entry point called. Rejecting access
2026-02-25 17:55:36.576 [http-nio-80-exec-6] DEBUG o.s.s.w.FilterChainProxy - Securing GET /index?pn=1&size=10
2026-02-25 17:55:36.577 [http-nio-80-exec-7] DEBUG o.s.s.w.FilterChainProxy - Securing GET /user/info
2026-02-25 17:55:36.577 [http-nio-80-exec-7] DEBUG o.s.s.w.a.Http403ForbiddenEntryPoint - Pre-authenticated entry point called. Rejecting access
2026-02-25 17:55:36.577 [http-nio-80-exec-6] DEBUG o.s.s.w.FilterChainProxy - Secured GET /index?pn=1&size=10
2026-02-25 17:55:36.579 [http-nio-80-exec-7] DEBUG o.s.s.w.FilterChainProxy - Securing GET /error
2026-02-25 17:55:36.579 [http-nio-80-exec-7] DEBUG o.s.s.w.a.Http403ForbiddenEntryPoint - Pre-authenticated entry point called. Rejecting access
2026-02-25 17:55:37.912 [http-nio-80-exec-9] DEBUG o.s.s.w.FilterChainProxy - Securing GET /user/info
2026-02-25 17:55:37.912 [http-nio-80-exec-8] DEBUG o.s.s.w.FilterChainProxy - Securing GET /index?pn=1&size=10
2026-02-25 17:55:37.913 [http-nio-80-exec-9] DEBUG o.s.s.w.a.Http403ForbiddenEntryPoint - Pre-authenticated entry point called. Rejecting access
2026-02-25 17:55:37.913 [http-nio-80-exec-8] DEBUG o.s.s.w.FilterChainProxy - Secured GET /index?pn=1&size=10
2026-02-25 17:55:37.915 [http-nio-80-exec-9] DEBUG o.s.s.w.FilterChainProxy - Securing GET /error
2026-02-25 17:55:37.915 [http-nio-80-exec-9] DEBUG o.s.s.w.a.Http403ForbiddenEntryPoint - Pre-authenticated entry point called. Rejecting access
2026-02-25 17:55:37.932 [http-nio-80-exec-1] DEBUG o.s.s.w.FilterChainProxy - Securing GET /user/info
2026-02-25 17:55:37.932 [http-nio-80-exec-10] DEBUG o.s.s.w.FilterChainProxy - Securing GET /index?pn=1&size=10
2026-02-25 17:55:37.934 [http-nio-80-exec-10] DEBUG o.s.s.w.FilterChainProxy - Secured GET /index?pn=1&size=10
2026-02-25 17:55:37.934 [http-nio-80-exec-1] DEBUG o.s.s.w.a.Http403ForbiddenEntryPoint - Pre-authenticated entry point called. Rejecting access
2026-02-25 17:55:37.935 [http-nio-80-exec-1] DEBUG o.s.s.w.FilterChainProxy - Securing GET /error
2026-02-25 17:55:37.935 [http-nio-80-exec-1] DEBUG o.s.s.w.a.Http403ForbiddenEntryPoint - Pre-authenticated entry point called. Rejecting access
2026-02-25 17:55:40.030 [http-nio-80-exec-2] DEBUG o.s.s.w.FilterChainProxy - Securing GET /index?pn=1&size=10
2026-02-25 17:55:40.031 [http-nio-80-exec-3] DEBUG o.s.s.w.FilterChainProxy - Securing GET /user/info
2026-02-25 17:55:40.031 [http-nio-80-exec-3] DEBUG o.s.s.w.a.Http403ForbiddenEntryPoint - Pre-authenticated entry point called. Rejecting access
2026-02-25 17:55:40.031 [http-nio-80-exec-2] DEBUG o.s.s.w.FilterChainProxy - Secured GET /index?pn=1&size=10
2026-02-25 17:55:40.033 [http-nio-80-exec-3] DEBUG o.s.s.w.FilterChainProxy - Securing GET /error
2026-02-25 17:55:40.033 [http-nio-80-exec-3] DEBUG o.s.s.w.a.Http403ForbiddenEntryPoint - Pre-authenticated entry point called. Rejecting access
2026-02-25 17:55:40.057 [http-nio-80-exec-4] DEBUG o.s.s.w.FilterChainProxy - Securing GET /index?pn=1&size=10
2026-02-25 17:55:40.059 [http-nio-80-exec-5] DEBUG o.s.s.w.FilterChainProxy - Securing GET /user/info
2026-02-25 17:55:40.059 [http-nio-80-exec-4] DEBUG o.s.s.w.FilterChainProxy - Secured GET /index?pn=1&size=10
2026-02-25 17:55:40.059 [http-nio-80-exec-5] DEBUG o.s.s.w.a.Http403ForbiddenEntryPoint - Pre-authenticated entry point called. Rejecting access
2026-02-25 17:55:40.060 [http-nio-80-exec-5] DEBUG o.s.s.w.FilterChainProxy - Securing GET /error
2026-02-25 17:55:40.060 [http-nio-80-exec-5] DEBUG o.s.s.w.a.Http403ForbiddenEntryPoint - Pre-authenticated entry point called. Rejecting access
2026-02-25 17:55:40.519 [http-nio-80-exec-6] DEBUG o.s.s.w.FilterChainProxy - Securing GET /user/info
2026-02-25 17:55:40.519 [http-nio-80-exec-7] DEBUG o.s.s.w.FilterChainProxy - Securing GET /index?pn=1&size=10
2026-02-25 17:55:40.521 [http-nio-80-exec-6] DEBUG o.s.s.w.a.Http403ForbiddenEntryPoint - Pre-authenticated entry point called. Rejecting access
2026-02-25 17:55:40.521 [http-nio-80-exec-7] DEBUG o.s.s.w.FilterChainProxy - Secured GET /index?pn=1&size=10
2026-02-25 17:55:40.522 [http-nio-80-exec-6] DEBUG o.s.s.w.FilterChainProxy - Securing GET /error
2026-02-25 17:55:40.522 [http-nio-80-exec-6] DEBUG o.s.s.w.a.Http403ForbiddenEntryPoint - Pre-authenticated entry point called. Rejecting access
2026-02-25 17:55:40.541 [http-nio-80-exec-8] DEBUG o.s.s.w.FilterChainProxy - Securing GET /user/info
2026-02-25 17:55:40.541 [http-nio-80-exec-9] DEBUG o.s.s.w.FilterChainProxy - Securing GET /index?pn=1&size=10
2026-02-25 17:55:40.541 [http-nio-80-exec-8] DEBUG o.s.s.w.a.Http403ForbiddenEntryPoint - Pre-authenticated entry point called. Rejecting access
2026-02-25 17:55:40.541 [http-nio-80-exec-9] DEBUG o.s.s.w.FilterChainProxy - Secured GET /index?pn=1&size=10
2026-02-25 17:55:40.542 [http-nio-80-exec-8] DEBUG o.s.s.w.FilterChainProxy - Securing GET /error
2026-02-25 17:55:40.542 [http-nio-80-exec-8] DEBUG o.s.s.w.a.Http403ForbiddenEntryPoint - Pre-authenticated entry point called. Rejecting access
2026-02-25 17:55:41.313 [http-nio-80-exec-1] DEBUG o.s.s.w.FilterChainProxy - Securing GET /index?pn=1&size=10
2026-02-25 17:55:41.313 [http-nio-80-exec-10] DEBUG o.s.s.w.FilterChainProxy - Securing GET /user/info
2026-02-25 17:55:41.315 [http-nio-80-exec-10] DEBUG o.s.s.w.a.Http403ForbiddenEntryPoint - Pre-authenticated entry point called. Rejecting access
2026-02-25 17:55:41.315 [http-nio-80-exec-1] DEBUG o.s.s.w.FilterChainProxy - Secured GET /index?pn=1&size=10
2026-02-25 17:55:41.315 [http-nio-80-exec-10] DEBUG o.s.s.w.FilterChainProxy - Securing GET /error
2026-02-25 17:55:41.315 [http-nio-80-exec-10] DEBUG o.s.s.w.a.Http403ForbiddenEntryPoint - Pre-authenticated entry point called. Rejecting access
2026-02-25 17:55:41.327 [http-nio-80-exec-3] DEBUG o.s.s.w.FilterChainProxy - Securing GET /index?pn=1&size=10
2026-02-25 17:55:41.327 [http-nio-80-exec-2] DEBUG o.s.s.w.FilterChainProxy - Securing GET /user/info
2026-02-25 17:55:41.328 [http-nio-80-exec-2] DEBUG o.s.s.w.a.Http403ForbiddenEntryPoint - Pre-authenticated entry point called. Rejecting access
2026-02-25 17:55:41.328 [http-nio-80-exec-3] DEBUG o.s.s.w.FilterChainProxy - Secured GET /index?pn=1&size=10
2026-02-25 17:55:41.328 [http-nio-80-exec-2] DEBUG o.s.s.w.FilterChainProxy - Securing GET /error
2026-02-25 17:55:41.330 [http-nio-80-exec-2] DEBUG o.s.s.w.a.Http403ForbiddenEntryPoint - Pre-authenticated entry point called. Rejecting access
2026-02-25 17:55:44.162 [http-nio-80-exec-5] DEBUG o.s.s.w.FilterChainProxy - Securing GET /index?pn=1&size=10
2026-02-25 17:55:44.162 [http-nio-80-exec-4] DEBUG o.s.s.w.FilterChainProxy - Securing GET /user/info
2026-02-25 17:55:44.163 [http-nio-80-exec-4] DEBUG o.s.s.w.a.Http403ForbiddenEntryPoint - Pre-authenticated entry point called. Rejecting access
2026-02-25 17:55:44.163 [http-nio-80-exec-5] DEBUG o.s.s.w.FilterChainProxy - Secured GET /index?pn=1&size=10
2026-02-25 17:55:44.163 [http-nio-80-exec-4] DEBUG o.s.s.w.FilterChainProxy - Securing GET /error
2026-02-25 17:55:44.165 [http-nio-80-exec-4] DEBUG o.s.s.w.a.Http403ForbiddenEntryPoint - Pre-authenticated entry point called. Rejecting access
2026-02-25 17:55:44.173 [http-nio-80-exec-6] DEBUG o.s.s.w.FilterChainProxy - Securing GET /user/info
2026-02-25 17:55:44.174 [http-nio-80-exec-6] DEBUG o.s.s.w.a.Http403ForbiddenEntryPoint - Pre-authenticated entry point called. Rejecting access
2026-02-25 17:55:44.175 [http-nio-80-exec-6] DEBUG o.s.s.w.FilterChainProxy - Securing GET /error
2026-02-25 17:55:44.175 [http-nio-80-exec-7] DEBUG o.s.s.w.FilterChainProxy - Securing GET /index?pn=1&size=10
2026-02-25 17:55:44.175 [http-nio-80-exec-6] DEBUG o.s.s.w.a.Http403ForbiddenEntryPoint - Pre-authenticated entry point called. Rejecting access
2026-02-25 17:55:44.175 [http-nio-80-exec-7] DEBUG o.s.s.w.FilterChainProxy - Secured GET /index?pn=1&size=10
2026-02-25 17:55:48.365 [http-nio-80-exec-8] DEBUG o.s.s.w.FilterChainProxy - Securing GET /index?pn=1&size=10
2026-02-25 17:55:48.365 [http-nio-80-exec-9] DEBUG o.s.s.w.FilterChainProxy - Securing GET /user/info
2026-02-25 17:55:48.367 [http-nio-80-exec-9] DEBUG o.s.s.w.a.Http403ForbiddenEntryPoint - Pre-authenticated entry point called. Rejecting access
2026-02-25 17:55:48.367 [http-nio-80-exec-8] DEBUG o.s.s.w.FilterChainProxy - Secured GET /index?pn=1&size=10
2026-02-25 17:55:48.367 [http-nio-80-exec-9] DEBUG o.s.s.w.FilterChainProxy - Securing GET /error
2026-02-25 17:55:48.368 [http-nio-80-exec-9] DEBUG o.s.s.w.a.Http403ForbiddenEntryPoint - Pre-authenticated entry point called. Rejecting access
2026-02-25 17:55:48.393 [http-nio-80-exec-10] DEBUG o.s.s.w.FilterChainProxy - Securing GET /user/info
2026-02-25 17:55:48.393 [http-nio-80-exec-1] DEBUG o.s.s.w.FilterChainProxy - Securing GET /index?pn=1&size=10
2026-02-25 17:55:48.393 [http-nio-80-exec-10] DEBUG o.s.s.w.a.Http403ForbiddenEntryPoint - Pre-authenticated entry point called. Rejecting access
2026-02-25 17:55:48.393 [http-nio-80-exec-1] DEBUG o.s.s.w.FilterChainProxy - Secured GET /index?pn=1&size=10
2026-02-25 17:55:48.395 [http-nio-80-exec-10] DEBUG o.s.s.w.FilterChainProxy - Securing GET /error
2026-02-25 17:55:48.395 [http-nio-80-exec-10] DEBUG o.s.s.w.a.Http403ForbiddenEntryPoint - Pre-authenticated entry point called. Rejecting access
2026-02-25 17:55:52.924 [http-nio-80-exec-3] DEBUG o.s.s.w.FilterChainProxy - Securing GET /user/info
2026-02-25 17:55:52.924 [http-nio-80-exec-2] DEBUG o.s.s.w.FilterChainProxy - Securing GET /index?pn=1&size=10
2026-02-25 17:55:52.926 [http-nio-80-exec-3] DEBUG o.s.s.w.a.Http403ForbiddenEntryPoint - Pre-authenticated entry point called. Rejecting access
2026-02-25 17:55:52.926 [http-nio-80-exec-2] DEBUG o.s.s.w.FilterChainProxy - Secured GET /index?pn=1&size=10
2026-02-25 17:55:52.926 [http-nio-80-exec-3] DEBUG o.s.s.w.FilterChainProxy - Securing GET /error
2026-02-25 17:55:52.926 [http-nio-80-exec-3] DEBUG o.s.s.w.a.Http403ForbiddenEntryPoint - Pre-authenticated entry point called. Rejecting access
2026-02-25 17:55:52.947 [http-nio-80-exec-5] DEBUG o.s.s.w.FilterChainProxy - Securing GET /user/info
2026-02-25 17:55:52.947 [http-nio-80-exec-4] DEBUG o.s.s.w.FilterChainProxy - Securing GET /index?pn=1&size=10
2026-02-25 17:55:52.949 [http-nio-80-exec-5] DEBUG o.s.s.w.a.Http403ForbiddenEntryPoint - Pre-authenticated entry point called. Rejecting access
2026-02-25 17:55:52.949 [http-nio-80-exec-4] DEBUG o.s.s.w.FilterChainProxy - Secured GET /index?pn=1&size=10
2026-02-25 17:55:52.949 [http-nio-80-exec-5] DEBUG o.s.s.w.FilterChainProxy - Securing GET /error
2026-02-25 17:55:52.949 [http-nio-80-exec-5] DEBUG o.s.s.w.a.Http403ForbiddenEntryPoint - Pre-authenticated entry point called. Rejecting access
2026-02-25 17:55:53.271 [http-nio-80-exec-6] DEBUG o.s.s.w.FilterChainProxy - Securing GET /index?pn=1&size=10
2026-02-25 17:55:53.271 [http-nio-80-exec-7] DEBUG o.s.s.w.FilterChainProxy - Securing GET /user/info
2026-02-25 17:55:53.273 [http-nio-80-exec-7] DEBUG o.s.s.w.a.Http403ForbiddenEntryPoint - Pre-authenticated entry point called. Rejecting access
2026-02-25 17:55:53.273 [http-nio-80-exec-6] DEBUG o.s.s.w.FilterChainProxy - Secured GET /index?pn=1&size=10
2026-02-25 17:55:53.273 [http-nio-80-exec-7] DEBUG o.s.s.w.FilterChainProxy - Securing GET /error
2026-02-25 17:55:53.274 [http-nio-80-exec-7] DEBUG o.s.s.w.a.Http403ForbiddenEntryPoint - Pre-authenticated entry point called. Rejecting access
2026-02-25 17:55:53.296 [http-nio-80-exec-9] DEBUG o.s.s.w.FilterChainProxy - Securing GET /index?pn=1&size=10
2026-02-25 17:55:53.296 [http-nio-80-exec-8] DEBUG o.s.s.w.FilterChainProxy - Securing GET /user/info
2026-02-25 17:55:53.296 [http-nio-80-exec-9] DEBUG o.s.s.w.FilterChainProxy - Secured GET /index?pn=1&size=10
2026-02-25 17:55:53.296 [http-nio-80-exec-8] DEBUG o.s.s.w.a.Http403ForbiddenEntryPoint - Pre-authenticated entry point called. Rejecting access
2026-02-25 17:55:53.297 [http-nio-80-exec-8] DEBUG o.s.s.w.FilterChainProxy - Securing GET /error
2026-02-25 17:55:53.297 [http-nio-80-exec-8] DEBUG o.s.s.w.a.Http403ForbiddenEntryPoint - Pre-authenticated entry point called. Rejecting access
2026-02-25 17:55:54.468 [http-nio-80-exec-10] DEBUG o.s.s.w.FilterChainProxy - Securing GET /index?pn=1&size=10
2026-02-25 17:55:54.468 [http-nio-80-exec-1] DEBUG o.s.s.w.FilterChainProxy - Securing GET /user/info
2026-02-25 17:55:54.468 [http-nio-80-exec-1] DEBUG o.s.s.w.a.Http403ForbiddenEntryPoint - Pre-authenticated entry point called. Rejecting access
2026-02-25 17:55:54.468 [http-nio-80-exec-10] DEBUG o.s.s.w.FilterChainProxy - Secured GET /index?pn=1&size=10
2026-02-25 17:55:54.468 [http-nio-80-exec-1] DEBUG o.s.s.w.FilterChainProxy - Securing GET /error
2026-02-25 17:55:54.470 [http-nio-80-exec-1] DEBUG o.s.s.w.a.Http403ForbiddenEntryPoint - Pre-authenticated entry point called. Rejecting access
2026-02-25 17:55:54.485 [http-nio-80-exec-3] DEBUG o.s.s.w.FilterChainProxy - Securing GET /index?pn=1&size=10
2026-02-25 17:55:54.485 [http-nio-80-exec-2] DEBUG o.s.s.w.FilterChainProxy - Securing GET /user/info
2026-02-25 17:55:54.485 [http-nio-80-exec-3] DEBUG o.s.s.w.FilterChainProxy - Secured GET /index?pn=1&size=10
2026-02-25 17:55:54.485 [http-nio-80-exec-2] DEBUG o.s.s.w.a.Http403ForbiddenEntryPoint - Pre-authenticated entry point called. Rejecting access
2026-02-25 17:55:54.486 [http-nio-80-exec-2] DEBUG o.s.s.w.FilterChainProxy - Securing GET /error
2026-02-25 17:55:54.486 [http-nio-80-exec-2] DEBUG o.s.s.w.a.Http403ForbiddenEntryPoint - Pre-authenticated entry point called. Rejecting access
2026-02-25 17:55:55.185 [http-nio-80-exec-5] DEBUG o.s.s.w.FilterChainProxy - Securing GET /index?pn=1&size=10
2026-02-25 17:55:55.185 [http-nio-80-exec-4] DEBUG o.s.s.w.FilterChainProxy - Securing GET /user/info
2026-02-25 17:55:55.186 [http-nio-80-exec-5] DEBUG o.s.s.w.FilterChainProxy - Secured GET /index?pn=1&size=10
2026-02-25 17:55:55.186 [http-nio-80-exec-4] DEBUG o.s.s.w.a.Http403ForbiddenEntryPoint - Pre-authenticated entry point called. Rejecting access
2026-02-25 17:55:55.188 [http-nio-80-exec-4] DEBUG o.s.s.w.FilterChainProxy - Securing GET /error
2026-02-25 17:55:55.188 [http-nio-80-exec-4] DEBUG o.s.s.w.a.Http403ForbiddenEntryPoint - Pre-authenticated entry point called. Rejecting access
2026-02-25 17:55:55.198 [http-nio-80-exec-7] DEBUG o.s.s.w.FilterChainProxy - Securing GET /index?pn=1&size=10
2026-02-25 17:55:55.198 [http-nio-80-exec-6] DEBUG o.s.s.w.FilterChainProxy - Securing GET /user/info
2026-02-25 17:55:55.200 [http-nio-80-exec-7] DEBUG o.s.s.w.FilterChainProxy - Secured GET /index?pn=1&size=10
2026-02-25 17:55:55.200 [http-nio-80-exec-6] DEBUG o.s.s.w.a.Http403ForbiddenEntryPoint - Pre-authenticated entry point called. Rejecting access
2026-02-25 17:55:55.200 [http-nio-80-exec-6] DEBUG o.s.s.w.FilterChainProxy - Securing GET /error
2026-02-25 17:55:55.201 [http-nio-80-exec-6] DEBUG o.s.s.w.a.Http403ForbiddenEntryPoint - Pre-authenticated entry point called. Rejecting access
2026-02-25 17:55:56.942 [http-nio-80-exec-8] DEBUG o.s.s.w.FilterChainProxy - Securing GET /index?pn=1&size=10
2026-02-25 17:55:56.942 [http-nio-80-exec-9] DEBUG o.s.s.w.FilterChainProxy - Securing GET /user/info
2026-02-25 17:55:56.942 [http-nio-80-exec-8] DEBUG o.s.s.w.FilterChainProxy - Secured GET /index?pn=1&size=10
2026-02-25 17:55:56.942 [http-nio-80-exec-9] DEBUG o.s.s.w.a.Http403ForbiddenEntryPoint - Pre-authenticated entry point called. Rejecting access
2026-02-25 17:55:56.943 [http-nio-80-exec-9] DEBUG o.s.s.w.FilterChainProxy - Securing GET /error
2026-02-25 17:55:56.943 [http-nio-80-exec-9] DEBUG o.s.s.w.a.Http403ForbiddenEntryPoint - Pre-authenticated entry point called. Rejecting access
2026-02-25 17:55:56.960 [http-nio-80-exec-1] DEBUG o.s.s.w.FilterChainProxy - Securing GET /index?pn=1&size=10
2026-02-25 17:55:56.960 [http-nio-80-exec-10] DEBUG o.s.s.w.FilterChainProxy - Securing GET /user/info
2026-02-25 17:55:56.961 [http-nio-80-exec-10] DEBUG o.s.s.w.a.Http403ForbiddenEntryPoint - Pre-authenticated entry point called. Rejecting access
2026-02-25 17:55:56.961 [http-nio-80-exec-1] DEBUG o.s.s.w.FilterChainProxy - Secured GET /index?pn=1&size=10
2026-02-25 17:55:56.962 [http-nio-80-exec-10] DEBUG o.s.s.w.FilterChainProxy - Securing GET /error
2026-02-25 17:55:56.962 [http-nio-80-exec-10] DEBUG o.s.s.w.a.Http403ForbiddenEntryPoint - Pre-authenticated entry point called. Rejecting access
2026-02-25 17:55:57.345 [http-nio-80-exec-2] DEBUG o.s.s.w.FilterChainProxy - Securing GET /user/info
2026-02-25 17:55:57.345 [http-nio-80-exec-3] DEBUG o.s.s.w.FilterChainProxy - Securing GET /index?pn=1&size=10
2026-02-25 17:55:57.346 [http-nio-80-exec-3] DEBUG o.s.s.w.FilterChainProxy - Secured GET /index?pn=1&size=10
2026-02-25 17:55:57.346 [http-nio-80-exec-2] DEBUG o.s.s.w.a.Http403ForbiddenEntryPoint - Pre-authenticated entry point called. Rejecting access
2026-02-25 17:55:57.346 [http-nio-80-exec-2] DEBUG o.s.s.w.FilterChainProxy - Securing GET /error
2026-02-25 17:55:57.348 [http-nio-80-exec-2] DEBUG o.s.s.w.a.Http403ForbiddenEntryPoint - Pre-authenticated entry point called. Rejecting access
2026-02-25 17:55:57.357 [http-nio-80-exec-5] DEBUG o.s.s.w.FilterChainProxy - Securing GET /user/info
2026-02-25 17:55:57.357 [http-nio-80-exec-4] DEBUG o.s.s.w.FilterChainProxy - Securing GET /index?pn=1&size=10
2026-02-25 17:55:57.358 [http-nio-80-exec-5] DEBUG o.s.s.w.a.Http403ForbiddenEntryPoint - Pre-authenticated entry point called. Rejecting access
2026-02-25 17:55:57.358 [http-nio-80-exec-4] DEBUG o.s.s.w.FilterChainProxy - Secured GET /index?pn=1&size=10
2026-02-25 17:55:57.358 [http-nio-80-exec-5] DEBUG o.s.s.w.FilterChainProxy - Securing GET /error
2026-02-25 17:55:57.360 [http-nio-80-exec-5] DEBUG o.s.s.w.a.Http403ForbiddenEntryPoint - Pre-authenticated entry point called. Rejecting access
2026-02-25 17:55:58.698 [http-nio-80-exec-6] DEBUG o.s.s.w.FilterChainProxy - Securing GET /index?pn=1&size=10
2026-02-25 17:55:58.698 [http-nio-80-exec-7] DEBUG o.s.s.w.FilterChainProxy - Securing GET /user/info
2026-02-25 17:55:58.698 [http-nio-80-exec-7] DEBUG o.s.s.w.a.Http403ForbiddenEntryPoint - Pre-authenticated entry point called. Rejecting access
2026-02-25 17:55:58.698 [http-nio-80-exec-6] DEBUG o.s.s.w.FilterChainProxy - Secured GET /index?pn=1&size=10
2026-02-25 17:55:58.700 [http-nio-80-exec-7] DEBUG o.s.s.w.FilterChainProxy - Securing GET /error
2026-02-25 17:55:58.701 [http-nio-80-exec-7] DEBUG o.s.s.w.a.Http403ForbiddenEntryPoint - Pre-authenticated entry point called. Rejecting access
2026-02-25 17:55:58.711 [http-nio-80-exec-9] DEBUG o.s.s.w.FilterChainProxy - Securing GET /index?pn=1&size=10
2026-02-25 17:55:58.711 [http-nio-80-exec-8] DEBUG o.s.s.w.FilterChainProxy - Securing GET /user/info
2026-02-25 17:55:58.713 [http-nio-80-exec-8] DEBUG o.s.s.w.a.Http403ForbiddenEntryPoint - Pre-authenticated entry point called. Rejecting access
2026-02-25 17:55:58.713 [http-nio-80-exec-9] DEBUG o.s.s.w.FilterChainProxy - Secured GET /index?pn=1&size=10
2026-02-25 17:55:58.714 [http-nio-80-exec-8] DEBUG o.s.s.w.FilterChainProxy - Securing GET /error
2026-02-25 17:55:58.714 [http-nio-80-exec-8] DEBUG o.s.s.w.a.Http403ForbiddenEntryPoint - Pre-authenticated entry point called. Rejecting access
2026-02-25 17:56:02.534 [http-nio-80-exec-10] DEBUG o.s.s.w.FilterChainProxy - Securing GET /index?pn=1&size=10
2026-02-25 17:56:02.534 [http-nio-80-exec-1] DEBUG o.s.s.w.FilterChainProxy - Securing GET /user/info
2026-02-25 17:56:02.536 [http-nio-80-exec-1] DEBUG o.s.s.w.a.Http403ForbiddenEntryPoint - Pre-authenticated entry point called. Rejecting access
2026-02-25 17:56:02.536 [http-nio-80-exec-10] DEBUG o.s.s.w.FilterChainProxy - Secured GET /index?pn=1&size=10
2026-02-25 17:56:02.536 [http-nio-80-exec-1] DEBUG o.s.s.w.FilterChainProxy - Securing GET /error
2026-02-25 17:56:02.536 [http-nio-80-exec-1] DEBUG o.s.s.w.a.Http403ForbiddenEntryPoint - Pre-authenticated entry point called. Rejecting access
2026-02-25 17:56:02.565 [http-nio-80-exec-2] DEBUG o.s.s.w.FilterChainProxy - Securing GET /index?pn=1&size=10
2026-02-25 17:56:02.565 [http-nio-80-exec-3] DEBUG o.s.s.w.FilterChainProxy - Securing GET /user/info
2026-02-25 17:56:02.565 [http-nio-80-exec-3] DEBUG o.s.s.w.a.Http403ForbiddenEntryPoint - Pre-authenticated entry point called. Rejecting access
2026-02-25 17:56:02.565 [http-nio-80-exec-2] DEBUG o.s.s.w.FilterChainProxy - Secured GET /index?pn=1&size=10
2026-02-25 17:56:02.566 [http-nio-80-exec-3] DEBUG o.s.s.w.FilterChainProxy - Securing GET /error
2026-02-25 17:56:02.566 [http-nio-80-exec-3] DEBUG o.s.s.w.a.Http403ForbiddenEntryPoint - Pre-authenticated entry point called. Rejecting access
2026-02-25 17:56:04.089 [http-nio-80-exec-5] DEBUG o.s.s.w.FilterChainProxy - Securing GET /index?pn=1&size=10
2026-02-25 17:56:04.089 [http-nio-80-exec-4] DEBUG o.s.s.w.FilterChainProxy - Securing GET /user/info
2026-02-25 17:56:04.090 [http-nio-80-exec-4] DEBUG o.s.s.w.a.Http403ForbiddenEntryPoint - Pre-authenticated entry point called. Rejecting access
2026-02-25 17:56:04.090 [http-nio-80-exec-5] DEBUG o.s.s.w.FilterChainProxy - Secured GET /index?pn=1&size=10
2026-02-25 17:56:04.090 [http-nio-80-exec-4] DEBUG o.s.s.w.FilterChainProxy - Securing GET /error
2026-02-25 17:56:04.090 [http-nio-80-exec-4] DEBUG o.s.s.w.a.Http403ForbiddenEntryPoint - Pre-authenticated entry point called. Rejecting access
2026-02-25 17:56:04.109 [http-nio-80-exec-7] DEBUG o.s.s.w.FilterChainProxy - Securing GET /index?pn=1&size=10
2026-02-25 17:56:04.109 [http-nio-80-exec-6] DEBUG o.s.s.w.FilterChainProxy - Securing GET /user/info
2026-02-25 17:56:04.111 [http-nio-80-exec-7] DEBUG o.s.s.w.FilterChainProxy - Secured GET /index?pn=1&size=10
2026-02-25 17:56:04.111 [http-nio-80-exec-6] DEBUG o.s.s.w.a.Http403ForbiddenEntryPoint - Pre-authenticated entry point called. Rejecting access
2026-02-25 17:56:04.111 [http-nio-80-exec-6] DEBUG o.s.s.w.FilterChainProxy - Securing GET /error
2026-02-25 17:56:04.113 [http-nio-80-exec-6] DEBUG o.s.s.w.a.Http403ForbiddenEntryPoint - Pre-authenticated entry point called. Rejecting access
2026-02-25 17:56:05.132 [http-nio-80-exec-8] DEBUG o.s.s.w.FilterChainProxy - Securing GET /index?pn=1&size=10
2026-02-25 17:56:05.133 [http-nio-80-exec-9] DEBUG o.s.s.w.FilterChainProxy - Securing GET /user/info
2026-02-25 17:56:05.133 [http-nio-80-exec-8] DEBUG o.s.s.w.FilterChainProxy - Secured GET /index?pn=1&size=10
2026-02-25 17:56:05.133 [http-nio-80-exec-9] DEBUG o.s.s.w.a.Http403ForbiddenEntryPoint - Pre-authenticated entry point called. Rejecting access
2026-02-25 17:56:05.134 [http-nio-80-exec-9] DEBUG o.s.s.w.FilterChainProxy - Securing GET /error
2026-02-25 17:56:05.134 [http-nio-80-exec-9] DEBUG o.s.s.w.a.Http403ForbiddenEntryPoint - Pre-authenticated entry point called. Rejecting access
2026-02-25 17:56:05.147 [http-nio-80-exec-1] DEBUG o.s.s.w.FilterChainProxy - Securing GET /index?pn=1&size=10
2026-02-25 17:56:05.147 [http-nio-80-exec-10] DEBUG o.s.s.w.FilterChainProxy - Securing GET /user/info
2026-02-25 17:56:05.147 [http-nio-80-exec-1] DEBUG o.s.s.w.FilterChainProxy - Secured GET /index?pn=1&size=10
2026-02-25 17:56:05.147 [http-nio-80-exec-10] DEBUG o.s.s.w.a.Http403ForbiddenEntryPoint - Pre-authenticated entry point called. Rejecting access
2026-02-25 17:56:05.149 [http-nio-80-exec-10] DEBUG o.s.s.w.FilterChainProxy - Securing GET /error
2026-02-25 17:56:05.149 [http-nio-80-exec-10] DEBUG o.s.s.w.a.Http403ForbiddenEntryPoint - Pre-authenticated entry point called. Rejecting access
2026-02-25 17:56:05.533 [http-nio-80-exec-3] DEBUG o.s.s.w.FilterChainProxy - Securing GET /index?pn=1&size=10
2026-02-25 17:56:05.533 [http-nio-80-exec-2] DEBUG o.s.s.w.FilterChainProxy - Securing GET /user/info
2026-02-25 17:56:05.534 [http-nio-80-exec-2] DEBUG o.s.s.w.a.Http403ForbiddenEntryPoint - Pre-authenticated entry point called. Rejecting access
2026-02-25 17:56:05.534 [http-nio-80-exec-3] DEBUG o.s.s.w.FilterChainProxy - Secured GET /index?pn=1&size=10
2026-02-25 17:56:05.535 [http-nio-80-exec-2] DEBUG o.s.s.w.FilterChainProxy - Securing GET /error
2026-02-25 17:56:05.536 [http-nio-80-exec-2] DEBUG o.s.s.w.a.Http403ForbiddenEntryPoint - Pre-authenticated entry point called. Rejecting access
2026-02-25 17:56:05.551 [http-nio-80-exec-5] DEBUG o.s.s.w.FilterChainProxy - Securing GET /user/info
2026-02-25 17:56:05.551 [http-nio-80-exec-4] DEBUG o.s.s.w.FilterChainProxy - Securing GET /index?pn=1&size=10
2026-02-25 17:56:05.551 [http-nio-80-exec-4] DEBUG o.s.s.w.FilterChainProxy - Secured GET /index?pn=1&size=10
2026-02-25 17:56:05.551 [http-nio-80-exec-5] DEBUG o.s.s.w.a.Http403ForbiddenEntryPoint - Pre-authenticated entry point called. Rejecting access
2026-02-25 17:56:05.553 [http-nio-80-exec-5] DEBUG o.s.s.w.FilterChainProxy - Securing GET /error
2026-02-25 17:56:05.553 [http-nio-80-exec-5] DEBUG o.s.s.w.a.Http403ForbiddenEntryPoint - Pre-authenticated entry point called. Rejecting access
2026-02-25 17:56:07.018 [http-nio-80-exec-6] DEBUG o.s.s.w.FilterChainProxy - Securing GET /index?pn=1&size=10
2026-02-25 17:56:07.018 [http-nio-80-exec-7] DEBUG o.s.s.w.FilterChainProxy - Securing GET /user/info
2026-02-25 17:56:07.019 [http-nio-80-exec-7] DEBUG o.s.s.w.a.Http403ForbiddenEntryPoint - Pre-authenticated entry point called. Rejecting access
2026-02-25 17:56:07.019 [http-nio-80-exec-6] DEBUG o.s.s.w.FilterChainProxy - Secured GET /index?pn=1&size=10
2026-02-25 17:56:07.019 [http-nio-80-exec-7] DEBUG o.s.s.w.FilterChainProxy - Securing GET /error
2026-02-25 17:56:07.021 [http-nio-80-exec-7] DEBUG o.s.s.w.a.Http403ForbiddenEntryPoint - Pre-authenticated entry point called. Rejecting access
2026-02-25 17:56:07.030 [http-nio-80-exec-9] DEBUG o.s.s.w.FilterChainProxy - Securing GET /user/info
2026-02-25 17:56:07.031 [http-nio-80-exec-8] DEBUG o.s.s.w.FilterChainProxy - Securing GET /index?pn=1&size=10
2026-02-25 17:56:07.031 [http-nio-80-exec-9] DEBUG o.s.s.w.a.Http403ForbiddenEntryPoint - Pre-authenticated entry point called. Rejecting access
2026-02-25 17:56:07.032 [http-nio-80-exec-8] DEBUG o.s.s.w.FilterChainProxy - Secured GET /index?pn=1&size=10
2026-02-25 17:56:07.032 [http-nio-80-exec-9] DEBUG o.s.s.w.FilterChainProxy - Securing GET /error
2026-02-25 17:56:07.032 [http-nio-80-exec-9] DEBUG o.s.s.w.a.Http403ForbiddenEntryPoint - Pre-authenticated entry point called. Rejecting access
2026-02-25 17:56:07.557 [http-nio-80-exec-10] DEBUG o.s.s.w.FilterChainProxy - Securing GET /index?pn=1&size=10
2026-02-25 17:56:07.557 [http-nio-80-exec-1] DEBUG o.s.s.w.FilterChainProxy - Securing GET /user/info
2026-02-25 17:56:07.558 [http-nio-80-exec-1] DEBUG o.s.s.w.a.Http403ForbiddenEntryPoint - Pre-authenticated entry point called. Rejecting access
2026-02-25 17:56:07.558 [http-nio-80-exec-10] DEBUG o.s.s.w.FilterChainProxy - Secured GET /index?pn=1&size=10
2026-02-25 17:56:07.558 [http-nio-80-exec-1] DEBUG o.s.s.w.FilterChainProxy - Securing GET /error
2026-02-25 17:56:07.559 [http-nio-80-exec-1] DEBUG o.s.s.w.a.Http403ForbiddenEntryPoint - Pre-authenticated entry point called. Rejecting access
2026-02-25 17:56:07.582 [http-nio-80-exec-2] DEBUG o.s.s.w.FilterChainProxy - Securing GET /index?pn=1&size=10
2026-02-25 17:56:07.582 [http-nio-80-exec-3] DEBUG o.s.s.w.FilterChainProxy - Securing GET /user/info
2026-02-25 17:56:07.583 [http-nio-80-exec-2] DEBUG o.s.s.w.FilterChainProxy - Secured GET /index?pn=1&size=10
2026-02-25 17:56:07.583 [http-nio-80-exec-3] DEBUG o.s.s.w.a.Http403ForbiddenEntryPoint - Pre-authenticated entry point called. Rejecting access
2026-02-25 17:56:07.584 [http-nio-80-exec-3] DEBUG o.s.s.w.FilterChainProxy - Securing GET /error
2026-02-25 17:56:07.584 [http-nio-80-exec-3] DEBUG o.s.s.w.a.Http403ForbiddenEntryPoint - Pre-authenticated entry point called. Rejecting access
2026-02-25 17:56:08.043 [http-nio-80-exec-5] DEBUG o.s.s.w.FilterChainProxy - Securing GET /index?pn=1&size=10
2026-02-25 17:56:08.045 [http-nio-80-exec-4] DEBUG o.s.s.w.FilterChainProxy - Securing GET /user/info
2026-02-25 17:56:08.045 [http-nio-80-exec-5] DEBUG o.s.s.w.FilterChainProxy - Secured GET /index?pn=1&size=10
2026-02-25 17:56:08.045 [http-nio-80-exec-4] DEBUG o.s.s.w.a.Http403ForbiddenEntryPoint - Pre-authenticated entry point called. Rejecting access
2026-02-25 17:56:08.046 [http-nio-80-exec-4] DEBUG o.s.s.w.FilterChainProxy - Securing GET /error
2026-02-25 17:56:08.046 [http-nio-80-exec-4] DEBUG o.s.s.w.a.Http403ForbiddenEntryPoint - Pre-authenticated entry point called. Rejecting access
2026-02-25 17:56:08.058 [http-nio-80-exec-7] DEBUG o.s.s.w.FilterChainProxy - Securing GET /index?pn=1&size=10
2026-02-25 17:56:08.058 [http-nio-80-exec-6] DEBUG o.s.s.w.FilterChainProxy - Securing GET /user/info
2026-02-25 17:56:08.059 [http-nio-80-exec-6] DEBUG o.s.s.w.a.Http403ForbiddenEntryPoint - Pre-authenticated entry point called. Rejecting access
2026-02-25 17:56:08.059 [http-nio-80-exec-7] DEBUG o.s.s.w.FilterChainProxy - Secured GET /index?pn=1&size=10
2026-02-25 17:56:08.060 [http-nio-80-exec-6] DEBUG o.s.s.w.FilterChainProxy - Securing GET /error
2026-02-25 17:56:08.061 [http-nio-80-exec-6] DEBUG o.s.s.w.a.Http403ForbiddenEntryPoint - Pre-authenticated entry point called. Rejecting access
2026-02-25 17:56:08.303 [http-nio-80-exec-9] DEBUG o.s.s.w.FilterChainProxy - Securing GET /index?pn=1&size=10
2026-02-25 17:56:08.303 [http-nio-80-exec-8] DEBUG o.s.s.w.FilterChainProxy - Securing GET /user/info
2026-02-25 17:56:08.303 [http-nio-80-exec-8] DEBUG o.s.s.w.a.Http403ForbiddenEntryPoint - Pre-authenticated entry point called. Rejecting access
2026-02-25 17:56:08.303 [http-nio-80-exec-9] DEBUG o.s.s.w.FilterChainProxy - Secured GET /index?pn=1&size=10
2026-02-25 17:56:08.305 [http-nio-80-exec-8] DEBUG o.s.s.w.FilterChainProxy - Securing GET /error
2026-02-25 17:56:08.305 [http-nio-80-exec-8] DEBUG o.s.s.w.a.Http403ForbiddenEntryPoint - Pre-authenticated entry point called. Rejecting access
2026-02-25 17:56:08.319 [http-nio-80-exec-10] DEBUG o.s.s.w.FilterChainProxy - Securing GET /user/info
2026-02-25 17:56:08.319 [http-nio-80-exec-1] DEBUG o.s.s.w.FilterChainProxy - Securing GET /index?pn=1&size=10
2026-02-25 17:56:08.319 [http-nio-80-exec-1] DEBUG o.s.s.w.FilterChainProxy - Secured GET /index?pn=1&size=10
2026-02-25 17:56:08.319 [http-nio-80-exec-10] DEBUG o.s.s.w.a.Http403ForbiddenEntryPoint - Pre-authenticated entry point called. Rejecting access
2026-02-25 17:56:08.321 [http-nio-80-exec-10] DEBUG o.s.s.w.FilterChainProxy - Securing GET /error
2026-02-25 17:56:08.321 [http-nio-80-exec-10] DEBUG o.s.s.w.a.Http403ForbiddenEntryPoint - Pre-authenticated entry point called. Rejecting access
2026-02-25 17:58:47.584 [http-nio-80-exec-5] DEBUG o.s.s.w.FilterChainProxy - Securing GET /index?pn=1&size=10
2026-02-25 17:58:47.584 [http-nio-80-exec-6] DEBUG o.s.s.w.FilterChainProxy - Securing GET /user/info
2026-02-25 17:58:47.586 [http-nio-80-exec-6] DEBUG o.s.s.w.a.Http403ForbiddenEntryPoint - Pre-authenticated entry point called. Rejecting access
2026-02-25 17:58:47.586 [http-nio-80-exec-5] DEBUG o.s.s.w.FilterChainProxy - Secured GET /index?pn=1&size=10
2026-02-25 17:58:47.586 [http-nio-80-exec-6] DEBUG o.s.s.w.FilterChainProxy - Securing GET /error
2026-02-25 17:58:47.587 [http-nio-80-exec-6] DEBUG o.s.s.w.a.Http403ForbiddenEntryPoint - Pre-authenticated entry point called. Rejecting access
2026-02-25 17:59:12.021 [http-nio-80-exec-8] DEBUG o.s.s.w.FilterChainProxy - Securing GET /user/info
2026-02-25 17:59:12.021 [http-nio-80-exec-7] DEBUG o.s.s.w.FilterChainProxy - Securing GET /index?pn=1&size=10
2026-02-25 17:59:12.021 [http-nio-80-exec-8] DEBUG o.s.s.w.a.Http403ForbiddenEntryPoint - Pre-authenticated entry point called. Rejecting access
2026-02-25 17:59:12.021 [http-nio-80-exec-7] DEBUG o.s.s.w.FilterChainProxy - Secured GET /index?pn=1&size=10
2026-02-25 17:59:12.023 [http-nio-80-exec-8] DEBUG o.s.s.w.FilterChainProxy - Securing GET /error
2026-02-25 17:59:12.023 [http-nio-80-exec-8] DEBUG o.s.s.w.a.Http403ForbiddenEntryPoint - Pre-authenticated entry point called. Rejecting access
2026-02-25 17:59:29.865 [http-nio-80-exec-9] DEBUG o.s.s.w.FilterChainProxy - Securing GET /index?pn=1&size=10
2026-02-25 17:59:29.865 [http-nio-80-exec-10] DEBUG o.s.s.w.FilterChainProxy - Securing GET /user/info
2026-02-25 17:59:29.866 [http-nio-80-exec-10] DEBUG o.s.s.w.a.Http403ForbiddenEntryPoint - Pre-authenticated entry point called. Rejecting access
2026-02-25 17:59:29.866 [http-nio-80-exec-9] DEBUG o.s.s.w.FilterChainProxy - Secured GET /index?pn=1&size=10
2026-02-25 17:59:29.866 [http-nio-80-exec-10] DEBUG o.s.s.w.FilterChainProxy - Securing GET /error
2026-02-25 17:59:29.868 [http-nio-80-exec-10] DEBUG o.s.s.w.a.Http403ForbiddenEntryPoint - Pre-authenticated entry point called. Rejecting access
2026-02-25 18:00:05.700 [http-nio-80-exec-3] DEBUG o.s.s.w.FilterChainProxy - Securing GET /user/info
2026-02-25 18:00:05.700 [http-nio-80-exec-1] DEBUG o.s.s.w.FilterChainProxy - Securing GET /index?pn=1&size=10
2026-02-25 18:00:05.702 [http-nio-80-exec-3] DEBUG o.s.s.w.a.Http403ForbiddenEntryPoint - Pre-authenticated entry point called. Rejecting access
2026-02-25 18:00:05.702 [http-nio-80-exec-1] DEBUG o.s.s.w.FilterChainProxy - Secured GET /index?pn=1&size=10
2026-02-25 18:00:05.702 [http-nio-80-exec-3] DEBUG o.s.s.w.FilterChainProxy - Securing GET /error
2026-02-25 18:00:05.702 [http-nio-80-exec-3] DEBUG o.s.s.w.a.Http403ForbiddenEntryPoint - Pre-authenticated entry point called. Rejecting access
2026-02-25 18:00:07.865 [http-nio-80-exec-4] DEBUG o.s.s.w.FilterChainProxy - Securing GET /kaptcha.jpg
2026-02-25 18:00:07.866 [http-nio-80-exec-4] DEBUG o.s.s.w.FilterChainProxy - Secured GET /kaptcha.jpg
2026-02-25 18:00:09.746 [http-nio-80-exec-2] DEBUG o.s.s.w.FilterChainProxy - Securing GET /kaptcha.jpg
2026-02-25 18:00:09.746 [http-nio-80-exec-2] DEBUG o.s.s.w.FilterChainProxy - Secured GET /kaptcha.jpg
2026-02-25 18:00:10.440 [http-nio-80-exec-6] DEBUG o.s.s.w.FilterChainProxy - Securing GET /kaptcha.jpg
2026-02-25 18:00:10.441 [http-nio-80-exec-6] DEBUG o.s.s.w.FilterChainProxy - Secured GET /kaptcha.jpg
2026-02-25 18:00:10.893 [http-nio-80-exec-5] DEBUG o.s.s.w.FilterChainProxy - Securing GET /kaptcha.jpg
2026-02-25 18:00:10.894 [http-nio-80-exec-5] DEBUG o.s.s.w.FilterChainProxy - Secured GET /kaptcha.jpg
2026-02-25 18:00:11.537 [http-nio-80-exec-8] DEBUG o.s.s.w.FilterChainProxy - Securing GET /kaptcha.jpg
2026-02-25 18:00:11.537 [http-nio-80-exec-8] DEBUG o.s.s.w.FilterChainProxy - Secured GET /kaptcha.jpg
2026-02-25 18:00:12.921 [http-nio-80-exec-7] DEBUG o.s.s.w.FilterChainProxy - Securing GET /kaptcha.jpg
2026-02-25 18:00:12.921 [http-nio-80-exec-7] DEBUG o.s.s.w.FilterChainProxy - Secured GET /kaptcha.jpg
2026-02-25 18:00:13.379 [http-nio-80-exec-10] DEBUG o.s.s.w.FilterChainProxy - Securing GET /kaptcha.jpg
2026-02-25 18:00:13.380 [http-nio-80-exec-10] DEBUG o.s.s.w.FilterChainProxy - Secured GET /kaptcha.jpg
2026-02-25 18:00:13.788 [http-nio-80-exec-9] DEBUG o.s.s.w.FilterChainProxy - Securing GET /kaptcha.jpg
2026-02-25 18:00:13.789 [http-nio-80-exec-9] DEBUG o.s.s.w.FilterChainProxy - Secured GET /kaptcha.jpg
2026-02-25 18:00:14.191 [http-nio-80-exec-3] DEBUG o.s.s.w.FilterChainProxy - Securing GET /kaptcha.jpg
2026-02-25 18:00:14.191 [http-nio-80-exec-3] DEBUG o.s.s.w.FilterChainProxy - Secured GET /kaptcha.jpg
2026-02-25 18:00:15.041 [http-nio-80-exec-1] DEBUG o.s.s.w.FilterChainProxy - Securing GET /index?pn=1&size=10
2026-02-25 18:00:15.041 [http-nio-80-exec-4] DEBUG o.s.s.w.FilterChainProxy - Securing GET /user/info
2026-02-25 18:00:15.042 [http-nio-80-exec-4] DEBUG o.s.s.w.a.Http403ForbiddenEntryPoint - Pre-authenticated entry point called. Rejecting access
2026-02-25 18:00:15.042 [http-nio-80-exec-1] DEBUG o.s.s.w.FilterChainProxy - Secured GET /index?pn=1&size=10
2026-02-25 18:00:15.043 [http-nio-80-exec-4] DEBUG o.s.s.w.FilterChainProxy - Securing GET /error
2026-02-25 18:00:15.043 [http-nio-80-exec-4] DEBUG o.s.s.w.a.Http403ForbiddenEntryPoint - Pre-authenticated entry point called. Rejecting access
2026-02-25 18:00:16.427 [http-nio-80-exec-2] DEBUG o.s.s.w.FilterChainProxy - Securing GET /kaptcha.jpg
2026-02-25 18:00:16.429 [http-nio-80-exec-2] DEBUG o.s.s.w.FilterChainProxy - Secured GET /kaptcha.jpg
2026-02-25 18:00:20.888 [http-nio-80-exec-6] DEBUG o.s.s.w.FilterChainProxy - Securing GET /index?pn=1&size=10
2026-02-25 18:00:20.888 [http-nio-80-exec-5] DEBUG o.s.s.w.FilterChainProxy - Securing GET /user/info
2026-02-25 18:00:20.889 [http-nio-80-exec-6] DEBUG o.s.s.w.FilterChainProxy - Secured GET /index?pn=1&size=10
2026-02-25 18:00:20.889 [http-nio-80-exec-5] DEBUG o.s.s.w.a.Http403ForbiddenEntryPoint - Pre-authenticated entry point called. Rejecting access
2026-02-25 18:00:20.889 [http-nio-80-exec-5] DEBUG o.s.s.w.FilterChainProxy - Securing GET /error
2026-02-25 18:00:20.891 [http-nio-80-exec-5] DEBUG o.s.s.w.a.Http403ForbiddenEntryPoint - Pre-authenticated entry point called. Rejecting access
2026-02-25 18:00:29.152 [http-nio-80-exec-8] DEBUG o.s.s.w.FilterChainProxy - Securing GET /kaptcha.jpg
2026-02-25 18:00:29.153 [http-nio-80-exec-8] DEBUG o.s.s.w.FilterChainProxy - Secured GET /kaptcha.jpg
2026-02-25 18:00:38.092 [http-nio-80-exec-10] DEBUG o.s.s.w.FilterChainProxy - Securing GET /user/info
2026-02-25 18:00:38.092 [http-nio-80-exec-7] DEBUG o.s.s.w.FilterChainProxy - Securing GET /index?pn=1&size=10
2026-02-25 18:00:38.093 [http-nio-80-exec-10] DEBUG o.s.s.w.a.Http403ForbiddenEntryPoint - Pre-authenticated entry point called. Rejecting access
2026-02-25 18:00:38.093 [http-nio-80-exec-7] DEBUG o.s.s.w.FilterChainProxy - Secured GET /index?pn=1&size=10
2026-02-25 18:00:38.093 [http-nio-80-exec-10] DEBUG o.s.s.w.FilterChainProxy - Securing GET /error
2026-02-25 18:00:38.093 [http-nio-80-exec-10] DEBUG o.s.s.w.a.Http403ForbiddenEntryPoint - Pre-authenticated entry point called. Rejecting access
2026-02-25 18:00:58.126 [HikariPool-1:housekeeper] WARN  c.z.h.p.PoolBase - HikariPool-1 - Failed to validate connection com.mysql.cj.jdbc.ConnectionImpl@24c0cace (No operations allowed after connection closed.). Possibly consider using a shorter maxLifetime value.
2026-02-25 18:00:59.025 [SpringApplicationShutdownHook] INFO  o.s.w.SimpLogging - Stopping...
2026-02-25 18:00:59.025 [SpringApplicationShutdownHook] INFO  o.s.w.SimpLogging - BrokerAvailabilityEvent[available=false, SimpleBrokerMessageHandler [org.springframework.messaging.simp.broker.DefaultSubscriptionRegistry@335a45a8]]
2026-02-25 18:00:59.025 [SpringApplicationShutdownHook] INFO  o.s.w.SimpLogging - Stopped.
2026-02-25 18:00:59.031 [MessageBroker-13] ERROR o.s.s.s.TaskUtils$LoggingErrorHandler - Unexpected error occurred in scheduled task
org.springframework.data.redis.RedisSystemException: Redis exception
	at org.springframework.data.redis.connection.lettuce.LettuceExceptionConverter.convert(LettuceExceptionConverter.java:72) ~[spring-data-redis-3.5.7.jar:3.5.7]
	at org.springframework.data.redis.connection.lettuce.LettuceExceptionConverter.convert(LettuceExceptionConverter.java:41) ~[spring-data-redis-3.5.7.jar:3.5.7]
	at org.springframework.data.redis.PassThroughExceptionTranslationStrategy.translate(PassThroughExceptionTranslationStrategy.java:40) ~[spring-data-redis-3.5.7.jar:3.5.7]
	at org.springframework.data.redis.FallbackExceptionTranslationStrategy.translate(FallbackExceptionTranslationStrategy.java:38) ~[spring-data-redis-3.5.7.jar:3.5.7]
	at org.springframework.data.redis.connection.lettuce.LettuceConnection.convertLettuceAccessException(LettuceConnection.java:310) ~[spring-data-redis-3.5.7.jar:3.5.7]
	at org.springframework.data.redis.connection.lettuce.LettuceConnection.await(LettuceConnection.java:1012) ~[spring-data-redis-3.5.7.jar:3.5.7]
	at org.springframework.data.redis.connection.lettuce.LettuceConnection.lambda$doInvoke$3(LettuceConnection.java:447) ~[spring-data-redis-3.5.7.jar:3.5.7]
	at org.springframework.data.redis.connection.lettuce.LettuceInvoker$Synchronizer.invoke(LettuceInvoker.java:673) ~[spring-data-redis-3.5.7.jar:3.5.7]
	at org.springframework.data.redis.connection.lettuce.LettuceInvoker$DefaultManyInvocationSpec.toSet(LettuceInvoker.java:639) ~[spring-data-redis-3.5.7.jar:3.5.7]
	at org.springframework.data.redis.connection.lettuce.LettuceInvoker$ManyInvocationSpec.toSet(LettuceInvoker.java:434) ~[spring-data-redis-3.5.7.jar:3.5.7]
	at org.springframework.data.redis.connection.lettuce.LettuceKeyCommands.keys(LettuceKeyCommands.java:127) ~[spring-data-redis-3.5.7.jar:3.5.7]
	at org.springframework.data.redis.core.RedisTemplate.lambda$keys$10(RedisTemplate.java:645) ~[spring-data-redis-3.5.7.jar:3.5.7]
	at org.springframework.data.redis.core.RedisTemplate.lambda$doWithKeys$23(RedisTemplate.java:802) ~[spring-data-redis-3.5.7.jar:3.5.7]
	at org.springframework.data.redis.core.RedisTemplate.execute(RedisTemplate.java:413) ~[spring-data-redis-3.5.7.jar:3.5.7]
	at org.springframework.data.redis.core.RedisTemplate.execute(RedisTemplate.java:380) ~[spring-data-redis-3.5.7.jar:3.5.7]
	at org.springframework.data.redis.core.RedisTemplate.doWithKeys(RedisTemplate.java:802) ~[spring-data-redis-3.5.7.jar:3.5.7]
	at org.springframework.data.redis.core.RedisTemplate.keys(RedisTemplate.java:645) ~[spring-data-redis-3.5.7.jar:3.5.7]
	at com.huang.schedules.ViewCountSyncTask.task(ViewCountSyncTask.java:31) ~[classes/:?]
	at jdk.internal.reflect.GeneratedMethodAccessor80.invoke(Unknown Source) ~[?:?]
	at java.base/jdk.internal.reflect.DelegatingMethodAccessorImpl.invoke(DelegatingMethodAccessorImpl.java:43) ~[?:?]
	at java.base/java.lang.reflect.Method.invoke(Method.java:568) ~[?:?]
	at org.springframework.scheduling.support.ScheduledMethodRunnable.runInternal(ScheduledMethodRunnable.java:130) ~[spring-context-6.2.15.jar:6.2.15]
	at org.springframework.scheduling.support.ScheduledMethodRunnable.lambda$run$2(ScheduledMethodRunnable.java:124) ~[spring-context-6.2.15.jar:6.2.15]
	at io.micrometer.observation.Observation.observe(Observation.java:498) ~[micrometer-observation-1.15.7.jar:1.15.7]
	at org.springframework.scheduling.support.ScheduledMethodRunnable.run(ScheduledMethodRunnable.java:124) ~[spring-context-6.2.15.jar:6.2.15]
	at org.springframework.scheduling.config.Task$OutcomeTrackingRunnable.run(Task.java:87) ~[spring-context-6.2.15.jar:6.2.15]
	at org.springframework.scheduling.support.DelegatingErrorHandlingRunnable.run(DelegatingErrorHandlingRunnable.java:54) [spring-context-6.2.15.jar:6.2.15]
	at org.springframework.scheduling.concurrent.ReschedulingRunnable.run(ReschedulingRunnable.java:96) [spring-context-6.2.15.jar:6.2.15]
	at java.base/java.util.concurrent.Executors$RunnableAdapter.call(Executors.java:539) [?:?]
	at java.base/java.util.concurrent.FutureTask.run(FutureTask.java:264) [?:?]
	at java.base/java.util.concurrent.ScheduledThreadPoolExecutor$ScheduledFutureTask.run(ScheduledThreadPoolExecutor.java:304) [?:?]
	at java.base/java.util.concurrent.ThreadPoolExecutor.runWorker(ThreadPoolExecutor.java:1136) [?:?]
	at java.base/java.util.concurrent.ThreadPoolExecutor$Worker.run(ThreadPoolExecutor.java:635) [?:?]
	at java.base/java.lang.Thread.run(Thread.java:842) [?:?]
Caused by: io.lettuce.core.RedisException: Connection closed
	at io.lettuce.core.protocol.DefaultEndpoint.lambda$notifyDrainQueuedCommands$7(DefaultEndpoint.java:688) ~[lettuce-core-6.6.0.RELEASE.jar:6.6.0.RELEASE/643bd47]
	at io.lettuce.core.protocol.DefaultEndpoint$Lazy.getNullable(DefaultEndpoint.java:1199) ~[lettuce-core-6.6.0.RELEASE.jar:6.6.0.RELEASE/643bd47]
	at io.lettuce.core.protocol.DefaultEndpoint$Lazy.get(DefaultEndpoint.java:1184) ~[lettuce-core-6.6.0.RELEASE.jar:6.6.0.RELEASE/643bd47]
	at io.lettuce.core.protocol.DefaultEndpoint.lambda$notifyDrainQueuedCommands$8(DefaultEndpoint.java:689) ~[lettuce-core-6.6.0.RELEASE.jar:6.6.0.RELEASE/643bd47]
	at io.lettuce.core.protocol.DefaultEndpoint.cancelCommands(DefaultEndpoint.java:810) ~[lettuce-core-6.6.0.RELEASE.jar:6.6.0.RELEASE/643bd47]
	at io.lettuce.core.protocol.DefaultEndpoint.notifyDrainQueuedCommands(DefaultEndpoint.java:689) ~[lettuce-core-6.6.0.RELEASE.jar:6.6.0.RELEASE/643bd47]
	at io.lettuce.core.protocol.CommandHandler.channelInactive(CommandHandler.java:373) ~[lettuce-core-6.6.0.RELEASE.jar:6.6.0.RELEASE/643bd47]
	at io.netty.channel.AbstractChannelHandlerContext.invokeChannelInactive(AbstractChannelHandlerContext.java:303) ~[netty-transport-4.1.130.Final.jar:4.1.130.Final]
	at io.netty.channel.AbstractChannelHandlerContext.invokeChannelInactive(AbstractChannelHandlerContext.java:281) ~[netty-transport-4.1.130.Final.jar:4.1.130.Final]
	at io.netty.channel.AbstractChannelHandlerContext.fireChannelInactive(AbstractChannelHandlerContext.java:274) ~[netty-transport-4.1.130.Final.jar:4.1.130.Final]
	at io.netty.channel.ChannelInboundHandlerAdapter.channelInactive(ChannelInboundHandlerAdapter.java:81) ~[netty-transport-4.1.130.Final.jar:4.1.130.Final]
	at io.lettuce.core.protocol.RedisHandshakeHandler.channelInactive(RedisHandshakeHandler.java:79) ~[lettuce-core-6.6.0.RELEASE.jar:6.6.0.RELEASE/643bd47]
	at io.netty.channel.AbstractChannelHandlerContext.invokeChannelInactive(AbstractChannelHandlerContext.java:303) ~[netty-transport-4.1.130.Final.jar:4.1.130.Final]
	at io.netty.channel.AbstractChannelHandlerContext.invokeChannelInactive(AbstractChannelHandlerContext.java:281) ~[netty-transport-4.1.130.Final.jar:4.1.130.Final]
	at io.netty.channel.AbstractChannelHandlerContext.fireChannelInactive(AbstractChannelHandlerContext.java:274) ~[netty-transport-4.1.130.Final.jar:4.1.130.Final]
	at io.netty.channel.ChannelInboundHandlerAdapter.channelInactive(ChannelInboundHandlerAdapter.java:81) ~[netty-transport-4.1.130.Final.jar:4.1.130.Final]
	at io.lettuce.core.ChannelGroupListener.channelInactive(ChannelGroupListener.java:54) ~[lettuce-core-6.6.0.RELEASE.jar:6.6.0.RELEASE/643bd47]
	at io.netty.channel.AbstractChannelHandlerContext.invokeChannelInactive(AbstractChannelHandlerContext.java:303) ~[netty-transport-4.1.130.Final.jar:4.1.130.Final]
	at io.netty.channel.AbstractChannelHandlerContext.invokeChannelInactive(AbstractChannelHandlerContext.java:281) ~[netty-transport-4.1.130.Final.jar:4.1.130.Final]
	at io.netty.channel.AbstractChannelHandlerContext.fireChannelInactive(AbstractChannelHandlerContext.java:274) ~[netty-transport-4.1.130.Final.jar:4.1.130.Final]
	at io.netty.channel.DefaultChannelPipeline$HeadContext.channelInactive(DefaultChannelPipeline.java:1352) ~[netty-transport-4.1.130.Final.jar:4.1.130.Final]
	at io.netty.channel.AbstractChannelHandlerContext.invokeChannelInactive(AbstractChannelHandlerContext.java:301) ~[netty-transport-4.1.130.Final.jar:4.1.130.Final]
	at io.netty.channel.AbstractChannelHandlerContext.invokeChannelInactive(AbstractChannelHandlerContext.java:281) ~[netty-transport-4.1.130.Final.jar:4.1.130.Final]
	at io.netty.channel.DefaultChannelPipeline.fireChannelInactive(DefaultChannelPipeline.java:850) ~[netty-transport-4.1.130.Final.jar:4.1.130.Final]
	at io.netty.channel.AbstractChannel$AbstractUnsafe$7.run(AbstractChannel.java:811) ~[netty-transport-4.1.130.Final.jar:4.1.130.Final]
	at io.netty.util.concurrent.AbstractEventExecutor.runTask(AbstractEventExecutor.java:173) ~[netty-common-4.1.130.Final.jar:4.1.130.Final]
	at io.netty.util.concurrent.AbstractEventExecutor.safeExecute(AbstractEventExecutor.java:166) ~[netty-common-4.1.130.Final.jar:4.1.130.Final]
	at io.netty.util.concurrent.SingleThreadEventExecutor.runAllTasks(SingleThreadEventExecutor.java:472) ~[netty-common-4.1.130.Final.jar:4.1.130.Final]
	at io.netty.channel.nio.NioEventLoop.run(NioEventLoop.java:569) ~[netty-transport-4.1.130.Final.jar:4.1.130.Final]
	at io.netty.util.concurrent.SingleThreadEventExecutor$4.run(SingleThreadEventExecutor.java:998) ~[netty-common-4.1.130.Final.jar:4.1.130.Final]
	at io.netty.util.internal.ThreadExecutorMap$2.run(ThreadExecutorMap.java:74) ~[netty-common-4.1.130.Final.jar:4.1.130.Final]
	at io.netty.util.concurrent.FastThreadLocalRunnable.run(FastThreadLocalRunnable.java:30) ~[netty-common-4.1.130.Final.jar:4.1.130.Final]
	... 1 more
2026-02-25 18:00:59.130 [SpringApplicationShutdownHook] INFO  c.z.h.HikariDataSource - HikariPool-1 - Shutdown initiated...
2026-02-25 18:01:03.133 [HikariPool-1:housekeeper] WARN  c.z.h.p.PoolBase - HikariPool-1 - Failed to validate connection com.mysql.cj.jdbc.ConnectionImpl@43ac76c4 (No operations allowed after connection closed.). Possibly consider using a shorter maxLifetime value.
2026-02-25 18:51:20.990 [SpringApplicationShutdownHook] INFO  c.z.h.HikariDataSource - HikariPool-1 - Shutdown completed.
