2026-03-06 05:18:28.456 [MessageBroker-19] ERROR o.s.s.s.TaskUtils$LoggingErrorHandler - Unexpected error occurred in scheduled task
org.springframework.dao.QueryTimeoutException: Redis command timed out
	at org.springframework.data.redis.connection.lettuce.LettuceExceptionConverter.convert(LettuceExceptionConverter.java:68) ~[spring-data-redis-3.5.7.jar:3.5.7]
	at org.springframework.data.redis.connection.lettuce.LettuceExceptionConverter.convert(LettuceExceptionConverter.java:41) ~[spring-data-redis-3.5.7.jar:3.5.7]
	at org.springframework.data.redis.PassThroughExceptionTranslationStrategy.translate(PassThroughExceptionTranslationStrategy.java:40) ~[spring-data-redis-3.5.7.jar:3.5.7]
	at org.springframework.data.redis.FallbackExceptionTranslationStrategy.translate(FallbackExceptionTranslationStrategy.java:38) ~[spring-data-redis-3.5.7.jar:3.5.7]
	at org.springframework.data.redis.connection.lettuce.LettuceConnection.convertLettuceAccessException(LettuceConnection.java:310) ~[spring-data-redis-3.5.7.jar:3.5.7]
	at org.springframework.data.redis.connection.lettuce.LettuceConnection.await(LettuceConnection.java:1012) ~[spring-data-redis-3.5.7.jar:3.5.7]
	at org.springframework.data.redis.connection.lettuce.LettuceConnection.lambda$doInvoke$3(LettuceConnection.java:447) ~[spring-data-redis-3.5.7.jar:3.5.7]
	at org.springframework.data.redis.connection.lettuce.LettuceInvoker$Synchronizer.invoke(LettuceInvoker.java:673) ~[spring-data-redis-3.5.7.jar:3.5.7]
	at org.springframework.data.redis.connection.lettuce.LettuceInvoker$DefaultManyInvocationSpec.toSet(LettuceInvoker.java:639) ~[spring-data-redis-3.5.7.jar:3.5.7]
	at org.springframework.data.redis.connection.lettuce.LettuceInvoker$ManyInvocationSpec.toSet(LettuceInvoker.java:434) ~[spring-data-redis-3.5.7.jar:3.5.7]
	at org.springframework.data.redis.connection.lettuce.LettuceKeyCommands.keys(LettuceKeyCommands.java:127) ~[spring-data-redis-3.5.7.jar:3.5.7]
	at org.springframework.data.redis.core.RedisTemplate.lambda$keys$10(RedisTemplate.java:645) ~[spring-data-redis-3.5.7.jar:3.5.7]
	at org.springframework.data.redis.core.RedisTemplate.lambda$doWithKeys$23(RedisTemplate.java:802) ~[spring-data-redis-3.5.7.jar:3.5.7]
	at org.springframework.data.redis.core.RedisTemplate.execute(RedisTemplate.java:413) ~[spring-data-redis-3.5.7.jar:3.5.7]
	at org.springframework.data.redis.core.RedisTemplate.execute(RedisTemplate.java:380) ~[spring-data-redis-3.5.7.jar:3.5.7]
	at org.springframework.data.redis.core.RedisTemplate.doWithKeys(RedisTemplate.java:802) ~[spring-data-redis-3.5.7.jar:3.5.7]
	at org.springframework.data.redis.core.RedisTemplate.keys(RedisTemplate.java:645) ~[spring-data-redis-3.5.7.jar:3.5.7]
	at com.huang.schedules.ViewCountSyncTask.task(ViewCountSyncTask.java:31) ~[classes/:?]
	at jdk.internal.reflect.GeneratedMethodAccessor47.invoke(Unknown Source) ~[?:?]
	at java.base/jdk.internal.reflect.DelegatingMethodAccessorImpl.invoke(DelegatingMethodAccessorImpl.java:43) ~[?:?]
	at java.base/java.lang.reflect.Method.invoke(Method.java:568) ~[?:?]
	at org.springframework.scheduling.support.ScheduledMethodRunnable.runInternal(ScheduledMethodRunnable.java:130) ~[spring-context-6.2.15.jar:6.2.15]
	at org.springframework.scheduling.support.ScheduledMethodRunnable.lambda$run$2(ScheduledMethodRunnable.java:124) ~[spring-context-6.2.15.jar:6.2.15]
	at io.micrometer.observation.Observation.observe(Observation.java:498) ~[micrometer-observation-1.15.7.jar:1.15.7]
	at org.springframework.scheduling.support.ScheduledMethodRunnable.run(ScheduledMethodRunnable.java:124) ~[spring-context-6.2.15.jar:6.2.15]
	at org.springframework.scheduling.config.Task$OutcomeTrackingRunnable.run(Task.java:87) ~[spring-context-6.2.15.jar:6.2.15]
	at org.springframework.scheduling.support.DelegatingErrorHandlingRunnable.run(DelegatingErrorHandlingRunnable.java:54) [spring-context-6.2.15.jar:6.2.15]
	at org.springframework.scheduling.concurrent.ReschedulingRunnable.run(ReschedulingRunnable.java:96) [spring-context-6.2.15.jar:6.2.15]
	at java.base/java.util.concurrent.Executors$RunnableAdapter.call(Executors.java:539) [?:?]
	at java.base/java.util.concurrent.FutureTask.run(FutureTask.java:264) [?:?]
	at java.base/java.util.concurrent.ScheduledThreadPoolExecutor$ScheduledFutureTask.run(ScheduledThreadPoolExecutor.java:304) [?:?]
	at java.base/java.util.concurrent.ThreadPoolExecutor.runWorker(ThreadPoolExecutor.java:1136) [?:?]
	at java.base/java.util.concurrent.ThreadPoolExecutor$Worker.run(ThreadPoolExecutor.java:635) [?:?]
	at java.base/java.lang.Thread.run(Thread.java:842) [?:?]
Caused by: io.lettuce.core.RedisCommandTimeoutException: KEYS. Command timed out after 1 minute(s)
	at io.lettuce.core.internal.ExceptionFactory.createTimeoutException(ExceptionFactory.java:75) ~[lettuce-core-6.6.0.RELEASE.jar:6.6.0.RELEASE/643bd47]
	at io.lettuce.core.protocol.CommandExpiryWriter.lambda$null$0(CommandExpiryWriter.java:183) ~[lettuce-core-6.6.0.RELEASE.jar:6.6.0.RELEASE/643bd47]
	at io.netty.util.concurrent.PromiseTask.runTask(PromiseTask.java:96) ~[netty-common-4.1.130.Final.jar:4.1.130.Final]
	at io.netty.util.concurrent.PromiseTask.run(PromiseTask.java:106) ~[netty-common-4.1.130.Final.jar:4.1.130.Final]
	at io.netty.util.concurrent.AbstractEventExecutor.runTask(AbstractEventExecutor.java:173) ~[netty-common-4.1.130.Final.jar:4.1.130.Final]
	at io.netty.util.concurrent.DefaultEventExecutor.run(DefaultEventExecutor.java:66) ~[netty-common-4.1.130.Final.jar:4.1.130.Final]
	at io.netty.util.concurrent.SingleThreadEventExecutor$4.run(SingleThreadEventExecutor.java:998) ~[netty-common-4.1.130.Final.jar:4.1.130.Final]
	at io.netty.util.internal.ThreadExecutorMap$2.run(ThreadExecutorMap.java:74) ~[netty-common-4.1.130.Final.jar:4.1.130.Final]
	at io.netty.util.concurrent.FastThreadLocalRunnable.run(FastThreadLocalRunnable.java:30) ~[netty-common-4.1.130.Final.jar:4.1.130.Final]
	... 1 more
2026-03-06 05:18:28.473 [MessageBroker-19] INFO  o.s.w.s.c.WebSocketMessageBrokerStats - WebSocketSession[0 current WS(0)-HttpStream(0)-HttpPoll(0), 0 total, 0 closed abnormally (0 connect failure, 0 send limit, 0 transport error)], stompSubProtocol[processed CONNECT(0)-CONNECTED(0)-DISCONNECT(0)], stompBrokerRelay[null], inboundChannel[pool size = 0, active threads = 0, queued tasks = 0, completed tasks = 0], outboundChannel[pool size = 0, active threads = 0, queued tasks = 0, completed tasks = 0], sockJsScheduler[pool size = 22, active threads = 1, queued tasks = 1, completed tasks = 1285]
2026-03-06 05:18:37.600 [HikariPool-1:connection-adder] WARN  c.z.h.p.PoolBase - HikariPool-1 - Pool is empty, failed to create/setup connection (d87b861a-9cc0-43f0-9dd9-20b9389379de)
com.mysql.cj.jdbc.exceptions.CommunicationsException: Communications link failure

The last packet sent successfully to the server was 0 milliseconds ago. The driver has not received any packets from the server.
	at com.mysql.cj.jdbc.exceptions.SQLError.createCommunicationsException(SQLError.java:174) ~[mysql-connector-java-8.0.23.jar:8.0.23]
	at com.mysql.cj.jdbc.exceptions.SQLExceptionsMapping.translateException(SQLExceptionsMapping.java:64) ~[mysql-connector-java-8.0.23.jar:8.0.23]
	at com.mysql.cj.jdbc.ConnectionImpl.createNewIO(ConnectionImpl.java:833) ~[mysql-connector-java-8.0.23.jar:8.0.23]
	at com.mysql.cj.jdbc.ConnectionImpl.<init>(ConnectionImpl.java:453) ~[mysql-connector-java-8.0.23.jar:8.0.23]
	at com.mysql.cj.jdbc.ConnectionImpl.getInstance(ConnectionImpl.java:246) ~[mysql-connector-java-8.0.23.jar:8.0.23]
	at com.mysql.cj.jdbc.NonRegisteringDriver.connect(NonRegisteringDriver.java:198) ~[mysql-connector-java-8.0.23.jar:8.0.23]
	at com.zaxxer.hikari.util.DriverDataSource.getConnection(DriverDataSource.java:144) ~[HikariCP-6.3.3.jar:?]
	at com.zaxxer.hikari.pool.PoolBase.newConnection(PoolBase.java:370) [HikariCP-6.3.3.jar:?]
	at com.zaxxer.hikari.pool.PoolBase.newPoolEntry(PoolBase.java:207) [HikariCP-6.3.3.jar:?]
	at com.zaxxer.hikari.pool.HikariPool.createPoolEntry(HikariPool.java:488) [HikariCP-6.3.3.jar:?]
	at com.zaxxer.hikari.pool.HikariPool$PoolEntryCreator.call(HikariPool.java:752) [HikariCP-6.3.3.jar:?]
	at com.zaxxer.hikari.pool.HikariPool$PoolEntryCreator.call(HikariPool.java:731) [HikariCP-6.3.3.jar:?]
	at java.base/java.util.concurrent.FutureTask.run(FutureTask.java:264) [?:?]
	at java.base/java.util.concurrent.ThreadPoolExecutor.runWorker(ThreadPoolExecutor.java:1136) [?:?]
	at java.base/java.util.concurrent.ThreadPoolExecutor$Worker.run(ThreadPoolExecutor.java:635) [?:?]
	at java.base/java.lang.Thread.run(Thread.java:842) [?:?]
Caused by: com.mysql.cj.exceptions.CJCommunicationsException: Communications link failure

The last packet sent successfully to the server was 0 milliseconds ago. The driver has not received any packets from the server.
	at jdk.internal.reflect.GeneratedConstructorAccessor84.newInstance(Unknown Source) ~[?:?]
	at java.base/jdk.internal.reflect.DelegatingConstructorAccessorImpl.newInstance(DelegatingConstructorAccessorImpl.java:45) ~[?:?]
	at java.base/java.lang.reflect.Constructor.newInstanceWithCaller(Constructor.java:499) ~[?:?]
	at java.base/java.lang.reflect.Constructor.newInstance(Constructor.java:480) ~[?:?]
	at com.mysql.cj.exceptions.ExceptionFactory.createException(ExceptionFactory.java:61) ~[mysql-connector-java-8.0.23.jar:8.0.23]
	at com.mysql.cj.exceptions.ExceptionFactory.createException(ExceptionFactory.java:105) ~[mysql-connector-java-8.0.23.jar:8.0.23]
	at com.mysql.cj.exceptions.ExceptionFactory.createException(ExceptionFactory.java:151) ~[mysql-connector-java-8.0.23.jar:8.0.23]
	at com.mysql.cj.exceptions.ExceptionFactory.createCommunicationsException(ExceptionFactory.java:167) ~[mysql-connector-java-8.0.23.jar:8.0.23]
	at com.mysql.cj.protocol.a.NativeSocketConnection.connect(NativeSocketConnection.java:89) ~[mysql-connector-java-8.0.23.jar:8.0.23]
	at com.mysql.cj.NativeSession.connect(NativeSession.java:144) ~[mysql-connector-java-8.0.23.jar:8.0.23]
	at com.mysql.cj.jdbc.ConnectionImpl.connectOneTryOnly(ConnectionImpl.java:953) ~[mysql-connector-java-8.0.23.jar:8.0.23]
	at com.mysql.cj.jdbc.ConnectionImpl.createNewIO(ConnectionImpl.java:823) ~[mysql-connector-java-8.0.23.jar:8.0.23]
	... 13 more
Caused by: java.net.SocketException: Software caused connection abort: no further information
	at java.base/sun.nio.ch.Net.pollConnect(Native Method) ~[?:?]
	at java.base/sun.nio.ch.Net.pollConnectNow(Net.java:672) ~[?:?]
	at java.base/sun.nio.ch.NioSocketImpl.timedFinishConnect(NioSocketImpl.java:554) ~[?:?]
	at java.base/sun.nio.ch.NioSocketImpl.connect(NioSocketImpl.java:602) ~[?:?]
	at java.base/java.net.SocksSocketImpl.connect(SocksSocketImpl.java:327) ~[?:?]
	at java.base/java.net.Socket.connect(Socket.java:633) ~[?:?]
	at com.mysql.cj.protocol.StandardSocketFactory.connect(StandardSocketFactory.java:155) ~[mysql-connector-java-8.0.23.jar:8.0.23]
	at com.mysql.cj.protocol.a.NativeSocketConnection.connect(NativeSocketConnection.java:63) ~[mysql-connector-java-8.0.23.jar:8.0.23]
	at com.mysql.cj.NativeSession.connect(NativeSession.java:144) ~[mysql-connector-java-8.0.23.jar:8.0.23]
	at com.mysql.cj.jdbc.ConnectionImpl.connectOneTryOnly(ConnectionImpl.java:953) ~[mysql-connector-java-8.0.23.jar:8.0.23]
	at com.mysql.cj.jdbc.ConnectionImpl.createNewIO(ConnectionImpl.java:823) ~[mysql-connector-java-8.0.23.jar:8.0.23]
	... 13 more
2026-03-06 09:05:08.159 [http-nio-80-exec-8] DEBUG o.s.s.w.FilterChainProxy - Securing GET /index?pn=1&size=10
2026-03-06 09:05:08.161 [http-nio-80-exec-10] DEBUG o.s.s.w.FilterChainProxy - Securing GET /user/info
2026-03-06 09:05:08.161 [http-nio-80-exec-8] DEBUG o.s.s.w.FilterChainProxy - Secured GET /index?pn=1&size=10
2026-03-06 09:05:08.161 [http-nio-80-exec-10] DEBUG o.s.s.w.a.Http403ForbiddenEntryPoint - Pre-authenticated entry point called. Rejecting access
2026-03-06 09:05:08.163 [http-nio-80-exec-10] DEBUG o.s.s.w.FilterChainProxy - Securing GET /error
2026-03-06 09:05:08.163 [http-nio-80-exec-10] DEBUG o.s.s.w.a.Http403ForbiddenEntryPoint - Pre-authenticated entry point called. Rejecting access
2026-03-06 09:05:13.574 [http-nio-80-exec-7] ERROR o.s.b.a.w.s.e.ErrorMvcAutoConfiguration$StaticView - Cannot render error page for request [null] and exception [ServletOutputStream failed to flush: java.io.IOException: 你的主机中的软件中止了一个已建立的连接。] as the response has already been committed. As a result, the response may have the wrong status code.
2026-03-06 09:05:20.759 [HikariPool-1:housekeeper] WARN  c.z.h.p.HikariPool - HikariPool-1 - Thread starvation or clock leap detected (housekeeper delta=12h26m16s843ms176µs900ns).
2026-03-06 09:19:11.352 [MessageBroker-1] INFO  o.s.w.s.c.WebSocketMessageBrokerStats - WebSocketSession[0 current WS(0)-HttpStream(0)-HttpPoll(0), 0 total, 0 closed abnormally (0 connect failure, 0 send limit, 0 transport error)], stompSubProtocol[processed CONNECT(0)-CONNECTED(0)-DISCONNECT(0)], stompBrokerRelay[null], inboundChannel[pool size = 0, active threads = 0, queued tasks = 0, completed tasks = 0], outboundChannel[pool size = 0, active threads = 0, queued tasks = 0, completed tasks = 0], sockJsScheduler[pool size = 22, active threads = 1, queued tasks = 1, completed tasks = 1287]
2026-03-06 09:49:11.361 [MessageBroker-14] INFO  o.s.w.s.c.WebSocketMessageBrokerStats - WebSocketSession[0 current WS(0)-HttpStream(0)-HttpPoll(0), 0 total, 0 closed abnormally (0 connect failure, 0 send limit, 0 transport error)], stompSubProtocol[processed CONNECT(0)-CONNECTED(0)-DISCONNECT(0)], stompBrokerRelay[null], inboundChannel[pool size = 0, active threads = 0, queued tasks = 0, completed tasks = 0], outboundChannel[pool size = 0, active threads = 0, queued tasks = 0, completed tasks = 0], sockJsScheduler[pool size = 22, active threads = 1, queued tasks = 1, completed tasks = 1462]
2026-03-06 10:19:11.364 [MessageBroker-20] INFO  o.s.w.s.c.WebSocketMessageBrokerStats - WebSocketSession[0 current WS(0)-HttpStream(0)-HttpPoll(0), 0 total, 0 closed abnormally (0 connect failure, 0 send limit, 0 transport error)], stompSubProtocol[processed CONNECT(0)-CONNECTED(0)-DISCONNECT(0)], stompBrokerRelay[null], inboundChannel[pool size = 0, active threads = 0, queued tasks = 0, completed tasks = 0], outboundChannel[pool size = 0, active threads = 0, queued tasks = 0, completed tasks = 0], sockJsScheduler[pool size = 22, active threads = 1, queued tasks = 1, completed tasks = 1823]
2026-03-06 10:47:01.226 [http-nio-80-exec-4] DEBUG o.s.s.w.FilterChainProxy - Securing GET /post/10
2026-03-06 10:47:01.227 [http-nio-80-exec-2] DEBUG o.s.s.w.FilterChainProxy - Securing GET /user/info
2026-03-06 10:47:01.239 [http-nio-80-exec-2] DEBUG o.s.s.w.a.Http403ForbiddenEntryPoint - Pre-authenticated entry point called. Rejecting access
2026-03-06 10:47:01.239 [http-nio-80-exec-4] DEBUG o.s.s.w.a.Http403ForbiddenEntryPoint - Pre-authenticated entry point called. Rejecting access
2026-03-06 10:47:01.243 [http-nio-80-exec-2] DEBUG o.s.s.w.FilterChainProxy - Securing GET /error
2026-03-06 10:47:01.243 [http-nio-80-exec-4] DEBUG o.s.s.w.FilterChainProxy - Securing GET /error
2026-03-06 10:47:01.244 [http-nio-80-exec-2] DEBUG o.s.s.w.a.Http403ForbiddenEntryPoint - Pre-authenticated entry point called. Rejecting access
2026-03-06 10:47:01.244 [http-nio-80-exec-4] DEBUG o.s.s.w.a.Http403ForbiddenEntryPoint - Pre-authenticated entry point called. Rejecting access
2026-03-06 10:47:12.193 [http-nio-80-exec-6] DEBUG o.s.s.w.FilterChainProxy - Securing GET /index?pn=1&size=10
2026-03-06 10:47:12.193 [http-nio-80-exec-5] DEBUG o.s.s.w.FilterChainProxy - Securing GET /user/info
2026-03-06 10:47:12.195 [http-nio-80-exec-5] DEBUG o.s.s.w.a.Http403ForbiddenEntryPoint - Pre-authenticated entry point called. Rejecting access
2026-03-06 10:47:12.195 [http-nio-80-exec-6] DEBUG o.s.s.w.FilterChainProxy - Secured GET /index?pn=1&size=10
2026-03-06 10:47:12.196 [http-nio-80-exec-5] DEBUG o.s.s.w.FilterChainProxy - Securing GET /error
2026-03-06 10:47:12.196 [http-nio-80-exec-5] DEBUG o.s.s.w.a.Http403ForbiddenEntryPoint - Pre-authenticated entry point called. Rejecting access
2026-03-06 10:49:11.377 [MessageBroker-21] INFO  o.s.w.s.c.WebSocketMessageBrokerStats - WebSocketSession[0 current WS(0)-HttpStream(0)-HttpPoll(0), 0 total, 0 closed abnormally (0 connect failure, 0 send limit, 0 transport error)], stompSubProtocol[processed CONNECT(0)-CONNECTED(0)-DISCONNECT(0)], stompBrokerRelay[null], inboundChannel[pool size = 0, active threads = 0, queued tasks = 0, completed tasks = 0], outboundChannel[pool size = 0, active threads = 0, queued tasks = 0, completed tasks = 0], sockJsScheduler[pool size = 22, active threads = 1, queued tasks = 1, completed tasks = 2184]
2026-03-06 10:51:07.162 [http-nio-80-exec-1] DEBUG o.s.s.w.FilterChainProxy - Securing GET /index?pn=1&size=10
2026-03-06 10:51:07.162 [http-nio-80-exec-8] DEBUG o.s.s.w.FilterChainProxy - Securing GET /user/info
2026-03-06 10:51:07.163 [http-nio-80-exec-1] DEBUG o.s.s.w.FilterChainProxy - Secured GET /index?pn=1&size=10
2026-03-06 10:51:07.163 [http-nio-80-exec-8] DEBUG o.s.s.w.a.Http403ForbiddenEntryPoint - Pre-authenticated entry point called. Rejecting access
2026-03-06 10:51:07.164 [http-nio-80-exec-8] DEBUG o.s.s.w.FilterChainProxy - Securing GET /error
2026-03-06 10:51:07.165 [http-nio-80-exec-8] DEBUG o.s.s.w.a.Http403ForbiddenEntryPoint - Pre-authenticated entry point called. Rejecting access
2026-03-06 10:56:06.705 [http-nio-80-exec-2] DEBUG o.s.s.w.FilterChainProxy - Securing GET /post?id=10
2026-03-06 10:56:06.705 [http-nio-80-exec-5] DEBUG o.s.s.w.FilterChainProxy - Securing GET /user/info
2026-03-06 10:56:06.705 [http-nio-80-exec-5] DEBUG o.s.s.w.a.Http403ForbiddenEntryPoint - Pre-authenticated entry point called. Rejecting access
2026-03-06 10:56:06.705 [http-nio-80-exec-2] DEBUG o.s.s.w.FilterChainProxy - Secured GET /post?id=10
2026-03-06 10:56:06.706 [http-nio-80-exec-4] DEBUG o.s.s.w.FilterChainProxy - Securing POST /collection/find
2026-03-06 10:56:06.706 [http-nio-80-exec-5] DEBUG o.s.s.w.FilterChainProxy - Securing GET /error
2026-03-06 10:56:06.707 [http-nio-80-exec-5] DEBUG o.s.s.w.a.Http403ForbiddenEntryPoint - Pre-authenticated entry point called. Rejecting access
2026-03-06 10:56:06.708 [http-nio-80-exec-4] DEBUG o.s.s.w.a.Http403ForbiddenEntryPoint - Pre-authenticated entry point called. Rejecting access
2026-03-06 10:56:06.709 [http-nio-80-exec-4] DEBUG o.s.s.w.FilterChainProxy - Securing POST /error
2026-03-06 10:56:06.709 [http-nio-80-exec-4] DEBUG o.s.s.w.a.Http403ForbiddenEntryPoint - Pre-authenticated entry point called. Rejecting access
2026-03-06 10:56:12.896 [http-nio-80-exec-6] DEBUG o.s.s.w.FilterChainProxy - Securing GET /index?pn=1&size=10
2026-03-06 10:56:12.898 [http-nio-80-exec-9] DEBUG o.s.s.w.FilterChainProxy - Securing GET /user/info
2026-03-06 10:56:12.898 [http-nio-80-exec-9] DEBUG o.s.s.w.a.Http403ForbiddenEntryPoint - Pre-authenticated entry point called. Rejecting access
2026-03-06 10:56:12.898 [http-nio-80-exec-6] DEBUG o.s.s.w.FilterChainProxy - Secured GET /index?pn=1&size=10
2026-03-06 10:56:12.899 [http-nio-80-exec-9] DEBUG o.s.s.w.FilterChainProxy - Securing GET /error
2026-03-06 10:56:12.901 [http-nio-80-exec-9] DEBUG o.s.s.w.a.Http403ForbiddenEntryPoint - Pre-authenticated entry point called. Rejecting access
2026-03-06 10:56:13.842 [http-nio-80-exec-8] DEBUG o.s.s.w.FilterChainProxy - Securing GET /user/info
2026-03-06 10:56:13.842 [http-nio-80-exec-10] DEBUG o.s.s.w.FilterChainProxy - Securing POST /collection/find
2026-03-06 10:56:13.842 [http-nio-80-exec-1] DEBUG o.s.s.w.FilterChainProxy - Securing GET /post?id=9
2026-03-06 10:56:13.843 [http-nio-80-exec-10] DEBUG o.s.s.w.a.Http403ForbiddenEntryPoint - Pre-authenticated entry point called. Rejecting access
2026-03-06 10:56:13.843 [http-nio-80-exec-1] DEBUG o.s.s.w.FilterChainProxy - Secured GET /post?id=9
2026-03-06 10:56:13.843 [http-nio-80-exec-8] DEBUG o.s.s.w.a.Http403ForbiddenEntryPoint - Pre-authenticated entry point called. Rejecting access
2026-03-06 10:56:13.845 [http-nio-80-exec-10] DEBUG o.s.s.w.FilterChainProxy - Securing POST /error
2026-03-06 10:56:13.845 [http-nio-80-exec-8] DEBUG o.s.s.w.FilterChainProxy - Securing GET /error
2026-03-06 10:56:13.845 [http-nio-80-exec-10] DEBUG o.s.s.w.a.Http403ForbiddenEntryPoint - Pre-authenticated entry point called. Rejecting access
2026-03-06 10:56:13.845 [http-nio-80-exec-8] DEBUG o.s.s.w.a.Http403ForbiddenEntryPoint - Pre-authenticated entry point called. Rejecting access
2026-03-06 10:56:16.640 [http-nio-80-exec-7] DEBUG o.s.s.w.FilterChainProxy - Securing GET /index?pn=1&size=10
2026-03-06 10:56:16.641 [http-nio-80-exec-3] DEBUG o.s.s.w.FilterChainProxy - Securing GET /user/info
2026-03-06 10:56:16.641 [http-nio-80-exec-7] DEBUG o.s.s.w.FilterChainProxy - Secured GET /index?pn=1&size=10
2026-03-06 10:56:16.642 [http-nio-80-exec-3] DEBUG o.s.s.w.a.Http403ForbiddenEntryPoint - Pre-authenticated entry point called. Rejecting access
2026-03-06 10:56:16.643 [http-nio-80-exec-3] DEBUG o.s.s.w.FilterChainProxy - Securing GET /error
2026-03-06 10:56:16.643 [http-nio-80-exec-3] DEBUG o.s.s.w.a.Http403ForbiddenEntryPoint - Pre-authenticated entry point called. Rejecting access
2026-03-06 10:56:57.340 [http-nio-80-exec-5] DEBUG o.s.s.w.FilterChainProxy - Securing POST /collection/find
2026-03-06 10:56:57.340 [http-nio-80-exec-4] DEBUG o.s.s.w.FilterChainProxy - Securing GET /post?id=5
2026-03-06 10:56:57.340 [http-nio-80-exec-2] DEBUG o.s.s.w.FilterChainProxy - Securing GET /user/info
2026-03-06 10:56:57.342 [http-nio-80-exec-2] DEBUG o.s.s.w.a.Http403ForbiddenEntryPoint - Pre-authenticated entry point called. Rejecting access
2026-03-06 10:56:57.342 [http-nio-80-exec-5] DEBUG o.s.s.w.a.Http403ForbiddenEntryPoint - Pre-authenticated entry point called. Rejecting access
2026-03-06 10:56:57.342 [http-nio-80-exec-4] DEBUG o.s.s.w.FilterChainProxy - Secured GET /post?id=5
2026-03-06 10:56:57.342 [http-nio-80-exec-5] DEBUG o.s.s.w.FilterChainProxy - Securing POST /error
2026-03-06 10:56:57.342 [http-nio-80-exec-2] DEBUG o.s.s.w.FilterChainProxy - Securing GET /error
2026-03-06 10:56:57.343 [http-nio-80-exec-5] DEBUG o.s.s.w.a.Http403ForbiddenEntryPoint - Pre-authenticated entry point called. Rejecting access
2026-03-06 10:56:57.343 [http-nio-80-exec-2] DEBUG o.s.s.w.a.Http403ForbiddenEntryPoint - Pre-authenticated entry point called. Rejecting access
2026-03-06 10:56:59.898 [http-nio-80-exec-9] DEBUG o.s.s.w.FilterChainProxy - Securing GET /index?pn=1&size=10
2026-03-06 10:56:59.899 [http-nio-80-exec-6] DEBUG o.s.s.w.FilterChainProxy - Securing GET /user/info
2026-03-06 10:56:59.900 [http-nio-80-exec-6] DEBUG o.s.s.w.a.Http403ForbiddenEntryPoint - Pre-authenticated entry point called. Rejecting access
2026-03-06 10:56:59.900 [http-nio-80-exec-9] DEBUG o.s.s.w.FilterChainProxy - Secured GET /index?pn=1&size=10
2026-03-06 10:56:59.901 [http-nio-80-exec-6] DEBUG o.s.s.w.FilterChainProxy - Securing GET /error
2026-03-06 10:56:59.902 [http-nio-80-exec-6] DEBUG o.s.s.w.a.Http403ForbiddenEntryPoint - Pre-authenticated entry point called. Rejecting access
2026-03-06 10:57:01.786 [http-nio-80-exec-8] DEBUG o.s.s.w.FilterChainProxy - Securing GET /user/info
2026-03-06 10:57:01.786 [http-nio-80-exec-10] DEBUG o.s.s.w.FilterChainProxy - Securing GET /post?id=1
2026-03-06 10:57:01.787 [http-nio-80-exec-8] DEBUG o.s.s.w.a.Http403ForbiddenEntryPoint - Pre-authenticated entry point called. Rejecting access
2026-03-06 10:57:01.788 [http-nio-80-exec-10] DEBUG o.s.s.w.FilterChainProxy - Secured GET /post?id=1
2026-03-06 10:57:01.788 [http-nio-80-exec-1] DEBUG o.s.s.w.FilterChainProxy - Securing POST /collection/find
2026-03-06 10:57:01.788 [http-nio-80-exec-8] DEBUG o.s.s.w.FilterChainProxy - Securing GET /error
2026-03-06 10:57:01.788 [http-nio-80-exec-8] DEBUG o.s.s.w.a.Http403ForbiddenEntryPoint - Pre-authenticated entry point called. Rejecting access
2026-03-06 10:57:01.789 [http-nio-80-exec-1] DEBUG o.s.s.w.a.Http403ForbiddenEntryPoint - Pre-authenticated entry point called. Rejecting access
2026-03-06 10:57:01.789 [http-nio-80-exec-1] DEBUG o.s.s.w.FilterChainProxy - Securing POST /error
2026-03-06 10:57:01.791 [http-nio-80-exec-1] DEBUG o.s.s.w.a.Http403ForbiddenEntryPoint - Pre-authenticated entry point called. Rejecting access
2026-03-06 10:57:05.075 [http-nio-80-exec-7] DEBUG o.s.s.w.FilterChainProxy - Securing GET /user/info
2026-03-06 10:57:05.074 [http-nio-80-exec-3] DEBUG o.s.s.w.FilterChainProxy - Securing GET /index?pn=1&size=10
2026-03-06 10:57:05.076 [http-nio-80-exec-3] DEBUG o.s.s.w.FilterChainProxy - Secured GET /index?pn=1&size=10
2026-03-06 10:57:05.076 [http-nio-80-exec-7] DEBUG o.s.s.w.a.Http403ForbiddenEntryPoint - Pre-authenticated entry point called. Rejecting access
2026-03-06 10:57:05.076 [http-nio-80-exec-7] DEBUG o.s.s.w.FilterChainProxy - Securing GET /error
2026-03-06 10:57:05.077 [http-nio-80-exec-7] DEBUG o.s.s.w.a.Http403ForbiddenEntryPoint - Pre-authenticated entry point called. Rejecting access
2026-03-06 10:57:06.556 [http-nio-80-exec-5] DEBUG o.s.s.w.FilterChainProxy - Securing GET /post?id=8
2026-03-06 10:57:06.556 [http-nio-80-exec-2] DEBUG o.s.s.w.FilterChainProxy - Securing POST /collection/find
2026-03-06 10:57:06.557 [http-nio-80-exec-4] DEBUG o.s.s.w.FilterChainProxy - Securing GET /user/info
2026-03-06 10:57:06.557 [http-nio-80-exec-5] DEBUG o.s.s.w.FilterChainProxy - Secured GET /post?id=8
2026-03-06 10:57:06.557 [http-nio-80-exec-2] DEBUG o.s.s.w.a.Http403ForbiddenEntryPoint - Pre-authenticated entry point called. Rejecting access
2026-03-06 10:57:06.557 [http-nio-80-exec-4] DEBUG o.s.s.w.a.Http403ForbiddenEntryPoint - Pre-authenticated entry point called. Rejecting access
2026-03-06 10:57:06.559 [http-nio-80-exec-2] DEBUG o.s.s.w.FilterChainProxy - Securing POST /error
2026-03-06 10:57:06.559 [http-nio-80-exec-4] DEBUG o.s.s.w.FilterChainProxy - Securing GET /error
2026-03-06 10:57:06.559 [http-nio-80-exec-2] DEBUG o.s.s.w.a.Http403ForbiddenEntryPoint - Pre-authenticated entry point called. Rejecting access
2026-03-06 10:57:06.559 [http-nio-80-exec-4] DEBUG o.s.s.w.a.Http403ForbiddenEntryPoint - Pre-authenticated entry point called. Rejecting access
2026-03-06 10:57:11.554 [http-nio-80-exec-6] DEBUG o.s.s.w.FilterChainProxy - Securing GET /user/info
2026-03-06 10:57:11.554 [http-nio-80-exec-9] DEBUG o.s.s.w.FilterChainProxy - Securing GET /index?pn=1&size=10
2026-03-06 10:57:11.555 [http-nio-80-exec-6] DEBUG o.s.s.w.a.Http403ForbiddenEntryPoint - Pre-authenticated entry point called. Rejecting access
2026-03-06 10:57:11.555 [http-nio-80-exec-9] DEBUG o.s.s.w.FilterChainProxy - Secured GET /index?pn=1&size=10
2026-03-06 10:57:11.556 [http-nio-80-exec-6] DEBUG o.s.s.w.FilterChainProxy - Securing GET /error
2026-03-06 10:57:11.556 [http-nio-80-exec-6] DEBUG o.s.s.w.a.Http403ForbiddenEntryPoint - Pre-authenticated entry point called. Rejecting access
2026-03-06 10:57:12.577 [http-nio-80-exec-10] DEBUG o.s.s.w.FilterChainProxy - Securing GET /user/info
2026-03-06 10:57:12.577 [http-nio-80-exec-1] DEBUG o.s.s.w.FilterChainProxy - Securing GET /post?id=9
2026-03-06 10:57:12.577 [http-nio-80-exec-8] DEBUG o.s.s.w.FilterChainProxy - Securing POST /collection/find
2026-03-06 10:57:12.578 [http-nio-80-exec-8] DEBUG o.s.s.w.a.Http403ForbiddenEntryPoint - Pre-authenticated entry point called. Rejecting access
2026-03-06 10:57:12.578 [http-nio-80-exec-1] DEBUG o.s.s.w.FilterChainProxy - Secured GET /post?id=9
2026-03-06 10:57:12.578 [http-nio-80-exec-10] DEBUG o.s.s.w.a.Http403ForbiddenEntryPoint - Pre-authenticated entry point called. Rejecting access
2026-03-06 10:57:12.579 [http-nio-80-exec-10] DEBUG o.s.s.w.FilterChainProxy - Securing GET /error
2026-03-06 10:57:12.579 [http-nio-80-exec-8] DEBUG o.s.s.w.FilterChainProxy - Securing POST /error
2026-03-06 10:57:12.580 [http-nio-80-exec-10] DEBUG o.s.s.w.a.Http403ForbiddenEntryPoint - Pre-authenticated entry point called. Rejecting access
2026-03-06 10:57:12.580 [http-nio-80-exec-8] DEBUG o.s.s.w.a.Http403ForbiddenEntryPoint - Pre-authenticated entry point called. Rejecting access
2026-03-06 10:57:14.097 [http-nio-80-exec-7] DEBUG o.s.s.w.FilterChainProxy - Securing GET /index?pn=1&size=10
2026-03-06 10:57:14.098 [http-nio-80-exec-3] DEBUG o.s.s.w.FilterChainProxy - Securing GET /user/info
2026-03-06 10:57:14.099 [http-nio-80-exec-3] DEBUG o.s.s.w.a.Http403ForbiddenEntryPoint - Pre-authenticated entry point called. Rejecting access
2026-03-06 10:57:14.099 [http-nio-80-exec-7] DEBUG o.s.s.w.FilterChainProxy - Secured GET /index?pn=1&size=10
2026-03-06 10:57:14.101 [http-nio-80-exec-3] DEBUG o.s.s.w.FilterChainProxy - Securing GET /error
2026-03-06 10:57:14.101 [http-nio-80-exec-3] DEBUG o.s.s.w.a.Http403ForbiddenEntryPoint - Pre-authenticated entry point called. Rejecting access
2026-03-06 10:57:15.483 [http-nio-80-exec-5] DEBUG o.s.s.w.FilterChainProxy - Securing POST /collection/find
2026-03-06 10:57:15.483 [http-nio-80-exec-4] DEBUG o.s.s.w.FilterChainProxy - Securing GET /user/info
2026-03-06 10:57:15.483 [http-nio-80-exec-2] DEBUG o.s.s.w.FilterChainProxy - Securing GET /post?id=6
2026-03-06 10:57:15.484 [http-nio-80-exec-5] DEBUG o.s.s.w.a.Http403ForbiddenEntryPoint - Pre-authenticated entry point called. Rejecting access
2026-03-06 10:57:15.484 [http-nio-80-exec-2] DEBUG o.s.s.w.FilterChainProxy - Secured GET /post?id=6
2026-03-06 10:57:15.484 [http-nio-80-exec-4] DEBUG o.s.s.w.a.Http403ForbiddenEntryPoint - Pre-authenticated entry point called. Rejecting access
2026-03-06 10:57:15.485 [http-nio-80-exec-4] DEBUG o.s.s.w.FilterChainProxy - Securing GET /error
2026-03-06 10:57:15.485 [http-nio-80-exec-5] DEBUG o.s.s.w.FilterChainProxy - Securing POST /error
2026-03-06 10:57:15.485 [http-nio-80-exec-4] DEBUG o.s.s.w.a.Http403ForbiddenEntryPoint - Pre-authenticated entry point called. Rejecting access
2026-03-06 10:57:15.486 [http-nio-80-exec-5] DEBUG o.s.s.w.a.Http403ForbiddenEntryPoint - Pre-authenticated entry point called. Rejecting access
2026-03-06 10:57:18.321 [http-nio-80-exec-9] DEBUG o.s.s.w.FilterChainProxy - Securing GET /index?pn=1&size=10
2026-03-06 10:57:18.321 [http-nio-80-exec-6] DEBUG o.s.s.w.FilterChainProxy - Securing GET /user/info
2026-03-06 10:57:18.321 [http-nio-80-exec-6] DEBUG o.s.s.w.a.Http403ForbiddenEntryPoint - Pre-authenticated entry point called. Rejecting access
2026-03-06 10:57:18.321 [http-nio-80-exec-9] DEBUG o.s.s.w.FilterChainProxy - Secured GET /index?pn=1&size=10
2026-03-06 10:57:18.322 [http-nio-80-exec-6] DEBUG o.s.s.w.FilterChainProxy - Securing GET /error
2026-03-06 10:57:18.322 [http-nio-80-exec-6] DEBUG o.s.s.w.a.Http403ForbiddenEntryPoint - Pre-authenticated entry point called. Rejecting access
2026-03-06 10:57:20.273 [http-nio-80-exec-8] DEBUG o.s.s.w.FilterChainProxy - Securing POST /collection/find
2026-03-06 10:57:20.274 [http-nio-80-exec-10] DEBUG o.s.s.w.FilterChainProxy - Securing GET /post?id=3
2026-03-06 10:57:20.274 [http-nio-80-exec-1] DEBUG o.s.s.w.FilterChainProxy - Securing GET /user/info
2026-03-06 10:57:20.274 [http-nio-80-exec-1] DEBUG o.s.s.w.a.Http403ForbiddenEntryPoint - Pre-authenticated entry point called. Rejecting access
2026-03-06 10:57:20.274 [http-nio-80-exec-10] DEBUG o.s.s.w.FilterChainProxy - Secured GET /post?id=3
2026-03-06 10:57:20.274 [http-nio-80-exec-8] DEBUG o.s.s.w.a.Http403ForbiddenEntryPoint - Pre-authenticated entry point called. Rejecting access
2026-03-06 10:57:20.276 [http-nio-80-exec-1] DEBUG o.s.s.w.FilterChainProxy - Securing GET /error
2026-03-06 10:57:20.276 [http-nio-80-exec-8] DEBUG o.s.s.w.FilterChainProxy - Securing POST /error
2026-03-06 10:57:20.276 [http-nio-80-exec-8] DEBUG o.s.s.w.a.Http403ForbiddenEntryPoint - Pre-authenticated entry point called. Rejecting access
2026-03-06 10:57:20.277 [http-nio-80-exec-1] DEBUG o.s.s.w.a.Http403ForbiddenEntryPoint - Pre-authenticated entry point called. Rejecting access
2026-03-06 10:57:22.756 [http-nio-80-exec-3] DEBUG o.s.s.w.FilterChainProxy - Securing GET /index?pn=1&size=10
2026-03-06 10:57:22.756 [http-nio-80-exec-7] DEBUG o.s.s.w.FilterChainProxy - Securing GET /user/info
2026-03-06 10:57:22.758 [http-nio-80-exec-3] DEBUG o.s.s.w.FilterChainProxy - Secured GET /index?pn=1&size=10
2026-03-06 10:57:22.758 [http-nio-80-exec-7] DEBUG o.s.s.w.a.Http403ForbiddenEntryPoint - Pre-authenticated entry point called. Rejecting access
2026-03-06 10:57:22.758 [http-nio-80-exec-7] DEBUG o.s.s.w.FilterChainProxy - Securing GET /error
2026-03-06 10:57:22.760 [http-nio-80-exec-7] DEBUG o.s.s.w.a.Http403ForbiddenEntryPoint - Pre-authenticated entry point called. Rejecting access
2026-03-06 10:57:50.818 [http-nio-80-exec-2] DEBUG o.s.s.w.FilterChainProxy - Securing POST /collection/find
2026-03-06 10:57:50.818 [http-nio-80-exec-4] DEBUG o.s.s.w.FilterChainProxy - Securing GET /post?id=5
2026-03-06 10:57:50.819 [http-nio-80-exec-5] DEBUG o.s.s.w.FilterChainProxy - Securing GET /user/info
2026-03-06 10:57:50.820 [http-nio-80-exec-5] DEBUG o.s.s.w.a.Http403ForbiddenEntryPoint - Pre-authenticated entry point called. Rejecting access
2026-03-06 10:57:50.820 [http-nio-80-exec-2] DEBUG o.s.s.w.a.Http403ForbiddenEntryPoint - Pre-authenticated entry point called. Rejecting access
2026-03-06 10:57:50.820 [http-nio-80-exec-4] DEBUG o.s.s.w.FilterChainProxy - Secured GET /post?id=5
2026-03-06 10:57:50.821 [http-nio-80-exec-5] DEBUG o.s.s.w.FilterChainProxy - Securing GET /error
2026-03-06 10:57:50.821 [http-nio-80-exec-2] DEBUG o.s.s.w.FilterChainProxy - Securing POST /error
2026-03-06 10:57:50.821 [http-nio-80-exec-5] DEBUG o.s.s.w.a.Http403ForbiddenEntryPoint - Pre-authenticated entry point called. Rejecting access
2026-03-06 10:57:50.821 [http-nio-80-exec-2] DEBUG o.s.s.w.a.Http403ForbiddenEntryPoint - Pre-authenticated entry point called. Rejecting access
2026-03-06 10:57:52.180 [http-nio-80-exec-6] DEBUG o.s.s.w.FilterChainProxy - Securing GET /index?pn=1&size=10
2026-03-06 10:57:52.180 [http-nio-80-exec-9] DEBUG o.s.s.w.FilterChainProxy - Securing GET /user/info
2026-03-06 10:57:52.181 [http-nio-80-exec-6] DEBUG o.s.s.w.FilterChainProxy - Secured GET /index?pn=1&size=10
2026-03-06 10:57:52.181 [http-nio-80-exec-9] DEBUG o.s.s.w.a.Http403ForbiddenEntryPoint - Pre-authenticated entry point called. Rejecting access
2026-03-06 10:57:52.183 [http-nio-80-exec-9] DEBUG o.s.s.w.FilterChainProxy - Securing GET /error
2026-03-06 10:57:52.183 [http-nio-80-exec-9] DEBUG o.s.s.w.a.Http403ForbiddenEntryPoint - Pre-authenticated entry point called. Rejecting access
2026-03-06 10:57:54.002 [http-nio-80-exec-1] DEBUG o.s.s.w.FilterChainProxy - Securing GET /post?id=9
2026-03-06 10:57:54.002 [http-nio-80-exec-8] DEBUG o.s.s.w.FilterChainProxy - Securing POST /collection/find
2026-03-06 10:57:54.002 [http-nio-80-exec-10] DEBUG o.s.s.w.FilterChainProxy - Securing GET /user/info
2026-03-06 10:57:54.002 [http-nio-80-exec-10] DEBUG o.s.s.w.a.Http403ForbiddenEntryPoint - Pre-authenticated entry point called. Rejecting access
2026-03-06 10:57:54.002 [http-nio-80-exec-8] DEBUG o.s.s.w.a.Http403ForbiddenEntryPoint - Pre-authenticated entry point called. Rejecting access
2026-03-06 10:57:54.002 [http-nio-80-exec-1] DEBUG o.s.s.w.FilterChainProxy - Secured GET /post?id=9
2026-03-06 10:57:54.003 [http-nio-80-exec-8] DEBUG o.s.s.w.FilterChainProxy - Securing POST /error
2026-03-06 10:57:54.003 [http-nio-80-exec-10] DEBUG o.s.s.w.FilterChainProxy - Securing GET /error
2026-03-06 10:57:54.003 [http-nio-80-exec-8] DEBUG o.s.s.w.a.Http403ForbiddenEntryPoint - Pre-authenticated entry point called. Rejecting access
2026-03-06 10:57:54.004 [http-nio-80-exec-10] DEBUG o.s.s.w.a.Http403ForbiddenEntryPoint - Pre-authenticated entry point called. Rejecting access
2026-03-06 10:57:54.987 [http-nio-80-exec-7] DEBUG o.s.s.w.FilterChainProxy - Securing GET /index?pn=1&size=10
2026-03-06 10:57:54.987 [http-nio-80-exec-3] DEBUG o.s.s.w.FilterChainProxy - Securing GET /user/info
2026-03-06 10:57:54.987 [http-nio-80-exec-7] DEBUG o.s.s.w.FilterChainProxy - Secured GET /index?pn=1&size=10
2026-03-06 10:57:54.987 [http-nio-80-exec-3] DEBUG o.s.s.w.a.Http403ForbiddenEntryPoint - Pre-authenticated entry point called. Rejecting access
2026-03-06 10:57:54.989 [http-nio-80-exec-3] DEBUG o.s.s.w.FilterChainProxy - Securing GET /error
2026-03-06 10:57:54.989 [http-nio-80-exec-3] DEBUG o.s.s.w.a.Http403ForbiddenEntryPoint - Pre-authenticated entry point called. Rejecting access
2026-03-06 10:57:56.179 [http-nio-80-exec-5] DEBUG o.s.s.w.FilterChainProxy - Securing GET /post?id=8
2026-03-06 10:57:56.179 [http-nio-80-exec-2] DEBUG o.s.s.w.FilterChainProxy - Securing GET /user/info
2026-03-06 10:57:56.179 [http-nio-80-exec-4] DEBUG o.s.s.w.FilterChainProxy - Securing POST /collection/find
2026-03-06 10:57:56.181 [http-nio-80-exec-4] DEBUG o.s.s.w.a.Http403ForbiddenEntryPoint - Pre-authenticated entry point called. Rejecting access
2026-03-06 10:57:56.181 [http-nio-80-exec-5] DEBUG o.s.s.w.FilterChainProxy - Secured GET /post?id=8
2026-03-06 10:57:56.181 [http-nio-80-exec-2] DEBUG o.s.s.w.a.Http403ForbiddenEntryPoint - Pre-authenticated entry point called. Rejecting access
2026-03-06 10:57:56.181 [http-nio-80-exec-4] DEBUG o.s.s.w.FilterChainProxy - Securing POST /error
2026-03-06 10:57:56.181 [http-nio-80-exec-2] DEBUG o.s.s.w.FilterChainProxy - Securing GET /error
2026-03-06 10:57:56.182 [http-nio-80-exec-2] DEBUG o.s.s.w.a.Http403ForbiddenEntryPoint - Pre-authenticated entry point called. Rejecting access
2026-03-06 10:57:56.182 [http-nio-80-exec-4] DEBUG o.s.s.w.a.Http403ForbiddenEntryPoint - Pre-authenticated entry point called. Rejecting access
2026-03-06 10:58:59.641 [http-nio-80-exec-10] DEBUG o.s.s.w.FilterChainProxy - Securing GET /post?id=8
2026-03-06 10:58:59.641 [http-nio-80-exec-1] DEBUG o.s.s.w.FilterChainProxy - Securing POST /collection/find
2026-03-06 10:58:59.641 [http-nio-80-exec-3] DEBUG o.s.s.w.FilterChainProxy - Securing GET /user/info
2026-03-06 10:58:59.641 [http-nio-80-exec-10] DEBUG o.s.s.w.FilterChainProxy - Secured GET /post?id=8
2026-03-06 10:58:59.643 [http-nio-80-exec-1] DEBUG o.s.s.w.a.Http403ForbiddenEntryPoint - Pre-authenticated entry point called. Rejecting access
2026-03-06 10:58:59.643 [http-nio-80-exec-3] DEBUG o.s.s.w.a.Http403ForbiddenEntryPoint - Pre-authenticated entry point called. Rejecting access
2026-03-06 10:58:59.643 [http-nio-80-exec-3] DEBUG o.s.s.w.FilterChainProxy - Securing GET /error
2026-03-06 10:58:59.643 [http-nio-80-exec-1] DEBUG o.s.s.w.FilterChainProxy - Securing POST /error
2026-03-06 10:58:59.644 [http-nio-80-exec-3] DEBUG o.s.s.w.a.Http403ForbiddenEntryPoint - Pre-authenticated entry point called. Rejecting access
2026-03-06 10:58:59.644 [http-nio-80-exec-1] DEBUG o.s.s.w.a.Http403ForbiddenEntryPoint - Pre-authenticated entry point called. Rejecting access
2026-03-06 10:59:19.493 [http-nio-80-exec-7] DEBUG o.s.s.w.FilterChainProxy - Securing POST /collection/find
2026-03-06 10:59:19.493 [http-nio-80-exec-4] DEBUG o.s.s.w.FilterChainProxy - Securing GET /post?id=8
2026-03-06 10:59:19.494 [http-nio-80-exec-2] DEBUG o.s.s.w.FilterChainProxy - Securing GET /user/info
2026-03-06 10:59:19.494 [http-nio-80-exec-7] DEBUG o.s.s.w.a.Http403ForbiddenEntryPoint - Pre-authenticated entry point called. Rejecting access
2026-03-06 10:59:19.494 [http-nio-80-exec-2] DEBUG o.s.s.w.a.Http403ForbiddenEntryPoint - Pre-authenticated entry point called. Rejecting access
2026-03-06 10:59:19.494 [http-nio-80-exec-4] DEBUG o.s.s.w.FilterChainProxy - Secured GET /post?id=8
2026-03-06 10:59:19.494 [http-nio-80-exec-7] DEBUG o.s.s.w.FilterChainProxy - Securing POST /error
2026-03-06 10:59:19.494 [http-nio-80-exec-2] DEBUG o.s.s.w.FilterChainProxy - Securing GET /error
2026-03-06 10:59:19.494 [http-nio-80-exec-7] DEBUG o.s.s.w.a.Http403ForbiddenEntryPoint - Pre-authenticated entry point called. Rejecting access
2026-03-06 10:59:19.496 [http-nio-80-exec-2] DEBUG o.s.s.w.a.Http403ForbiddenEntryPoint - Pre-authenticated entry point called. Rejecting access
2026-03-06 10:59:52.881 [http-nio-80-exec-5] DEBUG o.s.s.w.FilterChainProxy - Securing GET /index?pn=1&size=10
2026-03-06 10:59:52.881 [http-nio-80-exec-8] DEBUG o.s.s.w.FilterChainProxy - Securing GET /user/info
2026-03-06 10:59:52.882 [http-nio-80-exec-8] DEBUG o.s.s.w.a.Http403ForbiddenEntryPoint - Pre-authenticated entry point called. Rejecting access
2026-03-06 10:59:52.882 [http-nio-80-exec-5] DEBUG o.s.s.w.FilterChainProxy - Secured GET /index?pn=1&size=10
2026-03-06 10:59:52.884 [http-nio-80-exec-8] DEBUG o.s.s.w.FilterChainProxy - Securing GET /error
2026-03-06 10:59:52.892 [http-nio-80-exec-8] DEBUG o.s.s.w.a.Http403ForbiddenEntryPoint - Pre-authenticated entry point called. Rejecting access
2026-03-06 10:59:53.780 [http-nio-80-exec-3] DEBUG o.s.s.w.FilterChainProxy - Securing POST /collection/find
2026-03-06 10:59:53.780 [http-nio-80-exec-9] DEBUG o.s.s.w.FilterChainProxy - Securing GET /user/info
2026-03-06 10:59:53.780 [http-nio-80-exec-6] DEBUG o.s.s.w.FilterChainProxy - Securing GET /post?id=10
2026-03-06 10:59:53.782 [http-nio-80-exec-6] DEBUG o.s.s.w.FilterChainProxy - Secured GET /post?id=10
2026-03-06 10:59:53.782 [http-nio-80-exec-3] DEBUG o.s.s.w.a.Http403ForbiddenEntryPoint - Pre-authenticated entry point called. Rejecting access
2026-03-06 10:59:53.782 [http-nio-80-exec-9] DEBUG o.s.s.w.a.Http403ForbiddenEntryPoint - Pre-authenticated entry point called. Rejecting access
2026-03-06 10:59:53.782 [http-nio-80-exec-3] DEBUG o.s.s.w.FilterChainProxy - Securing POST /error
2026-03-06 10:59:53.782 [http-nio-80-exec-9] DEBUG o.s.s.w.FilterChainProxy - Securing GET /error
2026-03-06 10:59:53.782 [http-nio-80-exec-3] DEBUG o.s.s.w.a.Http403ForbiddenEntryPoint - Pre-authenticated entry point called. Rejecting access
2026-03-06 10:59:53.782 [http-nio-80-exec-9] DEBUG o.s.s.w.a.Http403ForbiddenEntryPoint - Pre-authenticated entry point called. Rejecting access
2026-03-06 10:59:54.960 [http-nio-80-exec-1] DEBUG o.s.s.w.FilterChainProxy - Securing GET /index?pn=1&size=10
2026-03-06 10:59:54.960 [http-nio-80-exec-10] DEBUG o.s.s.w.FilterChainProxy - Securing GET /user/info
2026-03-06 10:59:54.961 [http-nio-80-exec-1] DEBUG o.s.s.w.FilterChainProxy - Secured GET /index?pn=1&size=10
2026-03-06 10:59:54.961 [http-nio-80-exec-10] DEBUG o.s.s.w.a.Http403ForbiddenEntryPoint - Pre-authenticated entry point called. Rejecting access
2026-03-06 10:59:54.962 [http-nio-80-exec-10] DEBUG o.s.s.w.FilterChainProxy - Securing GET /error
2026-03-06 10:59:54.963 [http-nio-80-exec-10] DEBUG o.s.s.w.a.Http403ForbiddenEntryPoint - Pre-authenticated entry point called. Rejecting access
2026-03-06 10:59:56.313 [http-nio-80-exec-2] DEBUG o.s.s.w.FilterChainProxy - Securing POST /collection/find
2026-03-06 10:59:56.313 [http-nio-80-exec-7] DEBUG o.s.s.w.FilterChainProxy - Securing GET /post?id=5
2026-03-06 10:59:56.313 [http-nio-80-exec-4] DEBUG o.s.s.w.FilterChainProxy - Securing GET /user/info
2026-03-06 10:59:56.313 [http-nio-80-exec-2] DEBUG o.s.s.w.a.Http403ForbiddenEntryPoint - Pre-authenticated entry point called. Rejecting access
2026-03-06 10:59:56.313 [http-nio-80-exec-4] DEBUG o.s.s.w.a.Http403ForbiddenEntryPoint - Pre-authenticated entry point called. Rejecting access
2026-03-06 10:59:56.313 [http-nio-80-exec-7] DEBUG o.s.s.w.FilterChainProxy - Secured GET /post?id=5
2026-03-06 10:59:56.315 [http-nio-80-exec-4] DEBUG o.s.s.w.FilterChainProxy - Securing GET /error
2026-03-06 10:59:56.315 [http-nio-80-exec-2] DEBUG o.s.s.w.FilterChainProxy - Securing POST /error
2026-03-06 10:59:56.315 [http-nio-80-exec-2] DEBUG o.s.s.w.a.Http403ForbiddenEntryPoint - Pre-authenticated entry point called. Rejecting access
2026-03-06 10:59:56.315 [http-nio-80-exec-4] DEBUG o.s.s.w.a.Http403ForbiddenEntryPoint - Pre-authenticated entry point called. Rejecting access
2026-03-06 10:59:58.044 [http-nio-80-exec-8] DEBUG o.s.s.w.FilterChainProxy - Securing GET /index?pn=1&size=10
2026-03-06 10:59:58.044 [http-nio-80-exec-5] DEBUG o.s.s.w.FilterChainProxy - Securing GET /user/info
2026-03-06 10:59:58.044 [http-nio-80-exec-8] DEBUG o.s.s.w.FilterChainProxy - Secured GET /index?pn=1&size=10
2026-03-06 10:59:58.044 [http-nio-80-exec-5] DEBUG o.s.s.w.a.Http403ForbiddenEntryPoint - Pre-authenticated entry point called. Rejecting access
2026-03-06 10:59:58.046 [http-nio-80-exec-5] DEBUG o.s.s.w.FilterChainProxy - Securing GET /error
2026-03-06 10:59:58.046 [http-nio-80-exec-5] DEBUG o.s.s.w.a.Http403ForbiddenEntryPoint - Pre-authenticated entry point called. Rejecting access
2026-03-06 11:00:00.456 [http-nio-80-exec-9] DEBUG o.s.s.w.FilterChainProxy - Securing POST /collection/find
2026-03-06 11:00:00.456 [http-nio-80-exec-3] DEBUG o.s.s.w.FilterChainProxy - Securing GET /user/info
2026-03-06 11:00:00.456 [http-nio-80-exec-6] DEBUG o.s.s.w.FilterChainProxy - Securing GET /post?id=2
2026-03-06 11:00:00.458 [http-nio-80-exec-6] DEBUG o.s.s.w.FilterChainProxy - Secured GET /post?id=2
2026-03-06 11:00:00.458 [http-nio-80-exec-3] DEBUG o.s.s.w.a.Http403ForbiddenEntryPoint - Pre-authenticated entry point called. Rejecting access
2026-03-06 11:00:00.458 [http-nio-80-exec-9] DEBUG o.s.s.w.a.Http403ForbiddenEntryPoint - Pre-authenticated entry point called. Rejecting access
2026-03-06 11:00:00.458 [http-nio-80-exec-3] DEBUG o.s.s.w.FilterChainProxy - Securing GET /error
2026-03-06 11:00:00.458 [http-nio-80-exec-3] DEBUG o.s.s.w.a.Http403ForbiddenEntryPoint - Pre-authenticated entry point called. Rejecting access
2026-03-06 11:00:00.459 [http-nio-80-exec-9] DEBUG o.s.s.w.FilterChainProxy - Securing POST /error
2026-03-06 11:00:00.459 [http-nio-80-exec-9] DEBUG o.s.s.w.a.Http403ForbiddenEntryPoint - Pre-authenticated entry point called. Rejecting access
2026-03-06 11:00:04.111 [http-nio-80-exec-10] DEBUG o.s.s.w.FilterChainProxy - Securing GET /index?pn=1&size=10
2026-03-06 11:00:04.112 [http-nio-80-exec-1] DEBUG o.s.s.w.FilterChainProxy - Securing GET /user/info
2026-03-06 11:00:04.112 [http-nio-80-exec-1] DEBUG o.s.s.w.a.Http403ForbiddenEntryPoint - Pre-authenticated entry point called. Rejecting access
2026-03-06 11:00:04.112 [http-nio-80-exec-10] DEBUG o.s.s.w.FilterChainProxy - Secured GET /index?pn=1&size=10
2026-03-06 11:00:04.114 [http-nio-80-exec-1] DEBUG o.s.s.w.FilterChainProxy - Securing GET /error
2026-03-06 11:00:04.114 [http-nio-80-exec-1] DEBUG o.s.s.w.a.Http403ForbiddenEntryPoint - Pre-authenticated entry point called. Rejecting access
2026-03-06 11:00:05.702 [http-nio-80-exec-4] DEBUG o.s.s.w.FilterChainProxy - Securing GET /post?id=7
2026-03-06 11:00:05.702 [http-nio-80-exec-2] DEBUG o.s.s.w.FilterChainProxy - Securing POST /collection/find
2026-03-06 11:00:05.703 [http-nio-80-exec-7] DEBUG o.s.s.w.FilterChainProxy - Securing GET /user/info
2026-03-06 11:00:05.703 [http-nio-80-exec-4] DEBUG o.s.s.w.FilterChainProxy - Secured GET /post?id=7
2026-03-06 11:00:05.703 [http-nio-80-exec-2] DEBUG o.s.s.w.a.Http403ForbiddenEntryPoint - Pre-authenticated entry point called. Rejecting access
2026-03-06 11:00:05.703 [http-nio-80-exec-7] DEBUG o.s.s.w.a.Http403ForbiddenEntryPoint - Pre-authenticated entry point called. Rejecting access
2026-03-06 11:00:05.704 [http-nio-80-exec-7] DEBUG o.s.s.w.FilterChainProxy - Securing GET /error
2026-03-06 11:00:05.704 [http-nio-80-exec-2] DEBUG o.s.s.w.FilterChainProxy - Securing POST /error
2026-03-06 11:00:05.705 [http-nio-80-exec-2] DEBUG o.s.s.w.a.Http403ForbiddenEntryPoint - Pre-authenticated entry point called. Rejecting access
2026-03-06 11:00:05.705 [http-nio-80-exec-7] DEBUG o.s.s.w.a.Http403ForbiddenEntryPoint - Pre-authenticated entry point called. Rejecting access
2026-03-06 11:00:07.222 [http-nio-80-exec-8] DEBUG o.s.s.w.FilterChainProxy - Securing GET /user/info
2026-03-06 11:00:07.222 [http-nio-80-exec-5] DEBUG o.s.s.w.FilterChainProxy - Securing GET /index?pn=1&size=10
2026-03-06 11:00:07.223 [http-nio-80-exec-5] DEBUG o.s.s.w.FilterChainProxy - Secured GET /index?pn=1&size=10
2026-03-06 11:00:07.224 [http-nio-80-exec-8] DEBUG o.s.s.w.a.Http403ForbiddenEntryPoint - Pre-authenticated entry point called. Rejecting access
2026-03-06 11:00:07.224 [http-nio-80-exec-8] DEBUG o.s.s.w.FilterChainProxy - Securing GET /error
2026-03-06 11:00:07.225 [http-nio-80-exec-8] DEBUG o.s.s.w.a.Http403ForbiddenEntryPoint - Pre-authenticated entry point called. Rejecting access
2026-03-06 11:00:09.488 [http-nio-80-exec-9] DEBUG o.s.s.w.FilterChainProxy - Securing GET /user/info
2026-03-06 11:00:09.488 [http-nio-80-exec-3] DEBUG o.s.s.w.FilterChainProxy - Securing GET /post?id=1
2026-03-06 11:00:09.488 [http-nio-80-exec-6] DEBUG o.s.s.w.FilterChainProxy - Securing POST /collection/find
2026-03-06 11:00:09.488 [http-nio-80-exec-9] DEBUG o.s.s.w.a.Http403ForbiddenEntryPoint - Pre-authenticated entry point called. Rejecting access
2026-03-06 11:00:09.488 [http-nio-80-exec-6] DEBUG o.s.s.w.a.Http403ForbiddenEntryPoint - Pre-authenticated entry point called. Rejecting access
2026-03-06 11:00:09.488 [http-nio-80-exec-3] DEBUG o.s.s.w.FilterChainProxy - Secured GET /post?id=1
2026-03-06 11:00:09.489 [http-nio-80-exec-6] DEBUG o.s.s.w.FilterChainProxy - Securing POST /error
2026-03-06 11:00:09.489 [http-nio-80-exec-9] DEBUG o.s.s.w.FilterChainProxy - Securing GET /error
2026-03-06 11:00:09.489 [http-nio-80-exec-6] DEBUG o.s.s.w.a.Http403ForbiddenEntryPoint - Pre-authenticated entry point called. Rejecting access
2026-03-06 11:00:09.489 [http-nio-80-exec-9] DEBUG o.s.s.w.a.Http403ForbiddenEntryPoint - Pre-authenticated entry point called. Rejecting access
2026-03-06 11:00:11.430 [http-nio-80-exec-10] DEBUG o.s.s.w.FilterChainProxy - Securing GET /index?pn=1&size=10
2026-03-06 11:00:11.431 [http-nio-80-exec-1] DEBUG o.s.s.w.FilterChainProxy - Securing GET /user/info
2026-03-06 11:00:11.431 [http-nio-80-exec-10] DEBUG o.s.s.w.FilterChainProxy - Secured GET /index?pn=1&size=10
2026-03-06 11:00:11.431 [http-nio-80-exec-1] DEBUG o.s.s.w.a.Http403ForbiddenEntryPoint - Pre-authenticated entry point called. Rejecting access
2026-03-06 11:00:11.431 [http-nio-80-exec-1] DEBUG o.s.s.w.FilterChainProxy - Securing GET /error
2026-03-06 11:00:11.432 [http-nio-80-exec-1] DEBUG o.s.s.w.a.Http403ForbiddenEntryPoint - Pre-authenticated entry point called. Rejecting access
2026-03-06 11:00:13.212 [http-nio-80-exec-7] DEBUG o.s.s.w.FilterChainProxy - Securing GET /post?id=2
2026-03-06 11:00:13.212 [http-nio-80-exec-2] DEBUG o.s.s.w.FilterChainProxy - Securing GET /user/info
2026-03-06 11:00:13.212 [http-nio-80-exec-4] DEBUG o.s.s.w.FilterChainProxy - Securing POST /collection/find
2026-03-06 11:00:13.214 [http-nio-80-exec-2] DEBUG o.s.s.w.a.Http403ForbiddenEntryPoint - Pre-authenticated entry point called. Rejecting access
2026-03-06 11:00:13.214 [http-nio-80-exec-4] DEBUG o.s.s.w.a.Http403ForbiddenEntryPoint - Pre-authenticated entry point called. Rejecting access
2026-03-06 11:00:13.214 [http-nio-80-exec-7] DEBUG o.s.s.w.FilterChainProxy - Secured GET /post?id=2
2026-03-06 11:00:13.214 [http-nio-80-exec-2] DEBUG o.s.s.w.FilterChainProxy - Securing GET /error
2026-03-06 11:00:13.214 [http-nio-80-exec-4] DEBUG o.s.s.w.FilterChainProxy - Securing POST /error
2026-03-06 11:00:13.214 [http-nio-80-exec-2] DEBUG o.s.s.w.a.Http403ForbiddenEntryPoint - Pre-authenticated entry point called. Rejecting access
2026-03-06 11:00:13.214 [http-nio-80-exec-4] DEBUG o.s.s.w.a.Http403ForbiddenEntryPoint - Pre-authenticated entry point called. Rejecting access
2026-03-06 11:00:18.329 [http-nio-80-exec-8] DEBUG o.s.s.w.FilterChainProxy - Securing GET /index?pn=1&size=10
2026-03-06 11:00:18.329 [http-nio-80-exec-5] DEBUG o.s.s.w.FilterChainProxy - Securing GET /user/info
2026-03-06 11:00:18.330 [http-nio-80-exec-8] DEBUG o.s.s.w.FilterChainProxy - Secured GET /index?pn=1&size=10
2026-03-06 11:00:18.330 [http-nio-80-exec-5] DEBUG o.s.s.w.a.Http403ForbiddenEntryPoint - Pre-authenticated entry point called. Rejecting access
2026-03-06 11:00:18.331 [http-nio-80-exec-5] DEBUG o.s.s.w.FilterChainProxy - Securing GET /error
2026-03-06 11:00:18.331 [http-nio-80-exec-5] DEBUG o.s.s.w.a.Http403ForbiddenEntryPoint - Pre-authenticated entry point called. Rejecting access
2026-03-06 11:00:20.842 [http-nio-80-exec-9] DEBUG o.s.s.w.FilterChainProxy - Securing GET /post?id=3
2026-03-06 11:00:20.842 [http-nio-80-exec-6] DEBUG o.s.s.w.FilterChainProxy - Securing POST /collection/find
2026-03-06 11:00:20.843 [http-nio-80-exec-3] DEBUG o.s.s.w.FilterChainProxy - Securing GET /user/info
2026-03-06 11:00:20.843 [http-nio-80-exec-6] DEBUG o.s.s.w.a.Http403ForbiddenEntryPoint - Pre-authenticated entry point called. Rejecting access
2026-03-06 11:00:20.843 [http-nio-80-exec-9] DEBUG o.s.s.w.FilterChainProxy - Secured GET /post?id=3
2026-03-06 11:00:20.844 [http-nio-80-exec-3] DEBUG o.s.s.w.a.Http403ForbiddenEntryPoint - Pre-authenticated entry point called. Rejecting access
2026-03-06 11:00:20.844 [http-nio-80-exec-6] DEBUG o.s.s.w.FilterChainProxy - Securing POST /error
2026-03-06 11:00:20.844 [http-nio-80-exec-6] DEBUG o.s.s.w.a.Http403ForbiddenEntryPoint - Pre-authenticated entry point called. Rejecting access
2026-03-06 11:00:20.844 [http-nio-80-exec-3] DEBUG o.s.s.w.FilterChainProxy - Securing GET /error
2026-03-06 11:00:20.844 [http-nio-80-exec-3] DEBUG o.s.s.w.a.Http403ForbiddenEntryPoint - Pre-authenticated entry point called. Rejecting access
2026-03-06 11:00:22.799 [http-nio-80-exec-10] DEBUG o.s.s.w.FilterChainProxy - Securing GET /user/info
2026-03-06 11:00:22.799 [http-nio-80-exec-1] DEBUG o.s.s.w.FilterChainProxy - Securing GET /index?pn=1&size=10
2026-03-06 11:00:22.800 [http-nio-80-exec-10] DEBUG o.s.s.w.a.Http403ForbiddenEntryPoint - Pre-authenticated entry point called. Rejecting access
2026-03-06 11:00:22.800 [http-nio-80-exec-1] DEBUG o.s.s.w.FilterChainProxy - Secured GET /index?pn=1&size=10
2026-03-06 11:00:22.801 [http-nio-80-exec-10] DEBUG o.s.s.w.FilterChainProxy - Securing GET /error
2026-03-06 11:00:22.802 [http-nio-80-exec-10] DEBUG o.s.s.w.a.Http403ForbiddenEntryPoint - Pre-authenticated entry point called. Rejecting access
2026-03-06 11:00:24.570 [http-nio-80-exec-2] DEBUG o.s.s.w.FilterChainProxy - Securing GET /post?id=2
2026-03-06 11:00:24.570 [http-nio-80-exec-4] DEBUG o.s.s.w.FilterChainProxy - Securing POST /collection/find
2026-03-06 11:00:24.571 [http-nio-80-exec-7] DEBUG o.s.s.w.FilterChainProxy - Securing GET /user/info
2026-03-06 11:00:24.572 [http-nio-80-exec-7] DEBUG o.s.s.w.a.Http403ForbiddenEntryPoint - Pre-authenticated entry point called. Rejecting access
2026-03-06 11:00:24.572 [http-nio-80-exec-4] DEBUG o.s.s.w.a.Http403ForbiddenEntryPoint - Pre-authenticated entry point called. Rejecting access
2026-03-06 11:00:24.572 [http-nio-80-exec-2] DEBUG o.s.s.w.FilterChainProxy - Secured GET /post?id=2
2026-03-06 11:00:24.572 [http-nio-80-exec-7] DEBUG o.s.s.w.FilterChainProxy - Securing GET /error
2026-03-06 11:00:24.572 [http-nio-80-exec-4] DEBUG o.s.s.w.FilterChainProxy - Securing POST /error
2026-03-06 11:00:24.572 [http-nio-80-exec-7] DEBUG o.s.s.w.a.Http403ForbiddenEntryPoint - Pre-authenticated entry point called. Rejecting access
2026-03-06 11:00:24.573 [http-nio-80-exec-4] DEBUG o.s.s.w.a.Http403ForbiddenEntryPoint - Pre-authenticated entry point called. Rejecting access
2026-03-06 11:00:28.998 [http-nio-80-exec-5] DEBUG o.s.s.w.FilterChainProxy - Securing GET /index?pn=1&size=10
2026-03-06 11:00:28.998 [http-nio-80-exec-8] DEBUG o.s.s.w.FilterChainProxy - Securing GET /user/info
2026-03-06 11:00:29.000 [http-nio-80-exec-8] DEBUG o.s.s.w.a.Http403ForbiddenEntryPoint - Pre-authenticated entry point called. Rejecting access
2026-03-06 11:00:29.000 [http-nio-80-exec-5] DEBUG o.s.s.w.FilterChainProxy - Secured GET /index?pn=1&size=10
2026-03-06 11:00:29.001 [http-nio-80-exec-8] DEBUG o.s.s.w.FilterChainProxy - Securing GET /error
2026-03-06 11:00:29.001 [http-nio-80-exec-8] DEBUG o.s.s.w.a.Http403ForbiddenEntryPoint - Pre-authenticated entry point called. Rejecting access
2026-03-06 11:00:31.225 [http-nio-80-exec-9] DEBUG o.s.s.w.FilterChainProxy - Securing GET /user/info
2026-03-06 11:00:31.225 [http-nio-80-exec-6] DEBUG o.s.s.w.FilterChainProxy - Securing POST /collection/find
2026-03-06 11:00:31.225 [http-nio-80-exec-3] DEBUG o.s.s.w.FilterChainProxy - Securing GET /post?id=1
2026-03-06 11:00:31.225 [http-nio-80-exec-9] DEBUG o.s.s.w.a.Http403ForbiddenEntryPoint - Pre-authenticated entry point called. Rejecting access
2026-03-06 11:00:31.225 [http-nio-80-exec-3] DEBUG o.s.s.w.FilterChainProxy - Secured GET /post?id=1
2026-03-06 11:00:31.225 [http-nio-80-exec-6] DEBUG o.s.s.w.a.Http403ForbiddenEntryPoint - Pre-authenticated entry point called. Rejecting access
2026-03-06 11:00:31.226 [http-nio-80-exec-9] DEBUG o.s.s.w.FilterChainProxy - Securing GET /error
2026-03-06 11:00:31.226 [http-nio-80-exec-6] DEBUG o.s.s.w.FilterChainProxy - Securing POST /error
2026-03-06 11:00:31.226 [http-nio-80-exec-9] DEBUG o.s.s.w.a.Http403ForbiddenEntryPoint - Pre-authenticated entry point called. Rejecting access
2026-03-06 11:00:31.226 [http-nio-80-exec-6] DEBUG o.s.s.w.a.Http403ForbiddenEntryPoint - Pre-authenticated entry point called. Rejecting access
2026-03-06 11:00:33.017 [http-nio-80-exec-10] DEBUG o.s.s.w.FilterChainProxy - Securing GET /index?pn=1&size=10
2026-03-06 11:00:33.017 [http-nio-80-exec-1] DEBUG o.s.s.w.FilterChainProxy - Securing GET /user/info
2026-03-06 11:00:33.017 [http-nio-80-exec-1] DEBUG o.s.s.w.a.Http403ForbiddenEntryPoint - Pre-authenticated entry point called. Rejecting access
2026-03-06 11:00:33.018 [http-nio-80-exec-10] DEBUG o.s.s.w.FilterChainProxy - Secured GET /index?pn=1&size=10
2026-03-06 11:00:33.018 [http-nio-80-exec-1] DEBUG o.s.s.w.FilterChainProxy - Securing GET /error
2026-03-06 11:00:33.018 [http-nio-80-exec-1] DEBUG o.s.s.w.a.Http403ForbiddenEntryPoint - Pre-authenticated entry point called. Rejecting access
2026-03-06 11:00:33.994 [http-nio-80-exec-4] DEBUG o.s.s.w.FilterChainProxy - Securing GET /post?id=10
2026-03-06 11:00:33.994 [http-nio-80-exec-7] DEBUG o.s.s.w.FilterChainProxy - Securing POST /collection/find
2026-03-06 11:00:33.994 [http-nio-80-exec-2] DEBUG o.s.s.w.FilterChainProxy - Securing GET /user/info
2026-03-06 11:00:33.996 [http-nio-80-exec-2] DEBUG o.s.s.w.a.Http403ForbiddenEntryPoint - Pre-authenticated entry point called. Rejecting access
2026-03-06 11:00:33.996 [http-nio-80-exec-4] DEBUG o.s.s.w.FilterChainProxy - Secured GET /post?id=10
2026-03-06 11:00:33.996 [http-nio-80-exec-7] DEBUG o.s.s.w.a.Http403ForbiddenEntryPoint - Pre-authenticated entry point called. Rejecting access
2026-03-06 11:00:33.998 [http-nio-80-exec-7] DEBUG o.s.s.w.FilterChainProxy - Securing POST /error
2026-03-06 11:00:33.998 [http-nio-80-exec-2] DEBUG o.s.s.w.FilterChainProxy - Securing GET /error
2026-03-06 11:00:33.998 [http-nio-80-exec-7] DEBUG o.s.s.w.a.Http403ForbiddenEntryPoint - Pre-authenticated entry point called. Rejecting access
2026-03-06 11:00:33.998 [http-nio-80-exec-2] DEBUG o.s.s.w.a.Http403ForbiddenEntryPoint - Pre-authenticated entry point called. Rejecting access
2026-03-06 11:00:40.095 [http-nio-80-exec-8] DEBUG o.s.s.w.FilterChainProxy - Securing GET /index?pn=1&size=10
2026-03-06 11:00:40.095 [http-nio-80-exec-5] DEBUG o.s.s.w.FilterChainProxy - Securing GET /user/info
2026-03-06 11:00:40.097 [http-nio-80-exec-8] DEBUG o.s.s.w.FilterChainProxy - Secured GET /index?pn=1&size=10
2026-03-06 11:00:40.097 [http-nio-80-exec-5] DEBUG o.s.s.w.a.Http403ForbiddenEntryPoint - Pre-authenticated entry point called. Rejecting access
2026-03-06 11:00:40.097 [http-nio-80-exec-5] DEBUG o.s.s.w.FilterChainProxy - Securing GET /error
2026-03-06 11:00:40.098 [http-nio-80-exec-5] DEBUG o.s.s.w.a.Http403ForbiddenEntryPoint - Pre-authenticated entry point called. Rejecting access
2026-03-06 11:00:41.434 [http-nio-80-exec-6] DEBUG o.s.s.w.FilterChainProxy - Securing GET /post?id=9
2026-03-06 11:00:41.434 [http-nio-80-exec-9] DEBUG o.s.s.w.FilterChainProxy - Securing POST /collection/find
2026-03-06 11:00:41.434 [http-nio-80-exec-3] DEBUG o.s.s.w.FilterChainProxy - Securing GET /user/info
2026-03-06 11:00:41.434 [http-nio-80-exec-6] DEBUG o.s.s.w.FilterChainProxy - Secured GET /post?id=9
2026-03-06 11:00:41.434 [http-nio-80-exec-9] DEBUG o.s.s.w.a.Http403ForbiddenEntryPoint - Pre-authenticated entry point called. Rejecting access
2026-03-06 11:00:41.434 [http-nio-80-exec-3] DEBUG o.s.s.w.a.Http403ForbiddenEntryPoint - Pre-authenticated entry point called. Rejecting access
2026-03-06 11:00:41.434 [http-nio-80-exec-9] DEBUG o.s.s.w.FilterChainProxy - Securing POST /error
2026-03-06 11:00:41.435 [http-nio-80-exec-3] DEBUG o.s.s.w.FilterChainProxy - Securing GET /error
2026-03-06 11:00:41.435 [http-nio-80-exec-9] DEBUG o.s.s.w.a.Http403ForbiddenEntryPoint - Pre-authenticated entry point called. Rejecting access
2026-03-06 11:00:41.435 [http-nio-80-exec-3] DEBUG o.s.s.w.a.Http403ForbiddenEntryPoint - Pre-authenticated entry point called. Rejecting access
2026-03-06 11:00:44.019 [http-nio-80-exec-1] DEBUG o.s.s.w.FilterChainProxy - Securing GET /index?pn=1&size=10
2026-03-06 11:00:44.019 [http-nio-80-exec-10] DEBUG o.s.s.w.FilterChainProxy - Securing GET /user/info
2026-03-06 11:00:44.020 [http-nio-80-exec-1] DEBUG o.s.s.w.FilterChainProxy - Secured GET /index?pn=1&size=10
2026-03-06 11:00:44.020 [http-nio-80-exec-10] DEBUG o.s.s.w.a.Http403ForbiddenEntryPoint - Pre-authenticated entry point called. Rejecting access
2026-03-06 11:00:44.021 [http-nio-80-exec-10] DEBUG o.s.s.w.FilterChainProxy - Securing GET /error
2026-03-06 11:00:44.022 [http-nio-80-exec-10] DEBUG o.s.s.w.a.Http403ForbiddenEntryPoint - Pre-authenticated entry point called. Rejecting access
2026-03-06 11:04:37.924 [http-nio-80-exec-8] DEBUG o.s.s.w.FilterChainProxy - Securing GET /post?id=10
2026-03-06 11:04:37.924 [http-nio-80-exec-5] DEBUG o.s.s.w.FilterChainProxy - Securing POST /collection/find
2026-03-06 11:04:37.924 [http-nio-80-exec-9] DEBUG o.s.s.w.FilterChainProxy - Securing GET /user/info
2026-03-06 11:04:37.925 [http-nio-80-exec-9] DEBUG o.s.s.w.a.Http403ForbiddenEntryPoint - Pre-authenticated entry point called. Rejecting access
2026-03-06 11:04:37.925 [http-nio-80-exec-8] DEBUG o.s.s.w.FilterChainProxy - Secured GET /post?id=10
2026-03-06 11:04:37.925 [http-nio-80-exec-5] DEBUG o.s.s.w.a.Http403ForbiddenEntryPoint - Pre-authenticated entry point called. Rejecting access
2026-03-06 11:04:37.925 [http-nio-80-exec-9] DEBUG o.s.s.w.FilterChainProxy - Securing GET /error
2026-03-06 11:04:37.925 [http-nio-80-exec-5] DEBUG o.s.s.w.FilterChainProxy - Securing POST /error
2026-03-06 11:04:37.925 [http-nio-80-exec-9] DEBUG o.s.s.w.a.Http403ForbiddenEntryPoint - Pre-authenticated entry point called. Rejecting access
2026-03-06 11:04:37.926 [http-nio-80-exec-5] DEBUG o.s.s.w.a.Http403ForbiddenEntryPoint - Pre-authenticated entry point called. Rejecting access
2026-03-06 11:04:43.795 [http-nio-80-exec-3] DEBUG o.s.s.w.FilterChainProxy - Securing GET /index?pn=1&size=10
2026-03-06 11:04:43.795 [http-nio-80-exec-6] DEBUG o.s.s.w.FilterChainProxy - Securing GET /user/info
2026-03-06 11:04:43.795 [http-nio-80-exec-6] DEBUG o.s.s.w.a.Http403ForbiddenEntryPoint - Pre-authenticated entry point called. Rejecting access
2026-03-06 11:04:43.795 [http-nio-80-exec-3] DEBUG o.s.s.w.FilterChainProxy - Secured GET /index?pn=1&size=10
2026-03-06 11:04:43.797 [http-nio-80-exec-6] DEBUG o.s.s.w.FilterChainProxy - Securing GET /error
2026-03-06 11:04:43.797 [http-nio-80-exec-6] DEBUG o.s.s.w.a.Http403ForbiddenEntryPoint - Pre-authenticated entry point called. Rejecting access
2026-03-06 11:04:45.660 [http-nio-80-exec-7] DEBUG o.s.s.w.FilterChainProxy - Securing GET /user/info
2026-03-06 11:04:45.660 [http-nio-80-exec-10] DEBUG o.s.s.w.FilterChainProxy - Securing POST /collection/find
2026-03-06 11:04:45.660 [http-nio-80-exec-1] DEBUG o.s.s.w.FilterChainProxy - Securing GET /post?id=7
2026-03-06 11:04:45.662 [http-nio-80-exec-1] DEBUG o.s.s.w.FilterChainProxy - Secured GET /post?id=7
2026-03-06 11:04:45.662 [http-nio-80-exec-7] DEBUG o.s.s.w.a.Http403ForbiddenEntryPoint - Pre-authenticated entry point called. Rejecting access
2026-03-06 11:04:45.662 [http-nio-80-exec-10] DEBUG o.s.s.w.a.Http403ForbiddenEntryPoint - Pre-authenticated entry point called. Rejecting access
2026-03-06 11:04:45.662 [http-nio-80-exec-7] DEBUG o.s.s.w.FilterChainProxy - Securing GET /error
2026-03-06 11:04:45.662 [http-nio-80-exec-10] DEBUG o.s.s.w.FilterChainProxy - Securing POST /error
2026-03-06 11:04:45.662 [http-nio-80-exec-7] DEBUG o.s.s.w.a.Http403ForbiddenEntryPoint - Pre-authenticated entry point called. Rejecting access
2026-03-06 11:04:45.662 [http-nio-80-exec-10] DEBUG o.s.s.w.a.Http403ForbiddenEntryPoint - Pre-authenticated entry point called. Rejecting access
2026-03-06 11:04:51.593 [http-nio-80-exec-2] DEBUG o.s.s.w.FilterChainProxy - Securing GET /user/info
2026-03-06 11:04:51.593 [http-nio-80-exec-4] DEBUG o.s.s.w.FilterChainProxy - Securing GET /index?pn=1&size=10
2026-03-06 11:04:51.595 [http-nio-80-exec-2] DEBUG o.s.s.w.a.Http403ForbiddenEntryPoint - Pre-authenticated entry point called. Rejecting access
2026-03-06 11:04:51.595 [http-nio-80-exec-4] DEBUG o.s.s.w.FilterChainProxy - Secured GET /index?pn=1&size=10
2026-03-06 11:04:51.595 [http-nio-80-exec-2] DEBUG o.s.s.w.FilterChainProxy - Securing GET /error
2026-03-06 11:04:51.597 [http-nio-80-exec-2] DEBUG o.s.s.w.a.Http403ForbiddenEntryPoint - Pre-authenticated entry point called. Rejecting access
2026-03-06 11:04:53.158 [http-nio-80-exec-9] DEBUG o.s.s.w.FilterChainProxy - Securing POST /collection/find
2026-03-06 11:04:53.158 [http-nio-80-exec-8] DEBUG o.s.s.w.FilterChainProxy - Securing GET /user/info
2026-03-06 11:04:53.158 [http-nio-80-exec-5] DEBUG o.s.s.w.FilterChainProxy - Securing GET /post?id=2
2026-03-06 11:04:53.158 [http-nio-80-exec-8] DEBUG o.s.s.w.a.Http403ForbiddenEntryPoint - Pre-authenticated entry point called. Rejecting access
2026-03-06 11:04:53.158 [http-nio-80-exec-9] DEBUG o.s.s.w.a.Http403ForbiddenEntryPoint - Pre-authenticated entry point called. Rejecting access
2026-03-06 11:04:53.159 [http-nio-80-exec-5] DEBUG o.s.s.w.FilterChainProxy - Secured GET /post?id=2
2026-03-06 11:04:53.160 [http-nio-80-exec-9] DEBUG o.s.s.w.FilterChainProxy - Securing POST /error
2026-03-06 11:04:53.160 [http-nio-80-exec-8] DEBUG o.s.s.w.FilterChainProxy - Securing GET /error
2026-03-06 11:04:53.160 [http-nio-80-exec-8] DEBUG o.s.s.w.a.Http403ForbiddenEntryPoint - Pre-authenticated entry point called. Rejecting access
2026-03-06 11:04:53.160 [http-nio-80-exec-9] DEBUG o.s.s.w.a.Http403ForbiddenEntryPoint - Pre-authenticated entry point called. Rejecting access
2026-03-06 11:05:02.386 [http-nio-80-exec-3] DEBUG o.s.s.w.FilterChainProxy - Securing GET /index?pn=1&size=10
2026-03-06 11:05:02.386 [http-nio-80-exec-6] DEBUG o.s.s.w.FilterChainProxy - Securing GET /user/info
2026-03-06 11:05:02.387 [http-nio-80-exec-3] DEBUG o.s.s.w.FilterChainProxy - Secured GET /index?pn=1&size=10
2026-03-06 11:05:02.387 [http-nio-80-exec-6] DEBUG o.s.s.w.a.Http403ForbiddenEntryPoint - Pre-authenticated entry point called. Rejecting access
2026-03-06 11:05:02.387 [http-nio-80-exec-6] DEBUG o.s.s.w.FilterChainProxy - Securing GET /error
2026-03-06 11:05:02.387 [http-nio-80-exec-6] DEBUG o.s.s.w.a.Http403ForbiddenEntryPoint - Pre-authenticated entry point called. Rejecting access
2026-03-06 11:05:04.153 [http-nio-80-exec-1] DEBUG o.s.s.w.FilterChainProxy - Securing GET /user/info
2026-03-06 11:05:04.153 [http-nio-80-exec-7] DEBUG o.s.s.w.FilterChainProxy - Securing POST /collection/find
2026-03-06 11:05:04.153 [http-nio-80-exec-10] DEBUG o.s.s.w.FilterChainProxy - Securing GET /post?id=1
2026-03-06 11:05:04.153 [http-nio-80-exec-10] DEBUG o.s.s.w.FilterChainProxy - Secured GET /post?id=1
2026-03-06 11:05:04.153 [http-nio-80-exec-1] DEBUG o.s.s.w.a.Http403ForbiddenEntryPoint - Pre-authenticated entry point called. Rejecting access
2026-03-06 11:05:04.153 [http-nio-80-exec-7] DEBUG o.s.s.w.a.Http403ForbiddenEntryPoint - Pre-authenticated entry point called. Rejecting access
2026-03-06 11:05:04.155 [http-nio-80-exec-7] DEBUG o.s.s.w.FilterChainProxy - Securing POST /error
2026-03-06 11:05:04.155 [http-nio-80-exec-1] DEBUG o.s.s.w.FilterChainProxy - Securing GET /error
2026-03-06 11:05:04.155 [http-nio-80-exec-7] DEBUG o.s.s.w.a.Http403ForbiddenEntryPoint - Pre-authenticated entry point called. Rejecting access
2026-03-06 11:05:04.155 [http-nio-80-exec-1] DEBUG o.s.s.w.a.Http403ForbiddenEntryPoint - Pre-authenticated entry point called. Rejecting access
2026-03-06 11:06:26.570 [http-nio-80-exec-5] DEBUG o.s.s.w.FilterChainProxy - Securing GET /user/info
2026-03-06 11:06:26.570 [http-nio-80-exec-9] DEBUG o.s.s.w.FilterChainProxy - Securing GET /index?pn=1&size=10
2026-03-06 11:06:26.570 [http-nio-80-exec-5] DEBUG o.s.s.w.a.Http403ForbiddenEntryPoint - Pre-authenticated entry point called. Rejecting access
2026-03-06 11:06:26.570 [http-nio-80-exec-9] DEBUG o.s.s.w.FilterChainProxy - Secured GET /index?pn=1&size=10
2026-03-06 11:06:26.572 [http-nio-80-exec-5] DEBUG o.s.s.w.FilterChainProxy - Securing GET /error
2026-03-06 11:06:26.572 [http-nio-80-exec-5] DEBUG o.s.s.w.a.Http403ForbiddenEntryPoint - Pre-authenticated entry point called. Rejecting access
2026-03-06 11:06:27.405 [http-nio-80-exec-6] DEBUG o.s.s.w.FilterChainProxy - Securing GET /post?id=10
2026-03-06 11:06:27.405 [http-nio-80-exec-3] DEBUG o.s.s.w.FilterChainProxy - Securing POST /collection/find
2026-03-06 11:06:27.406 [http-nio-80-exec-1] DEBUG o.s.s.w.FilterChainProxy - Securing GET /user/info
2026-03-06 11:06:27.406 [http-nio-80-exec-6] DEBUG o.s.s.w.FilterChainProxy - Secured GET /post?id=10
2026-03-06 11:06:27.406 [http-nio-80-exec-3] DEBUG o.s.s.w.a.Http403ForbiddenEntryPoint - Pre-authenticated entry point called. Rejecting access
2026-03-06 11:06:27.406 [http-nio-80-exec-1] DEBUG o.s.s.w.a.Http403ForbiddenEntryPoint - Pre-authenticated entry point called. Rejecting access
2026-03-06 11:06:27.406 [http-nio-80-exec-3] DEBUG o.s.s.w.FilterChainProxy - Securing POST /error
2026-03-06 11:06:27.406 [http-nio-80-exec-3] DEBUG o.s.s.w.a.Http403ForbiddenEntryPoint - Pre-authenticated entry point called. Rejecting access
2026-03-06 11:06:27.406 [http-nio-80-exec-1] DEBUG o.s.s.w.FilterChainProxy - Securing GET /error
2026-03-06 11:06:27.407 [http-nio-80-exec-1] DEBUG o.s.s.w.a.Http403ForbiddenEntryPoint - Pre-authenticated entry point called. Rejecting access
2026-03-06 11:06:28.494 [http-nio-80-exec-7] DEBUG o.s.s.w.FilterChainProxy - Securing GET /index?pn=1&size=10
2026-03-06 11:06:28.494 [http-nio-80-exec-10] DEBUG o.s.s.w.FilterChainProxy - Securing GET /user/info
2026-03-06 11:06:28.496 [http-nio-80-exec-7] DEBUG o.s.s.w.FilterChainProxy - Secured GET /index?pn=1&size=10
2026-03-06 11:06:28.496 [http-nio-80-exec-10] DEBUG o.s.s.w.a.Http403ForbiddenEntryPoint - Pre-authenticated entry point called. Rejecting access
2026-03-06 11:06:28.496 [http-nio-80-exec-10] DEBUG o.s.s.w.FilterChainProxy - Securing GET /error
2026-03-06 11:06:28.497 [http-nio-80-exec-10] DEBUG o.s.s.w.a.Http403ForbiddenEntryPoint - Pre-authenticated entry point called. Rejecting access
2026-03-06 11:06:29.208 [http-nio-80-exec-2] DEBUG o.s.s.w.FilterChainProxy - Securing POST /collection/find
2026-03-06 11:06:29.208 [http-nio-80-exec-4] DEBUG o.s.s.w.FilterChainProxy - Securing GET /post?id=9
2026-03-06 11:06:29.208 [http-nio-80-exec-8] DEBUG o.s.s.w.FilterChainProxy - Securing GET /user/info
2026-03-06 11:06:29.210 [http-nio-80-exec-8] DEBUG o.s.s.w.a.Http403ForbiddenEntryPoint - Pre-authenticated entry point called. Rejecting access
2026-03-06 11:06:29.210 [http-nio-80-exec-2] DEBUG o.s.s.w.a.Http403ForbiddenEntryPoint - Pre-authenticated entry point called. Rejecting access
2026-03-06 11:06:29.210 [http-nio-80-exec-4] DEBUG o.s.s.w.FilterChainProxy - Secured GET /post?id=9
2026-03-06 11:06:29.210 [http-nio-80-exec-8] DEBUG o.s.s.w.FilterChainProxy - Securing GET /error
2026-03-06 11:06:29.210 [http-nio-80-exec-2] DEBUG o.s.s.w.FilterChainProxy - Securing POST /error
2026-03-06 11:06:29.210 [http-nio-80-exec-8] DEBUG o.s.s.w.a.Http403ForbiddenEntryPoint - Pre-authenticated entry point called. Rejecting access
2026-03-06 11:06:29.211 [http-nio-80-exec-2] DEBUG o.s.s.w.a.Http403ForbiddenEntryPoint - Pre-authenticated entry point called. Rejecting access
2026-03-06 11:06:30.125 [http-nio-80-exec-9] DEBUG o.s.s.w.FilterChainProxy - Securing GET /index?pn=1&size=10
2026-03-06 11:06:30.125 [http-nio-80-exec-5] DEBUG o.s.s.w.FilterChainProxy - Securing GET /user/info
2026-03-06 11:06:30.126 [http-nio-80-exec-9] DEBUG o.s.s.w.FilterChainProxy - Secured GET /index?pn=1&size=10
2026-03-06 11:06:30.126 [http-nio-80-exec-5] DEBUG o.s.s.w.a.Http403ForbiddenEntryPoint - Pre-authenticated entry point called. Rejecting access
2026-03-06 11:06:30.126 [http-nio-80-exec-5] DEBUG o.s.s.w.FilterChainProxy - Securing GET /error
2026-03-06 11:06:30.126 [http-nio-80-exec-5] DEBUG o.s.s.w.a.Http403ForbiddenEntryPoint - Pre-authenticated entry point called. Rejecting access
2026-03-06 11:06:31.697 [http-nio-80-exec-1] DEBUG o.s.s.w.FilterChainProxy - Securing GET /post?id=1
2026-03-06 11:06:31.697 [http-nio-80-exec-3] DEBUG o.s.s.w.FilterChainProxy - Securing POST /collection/find
2026-03-06 11:06:31.697 [http-nio-80-exec-6] DEBUG o.s.s.w.FilterChainProxy - Securing GET /user/info
2026-03-06 11:06:31.699 [http-nio-80-exec-3] DEBUG o.s.s.w.a.Http403ForbiddenEntryPoint - Pre-authenticated entry point called. Rejecting access
2026-03-06 11:06:31.699 [http-nio-80-exec-1] DEBUG o.s.s.w.FilterChainProxy - Secured GET /post?id=1
2026-03-06 11:06:31.699 [http-nio-80-exec-6] DEBUG o.s.s.w.a.Http403ForbiddenEntryPoint - Pre-authenticated entry point called. Rejecting access
2026-03-06 11:06:31.700 [http-nio-80-exec-6] DEBUG o.s.s.w.FilterChainProxy - Securing GET /error
2026-03-06 11:06:31.700 [http-nio-80-exec-3] DEBUG o.s.s.w.FilterChainProxy - Securing POST /error
2026-03-06 11:06:31.700 [http-nio-80-exec-3] DEBUG o.s.s.w.a.Http403ForbiddenEntryPoint - Pre-authenticated entry point called. Rejecting access
2026-03-06 11:06:31.700 [http-nio-80-exec-6] DEBUG o.s.s.w.a.Http403ForbiddenEntryPoint - Pre-authenticated entry point called. Rejecting access
2026-03-06 11:06:40.162 [http-nio-80-exec-10] DEBUG o.s.s.w.FilterChainProxy - Securing GET /index?pn=1&size=10
2026-03-06 11:06:40.162 [http-nio-80-exec-7] DEBUG o.s.s.w.FilterChainProxy - Securing GET /user/info
2026-03-06 11:06:40.163 [http-nio-80-exec-10] DEBUG o.s.s.w.FilterChainProxy - Secured GET /index?pn=1&size=10
2026-03-06 11:06:40.163 [http-nio-80-exec-7] DEBUG o.s.s.w.a.Http403ForbiddenEntryPoint - Pre-authenticated entry point called. Rejecting access
2026-03-06 11:06:40.163 [http-nio-80-exec-7] DEBUG o.s.s.w.FilterChainProxy - Securing GET /error
2026-03-06 11:06:40.164 [http-nio-80-exec-7] DEBUG o.s.s.w.a.Http403ForbiddenEntryPoint - Pre-authenticated entry point called. Rejecting access
2026-03-06 11:10:53.413 [http-nio-80-exec-9] DEBUG o.s.s.w.FilterChainProxy - Securing POST /collection/find
2026-03-06 11:10:53.413 [http-nio-80-exec-5] DEBUG o.s.s.w.FilterChainProxy - Securing GET /post?id=1
2026-03-06 11:10:53.413 [http-nio-80-exec-6] DEBUG o.s.s.w.FilterChainProxy - Securing GET /user/info
2026-03-06 11:10:53.414 [http-nio-80-exec-5] DEBUG o.s.s.w.FilterChainProxy - Secured GET /post?id=1
2026-03-06 11:10:53.414 [http-nio-80-exec-6] DEBUG o.s.s.w.a.Http403ForbiddenEntryPoint - Pre-authenticated entry point called. Rejecting access
2026-03-06 11:10:53.414 [http-nio-80-exec-9] DEBUG o.s.s.w.a.Http403ForbiddenEntryPoint - Pre-authenticated entry point called. Rejecting access
2026-03-06 11:10:53.414 [http-nio-80-exec-6] DEBUG o.s.s.w.FilterChainProxy - Securing GET /error
2026-03-06 11:10:53.414 [http-nio-80-exec-6] DEBUG o.s.s.w.a.Http403ForbiddenEntryPoint - Pre-authenticated entry point called. Rejecting access
2026-03-06 11:10:53.415 [http-nio-80-exec-9] DEBUG o.s.s.w.FilterChainProxy - Securing POST /error
2026-03-06 11:10:53.415 [http-nio-80-exec-9] DEBUG o.s.s.w.a.Http403ForbiddenEntryPoint - Pre-authenticated entry point called. Rejecting access
2026-03-06 11:11:01.517 [http-nio-80-exec-3] DEBUG o.s.s.w.FilterChainProxy - Securing GET /index?pn=1&size=10
2026-03-06 11:11:01.517 [http-nio-80-exec-1] DEBUG o.s.s.w.FilterChainProxy - Securing GET /user/info
2026-03-06 11:11:01.517 [http-nio-80-exec-3] DEBUG o.s.s.w.FilterChainProxy - Secured GET /index?pn=1&size=10
2026-03-06 11:11:01.517 [http-nio-80-exec-1] DEBUG o.s.s.w.a.Http403ForbiddenEntryPoint - Pre-authenticated entry point called. Rejecting access
2026-03-06 11:11:01.519 [http-nio-80-exec-1] DEBUG o.s.s.w.FilterChainProxy - Securing GET /error
2026-03-06 11:11:01.519 [http-nio-80-exec-1] DEBUG o.s.s.w.a.Http403ForbiddenEntryPoint - Pre-authenticated entry point called. Rejecting access
2026-03-06 11:12:06.709 [http-nio-80-exec-8] DEBUG o.s.s.w.FilterChainProxy - Securing GET /post?id=1
2026-03-06 11:12:06.709 [http-nio-80-exec-4] DEBUG o.s.s.w.FilterChainProxy - Securing POST /collection/find
2026-03-06 11:12:06.709 [http-nio-80-exec-6] DEBUG o.s.s.w.FilterChainProxy - Securing GET /user/info
2026-03-06 11:12:06.711 [http-nio-80-exec-8] DEBUG o.s.s.w.FilterChainProxy - Secured GET /post?id=1
2026-03-06 11:12:06.712 [http-nio-80-exec-6] DEBUG o.s.s.w.a.Http403ForbiddenEntryPoint - Pre-authenticated entry point called. Rejecting access
2026-03-06 11:12:06.712 [http-nio-80-exec-4] DEBUG o.s.s.w.a.Http403ForbiddenEntryPoint - Pre-authenticated entry point called. Rejecting access
2026-03-06 11:12:06.712 [http-nio-80-exec-6] DEBUG o.s.s.w.FilterChainProxy - Securing GET /error
2026-03-06 11:12:06.712 [http-nio-80-exec-6] DEBUG o.s.s.w.a.Http403ForbiddenEntryPoint - Pre-authenticated entry point called. Rejecting access
2026-03-06 11:12:06.712 [http-nio-80-exec-4] DEBUG o.s.s.w.FilterChainProxy - Securing POST /error
2026-03-06 11:12:06.713 [http-nio-80-exec-4] DEBUG o.s.s.w.a.Http403ForbiddenEntryPoint - Pre-authenticated entry point called. Rejecting access
2026-03-06 11:12:13.347 [http-nio-80-exec-9] DEBUG o.s.s.w.FilterChainProxy - Securing GET /index?pn=1&size=10
2026-03-06 11:12:13.347 [http-nio-80-exec-5] DEBUG o.s.s.w.FilterChainProxy - Securing GET /user/info
2026-03-06 11:12:13.349 [http-nio-80-exec-9] DEBUG o.s.s.w.FilterChainProxy - Secured GET /index?pn=1&size=10
2026-03-06 11:12:13.349 [http-nio-80-exec-5] DEBUG o.s.s.w.a.Http403ForbiddenEntryPoint - Pre-authenticated entry point called. Rejecting access
2026-03-06 11:12:13.351 [http-nio-80-exec-5] DEBUG o.s.s.w.FilterChainProxy - Securing GET /error
2026-03-06 11:12:13.351 [http-nio-80-exec-5] DEBUG o.s.s.w.a.Http403ForbiddenEntryPoint - Pre-authenticated entry point called. Rejecting access
2026-03-06 11:12:14.213 [http-nio-80-exec-1] DEBUG o.s.s.w.FilterChainProxy - Securing GET /post?id=10
2026-03-06 11:12:14.213 [http-nio-80-exec-3] DEBUG o.s.s.w.FilterChainProxy - Securing POST /collection/find
2026-03-06 11:12:14.213 [http-nio-80-exec-7] DEBUG o.s.s.w.FilterChainProxy - Securing GET /user/info
2026-03-06 11:12:14.215 [http-nio-80-exec-7] DEBUG o.s.s.w.a.Http403ForbiddenEntryPoint - Pre-authenticated entry point called. Rejecting access
2026-03-06 11:12:14.215 [http-nio-80-exec-1] DEBUG o.s.s.w.FilterChainProxy - Secured GET /post?id=10
2026-03-06 11:12:14.215 [http-nio-80-exec-7] DEBUG o.s.s.w.FilterChainProxy - Securing GET /error
2026-03-06 11:12:14.215 [http-nio-80-exec-3] DEBUG o.s.s.w.a.Http403ForbiddenEntryPoint - Pre-authenticated entry point called. Rejecting access
2026-03-06 11:12:14.215 [http-nio-80-exec-7] DEBUG o.s.s.w.a.Http403ForbiddenEntryPoint - Pre-authenticated entry point called. Rejecting access
2026-03-06 11:12:14.215 [http-nio-80-exec-3] DEBUG o.s.s.w.FilterChainProxy - Securing POST /error
2026-03-06 11:12:14.216 [http-nio-80-exec-3] DEBUG o.s.s.w.a.Http403ForbiddenEntryPoint - Pre-authenticated entry point called. Rejecting access
2026-03-06 11:12:16.901 [http-nio-80-exec-2] DEBUG o.s.s.w.FilterChainProxy - Securing GET /user/info
2026-03-06 11:12:16.901 [http-nio-80-exec-10] DEBUG o.s.s.w.FilterChainProxy - Securing GET /index?pn=1&size=10
2026-03-06 11:12:16.903 [http-nio-80-exec-10] DEBUG o.s.s.w.FilterChainProxy - Secured GET /index?pn=1&size=10
2026-03-06 11:12:16.903 [http-nio-80-exec-2] DEBUG o.s.s.w.a.Http403ForbiddenEntryPoint - Pre-authenticated entry point called. Rejecting access
2026-03-06 11:12:16.903 [http-nio-80-exec-2] DEBUG o.s.s.w.FilterChainProxy - Securing GET /error
2026-03-06 11:12:16.905 [http-nio-80-exec-2] DEBUG o.s.s.w.a.Http403ForbiddenEntryPoint - Pre-authenticated entry point called. Rejecting access
2026-03-06 11:12:18.759 [http-nio-80-exec-4] DEBUG o.s.s.w.FilterChainProxy - Securing POST /collection/find
2026-03-06 11:12:18.759 [http-nio-80-exec-8] DEBUG o.s.s.w.FilterChainProxy - Securing GET /user/info
2026-03-06 11:12:18.759 [http-nio-80-exec-6] DEBUG o.s.s.w.FilterChainProxy - Securing GET /post?id=1
2026-03-06 11:12:18.759 [http-nio-80-exec-8] DEBUG o.s.s.w.a.Http403ForbiddenEntryPoint - Pre-authenticated entry point called. Rejecting access
2026-03-06 11:12:18.759 [http-nio-80-exec-6] DEBUG o.s.s.w.FilterChainProxy - Secured GET /post?id=1
2026-03-06 11:12:18.759 [http-nio-80-exec-4] DEBUG o.s.s.w.a.Http403ForbiddenEntryPoint - Pre-authenticated entry point called. Rejecting access
2026-03-06 11:12:18.760 [http-nio-80-exec-8] DEBUG o.s.s.w.FilterChainProxy - Securing GET /error
2026-03-06 11:12:18.760 [http-nio-80-exec-4] DEBUG o.s.s.w.FilterChainProxy - Securing POST /error
2026-03-06 11:12:18.760 [http-nio-80-exec-4] DEBUG o.s.s.w.a.Http403ForbiddenEntryPoint - Pre-authenticated entry point called. Rejecting access
2026-03-06 11:12:18.760 [http-nio-80-exec-8] DEBUG o.s.s.w.a.Http403ForbiddenEntryPoint - Pre-authenticated entry point called. Rejecting access
2026-03-06 11:12:20.293 [http-nio-80-exec-5] DEBUG o.s.s.w.FilterChainProxy - Securing GET /post?id=1
2026-03-06 11:12:20.293 [http-nio-80-exec-7] DEBUG o.s.s.w.FilterChainProxy - Securing POST /collection/find
2026-03-06 11:12:20.293 [http-nio-80-exec-9] DEBUG o.s.s.w.FilterChainProxy - Securing GET /user/info
2026-03-06 11:12:20.293 [http-nio-80-exec-7] DEBUG o.s.s.w.a.Http403ForbiddenEntryPoint - Pre-authenticated entry point called. Rejecting access
2026-03-06 11:12:20.293 [http-nio-80-exec-9] DEBUG o.s.s.w.a.Http403ForbiddenEntryPoint - Pre-authenticated entry point called. Rejecting access
2026-03-06 11:12:20.293 [http-nio-80-exec-5] DEBUG o.s.s.w.FilterChainProxy - Secured GET /post?id=1
2026-03-06 11:12:20.295 [http-nio-80-exec-7] DEBUG o.s.s.w.FilterChainProxy - Securing POST /error
2026-03-06 11:12:20.295 [http-nio-80-exec-9] DEBUG o.s.s.w.FilterChainProxy - Securing GET /error
2026-03-06 11:12:20.295 [http-nio-80-exec-9] DEBUG o.s.s.w.a.Http403ForbiddenEntryPoint - Pre-authenticated entry point called. Rejecting access
2026-03-06 11:12:20.295 [http-nio-80-exec-7] DEBUG o.s.s.w.a.Http403ForbiddenEntryPoint - Pre-authenticated entry point called. Rejecting access
2026-03-06 11:12:39.793 [http-nio-80-exec-3] DEBUG o.s.s.w.FilterChainProxy - Securing POST /collection/find
2026-03-06 11:12:39.793 [http-nio-80-exec-2] DEBUG o.s.s.w.FilterChainProxy - Securing GET /user/info
2026-03-06 11:12:39.793 [http-nio-80-exec-1] DEBUG o.s.s.w.FilterChainProxy - Securing GET /post?id=1
2026-03-06 11:12:39.794 [http-nio-80-exec-1] DEBUG o.s.s.w.FilterChainProxy - Secured GET /post?id=1
2026-03-06 11:12:39.794 [http-nio-80-exec-3] DEBUG o.s.s.w.a.Http403ForbiddenEntryPoint - Pre-authenticated entry point called. Rejecting access
2026-03-06 11:12:39.794 [http-nio-80-exec-2] DEBUG o.s.s.w.a.Http403ForbiddenEntryPoint - Pre-authenticated entry point called. Rejecting access
2026-03-06 11:12:39.795 [http-nio-80-exec-3] DEBUG o.s.s.w.FilterChainProxy - Securing POST /error
2026-03-06 11:12:39.795 [http-nio-80-exec-2] DEBUG o.s.s.w.FilterChainProxy - Securing GET /error
2026-03-06 11:12:39.795 [http-nio-80-exec-2] DEBUG o.s.s.w.a.Http403ForbiddenEntryPoint - Pre-authenticated entry point called. Rejecting access
2026-03-06 11:12:39.795 [http-nio-80-exec-3] DEBUG o.s.s.w.a.Http403ForbiddenEntryPoint - Pre-authenticated entry point called. Rejecting access
2026-03-06 11:12:54.792 [http-nio-80-exec-10] DEBUG o.s.s.w.FilterChainProxy - Securing GET /post?id=1
2026-03-06 11:12:54.792 [http-nio-80-exec-4] DEBUG o.s.s.w.FilterChainProxy - Securing POST /collection/find
2026-03-06 11:12:54.792 [http-nio-80-exec-8] DEBUG o.s.s.w.FilterChainProxy - Securing GET /user/info
2026-03-06 11:12:54.792 [http-nio-80-exec-10] DEBUG o.s.s.w.FilterChainProxy - Secured GET /post?id=1
2026-03-06 11:12:54.792 [http-nio-80-exec-8] DEBUG o.s.s.w.a.Http403ForbiddenEntryPoint - Pre-authenticated entry point called. Rejecting access
2026-03-06 11:12:54.792 [http-nio-80-exec-4] DEBUG o.s.s.w.a.Http403ForbiddenEntryPoint - Pre-authenticated entry point called. Rejecting access
2026-03-06 11:12:54.794 [http-nio-80-exec-8] DEBUG o.s.s.w.FilterChainProxy - Securing GET /error
2026-03-06 11:12:54.794 [http-nio-80-exec-4] DEBUG o.s.s.w.FilterChainProxy - Securing POST /error
2026-03-06 11:12:54.794 [http-nio-80-exec-8] DEBUG o.s.s.w.a.Http403ForbiddenEntryPoint - Pre-authenticated entry point called. Rejecting access
2026-03-06 11:12:54.794 [http-nio-80-exec-4] DEBUG o.s.s.w.a.Http403ForbiddenEntryPoint - Pre-authenticated entry point called. Rejecting access
2026-03-06 11:12:57.189 [http-nio-80-exec-6] DEBUG o.s.s.w.FilterChainProxy - Securing GET /index?pn=1&size=10
2026-03-06 11:12:57.189 [http-nio-80-exec-7] DEBUG o.s.s.w.FilterChainProxy - Securing GET /user/info
2026-03-06 11:12:57.189 [http-nio-80-exec-7] DEBUG o.s.s.w.a.Http403ForbiddenEntryPoint - Pre-authenticated entry point called. Rejecting access
2026-03-06 11:12:57.191 [http-nio-80-exec-7] DEBUG o.s.s.w.FilterChainProxy - Securing GET /error
2026-03-06 11:12:57.191 [http-nio-80-exec-6] DEBUG o.s.s.w.FilterChainProxy - Secured GET /index?pn=1&size=10
2026-03-06 11:12:57.191 [http-nio-80-exec-7] DEBUG o.s.s.w.a.Http403ForbiddenEntryPoint - Pre-authenticated entry point called. Rejecting access
2026-03-06 11:19:11.379 [MessageBroker-18] INFO  o.s.w.s.c.WebSocketMessageBrokerStats - WebSocketSession[0 current WS(0)-HttpStream(0)-HttpPoll(0), 0 total, 0 closed abnormally (0 connect failure, 0 send limit, 0 transport error)], stompSubProtocol[processed CONNECT(0)-CONNECTED(0)-DISCONNECT(0)], stompBrokerRelay[null], inboundChannel[pool size = 0, active threads = 0, queued tasks = 0, completed tasks = 0], outboundChannel[pool size = 0, active threads = 0, queued tasks = 0, completed tasks = 0], sockJsScheduler[pool size = 22, active threads = 1, queued tasks = 1, completed tasks = 2545]
2026-03-06 11:27:20.842 [http-nio-80-exec-2] DEBUG o.s.s.w.FilterChainProxy - Securing GET /post?id=1
2026-03-06 11:27:20.842 [http-nio-80-exec-1] DEBUG o.s.s.w.FilterChainProxy - Securing POST /collection/find
2026-03-06 11:27:20.842 [http-nio-80-exec-8] DEBUG o.s.s.w.FilterChainProxy - Securing GET /user/info
2026-03-06 11:27:20.844 [http-nio-80-exec-2] DEBUG o.s.s.w.FilterChainProxy - Secured GET /post?id=1
2026-03-06 11:27:20.844 [http-nio-80-exec-8] DEBUG o.s.s.w.a.Http403ForbiddenEntryPoint - Pre-authenticated entry point called. Rejecting access
2026-03-06 11:27:20.844 [http-nio-80-exec-1] DEBUG o.s.s.w.a.Http403ForbiddenEntryPoint - Pre-authenticated entry point called. Rejecting access
2026-03-06 11:27:20.844 [http-nio-80-exec-1] DEBUG o.s.s.w.FilterChainProxy - Securing POST /error
2026-03-06 11:27:20.844 [http-nio-80-exec-8] DEBUG o.s.s.w.FilterChainProxy - Securing GET /error
2026-03-06 11:27:20.844 [http-nio-80-exec-1] DEBUG o.s.s.w.a.Http403ForbiddenEntryPoint - Pre-authenticated entry point called. Rejecting access
2026-03-06 11:27:20.844 [http-nio-80-exec-8] DEBUG o.s.s.w.a.Http403ForbiddenEntryPoint - Pre-authenticated entry point called. Rejecting access
2026-03-06 11:27:27.017 [http-nio-80-exec-4] DEBUG o.s.s.w.FilterChainProxy - Securing GET /index?pn=1&size=10
2026-03-06 11:27:27.018 [http-nio-80-exec-10] DEBUG o.s.s.w.FilterChainProxy - Securing GET /user/info
2026-03-06 11:27:27.018 [http-nio-80-exec-4] DEBUG o.s.s.w.FilterChainProxy - Secured GET /index?pn=1&size=10
2026-03-06 11:27:27.018 [http-nio-80-exec-10] DEBUG o.s.s.w.a.Http403ForbiddenEntryPoint - Pre-authenticated entry point called. Rejecting access
2026-03-06 11:27:27.020 [http-nio-80-exec-10] DEBUG o.s.s.w.FilterChainProxy - Securing GET /error
2026-03-06 11:27:27.020 [http-nio-80-exec-10] DEBUG o.s.s.w.a.Http403ForbiddenEntryPoint - Pre-authenticated entry point called. Rejecting access
2026-03-06 11:27:47.175 [http-nio-80-exec-7] DEBUG o.s.s.w.FilterChainProxy - Securing POST /collection/find
2026-03-06 11:27:47.175 [http-nio-80-exec-9] DEBUG o.s.s.w.FilterChainProxy - Securing GET /post?id=1
2026-03-06 11:27:47.175 [http-nio-80-exec-6] DEBUG o.s.s.w.FilterChainProxy - Securing GET /user/info
2026-03-06 11:27:47.176 [http-nio-80-exec-9] DEBUG o.s.s.w.FilterChainProxy - Secured GET /post?id=1
2026-03-06 11:27:47.176 [http-nio-80-exec-7] DEBUG o.s.s.w.a.Http403ForbiddenEntryPoint - Pre-authenticated entry point called. Rejecting access
2026-03-06 11:27:47.176 [http-nio-80-exec-6] DEBUG o.s.s.w.a.Http403ForbiddenEntryPoint - Pre-authenticated entry point called. Rejecting access
2026-03-06 11:27:47.177 [http-nio-80-exec-6] DEBUG o.s.s.w.FilterChainProxy - Securing GET /error
2026-03-06 11:27:47.177 [http-nio-80-exec-7] DEBUG o.s.s.w.FilterChainProxy - Securing POST /error
2026-03-06 11:27:47.177 [http-nio-80-exec-6] DEBUG o.s.s.w.a.Http403ForbiddenEntryPoint - Pre-authenticated entry point called. Rejecting access
2026-03-06 11:27:47.177 [http-nio-80-exec-7] DEBUG o.s.s.w.a.Http403ForbiddenEntryPoint - Pre-authenticated entry point called. Rejecting access
2026-03-06 11:31:42.989 [http-nio-80-exec-8] DEBUG o.s.s.w.FilterChainProxy - Securing GET /kaptcha.jpg
2026-03-06 11:31:42.990 [http-nio-80-exec-8] DEBUG o.s.s.w.FilterChainProxy - Secured GET /kaptcha.jpg
2026-03-06 11:31:45.252 [http-nio-80-exec-2] DEBUG o.s.s.w.FilterChainProxy - Securing GET /index?pn=1&size=10
2026-03-06 11:31:45.252 [http-nio-80-exec-10] DEBUG o.s.s.w.FilterChainProxy - Securing GET /user/info
2026-03-06 11:31:45.254 [http-nio-80-exec-10] DEBUG o.s.s.w.a.Http403ForbiddenEntryPoint - Pre-authenticated entry point called. Rejecting access
2026-03-06 11:31:45.254 [http-nio-80-exec-2] DEBUG o.s.s.w.FilterChainProxy - Secured GET /index?pn=1&size=10
2026-03-06 11:31:45.254 [http-nio-80-exec-10] DEBUG o.s.s.w.FilterChainProxy - Securing GET /error
2026-03-06 11:31:45.254 [http-nio-80-exec-10] DEBUG o.s.s.w.a.Http403ForbiddenEntryPoint - Pre-authenticated entry point called. Rejecting access
2026-03-06 11:31:48.019 [http-nio-80-exec-7] DEBUG o.s.s.w.FilterChainProxy - Securing POST /collection/find
2026-03-06 11:31:48.019 [http-nio-80-exec-4] DEBUG o.s.s.w.FilterChainProxy - Securing GET /post?id=10
2026-03-06 11:31:48.019 [http-nio-80-exec-6] DEBUG o.s.s.w.FilterChainProxy - Securing GET /user/info
2026-03-06 11:31:48.020 [http-nio-80-exec-7] DEBUG o.s.s.w.a.Http403ForbiddenEntryPoint - Pre-authenticated entry point called. Rejecting access
2026-03-06 11:31:48.020 [http-nio-80-exec-6] DEBUG o.s.s.w.a.Http403ForbiddenEntryPoint - Pre-authenticated entry point called. Rejecting access
2026-03-06 11:31:48.020 [http-nio-80-exec-4] DEBUG o.s.s.w.FilterChainProxy - Secured GET /post?id=10
2026-03-06 11:31:48.020 [http-nio-80-exec-7] DEBUG o.s.s.w.FilterChainProxy - Securing POST /error
2026-03-06 11:31:48.020 [http-nio-80-exec-6] DEBUG o.s.s.w.FilterChainProxy - Securing GET /error
2026-03-06 11:31:48.020 [http-nio-80-exec-7] DEBUG o.s.s.w.a.Http403ForbiddenEntryPoint - Pre-authenticated entry point called. Rejecting access
2026-03-06 11:31:48.020 [http-nio-80-exec-6] DEBUG o.s.s.w.a.Http403ForbiddenEntryPoint - Pre-authenticated entry point called. Rejecting access
2026-03-06 11:31:50.292 [http-nio-80-exec-9] DEBUG o.s.s.w.FilterChainProxy - Securing GET /index?pn=1&size=10
2026-03-06 11:31:50.292 [http-nio-80-exec-5] DEBUG o.s.s.w.FilterChainProxy - Securing GET /user/info
2026-03-06 11:31:50.292 [http-nio-80-exec-9] DEBUG o.s.s.w.FilterChainProxy - Secured GET /index?pn=1&size=10
2026-03-06 11:31:50.292 [http-nio-80-exec-5] DEBUG o.s.s.w.a.Http403ForbiddenEntryPoint - Pre-authenticated entry point called. Rejecting access
2026-03-06 11:31:50.293 [http-nio-80-exec-5] DEBUG o.s.s.w.FilterChainProxy - Securing GET /error
2026-03-06 11:31:50.293 [http-nio-80-exec-5] DEBUG o.s.s.w.a.Http403ForbiddenEntryPoint - Pre-authenticated entry point called. Rejecting access
2026-03-06 11:31:51.961 [http-nio-80-exec-1] DEBUG o.s.s.w.FilterChainProxy - Securing POST /collection/find
2026-03-06 11:31:51.961 [http-nio-80-exec-8] DEBUG o.s.s.w.FilterChainProxy - Securing GET /user/info
2026-03-06 11:31:51.961 [http-nio-80-exec-3] DEBUG o.s.s.w.FilterChainProxy - Securing GET /post?id=1
2026-03-06 11:31:51.963 [http-nio-80-exec-1] DEBUG o.s.s.w.a.Http403ForbiddenEntryPoint - Pre-authenticated entry point called. Rejecting access
2026-03-06 11:31:51.963 [http-nio-80-exec-8] DEBUG o.s.s.w.a.Http403ForbiddenEntryPoint - Pre-authenticated entry point called. Rejecting access
2026-03-06 11:31:51.963 [http-nio-80-exec-3] DEBUG o.s.s.w.FilterChainProxy - Secured GET /post?id=1
2026-03-06 11:31:51.963 [http-nio-80-exec-1] DEBUG o.s.s.w.FilterChainProxy - Securing POST /error
2026-03-06 11:31:51.963 [http-nio-80-exec-8] DEBUG o.s.s.w.FilterChainProxy - Securing GET /error
2026-03-06 11:31:51.963 [http-nio-80-exec-1] DEBUG o.s.s.w.a.Http403ForbiddenEntryPoint - Pre-authenticated entry point called. Rejecting access
2026-03-06 11:31:51.963 [http-nio-80-exec-8] DEBUG o.s.s.w.a.Http403ForbiddenEntryPoint - Pre-authenticated entry point called. Rejecting access
2026-03-06 11:34:19.916 [http-nio-80-exec-6] DEBUG o.s.s.w.FilterChainProxy - Securing GET /post?id=1
2026-03-06 11:34:19.917 [http-nio-80-exec-5] DEBUG o.s.s.w.FilterChainProxy - Securing POST /collection/find
2026-03-06 11:34:19.917 [http-nio-80-exec-6] DEBUG o.s.s.w.FilterChainProxy - Secured GET /post?id=1
2026-03-06 11:34:19.917 [http-nio-80-exec-4] DEBUG o.s.s.w.FilterChainProxy - Securing GET /user/info
2026-03-06 11:34:19.917 [http-nio-80-exec-5] DEBUG o.s.s.w.a.Http403ForbiddenEntryPoint - Pre-authenticated entry point called. Rejecting access
2026-03-06 11:34:19.918 [http-nio-80-exec-5] DEBUG o.s.s.w.FilterChainProxy - Securing POST /error
2026-03-06 11:34:19.918 [http-nio-80-exec-4] DEBUG o.s.s.w.a.Http403ForbiddenEntryPoint - Pre-authenticated entry point called. Rejecting access
2026-03-06 11:34:19.918 [http-nio-80-exec-5] DEBUG o.s.s.w.a.Http403ForbiddenEntryPoint - Pre-authenticated entry point called. Rejecting access
2026-03-06 11:34:19.919 [http-nio-80-exec-4] DEBUG o.s.s.w.FilterChainProxy - Securing GET /error
2026-03-06 11:34:19.919 [http-nio-80-exec-4] DEBUG o.s.s.w.a.Http403ForbiddenEntryPoint - Pre-authenticated entry point called. Rejecting access
2026-03-06 11:38:13.069 [http-nio-80-exec-7] DEBUG o.s.s.w.FilterChainProxy - Securing GET /user/info
2026-03-06 11:38:13.069 [http-nio-80-exec-3] DEBUG o.s.s.w.FilterChainProxy - Securing GET /index?pn=1&size=10
2026-03-06 11:38:13.069 [http-nio-80-exec-7] DEBUG o.s.s.w.a.Http403ForbiddenEntryPoint - Pre-authenticated entry point called. Rejecting access
2026-03-06 11:38:13.069 [http-nio-80-exec-3] DEBUG o.s.s.w.FilterChainProxy - Secured GET /index?pn=1&size=10
2026-03-06 11:38:13.070 [http-nio-80-exec-7] DEBUG o.s.s.w.FilterChainProxy - Securing GET /error
2026-03-06 11:38:13.070 [http-nio-80-exec-7] DEBUG o.s.s.w.a.Http403ForbiddenEntryPoint - Pre-authenticated entry point called. Rejecting access
2026-03-06 11:38:15.211 [http-nio-80-exec-2] DEBUG o.s.s.w.FilterChainProxy - Securing POST /collection/find
2026-03-06 11:38:15.211 [http-nio-80-exec-10] DEBUG o.s.s.w.FilterChainProxy - Securing GET /post?id=1
2026-03-06 11:38:15.211 [http-nio-80-exec-5] DEBUG o.s.s.w.FilterChainProxy - Securing GET /user/info
2026-03-06 11:38:15.211 [http-nio-80-exec-10] DEBUG o.s.s.w.FilterChainProxy - Secured GET /post?id=1
2026-03-06 11:38:15.212 [http-nio-80-exec-2] DEBUG o.s.s.w.a.Http403ForbiddenEntryPoint - Pre-authenticated entry point called. Rejecting access
2026-03-06 11:38:15.212 [http-nio-80-exec-2] DEBUG o.s.s.w.FilterChainProxy - Securing POST /error
2026-03-06 11:38:15.212 [http-nio-80-exec-5] DEBUG o.s.s.w.a.Http403ForbiddenEntryPoint - Pre-authenticated entry point called. Rejecting access
2026-03-06 11:38:15.212 [http-nio-80-exec-2] DEBUG o.s.s.w.a.Http403ForbiddenEntryPoint - Pre-authenticated entry point called. Rejecting access
2026-03-06 11:38:15.213 [http-nio-80-exec-5] DEBUG o.s.s.w.FilterChainProxy - Securing GET /error
2026-03-06 11:38:15.213 [http-nio-80-exec-5] DEBUG o.s.s.w.a.Http403ForbiddenEntryPoint - Pre-authenticated entry point called. Rejecting access
2026-03-06 11:44:15.072 [http-nio-80-exec-9] DEBUG o.s.s.w.FilterChainProxy - Securing GET /post?id=1
2026-03-06 11:44:15.073 [http-nio-80-exec-1] DEBUG o.s.s.w.FilterChainProxy - Securing GET /user/info
2026-03-06 11:44:15.073 [http-nio-80-exec-7] DEBUG o.s.s.w.FilterChainProxy - Securing POST /collection/find
2026-03-06 11:44:15.073 [http-nio-80-exec-9] DEBUG o.s.s.w.FilterChainProxy - Secured GET /post?id=1
2026-03-06 11:44:15.073 [http-nio-80-exec-1] DEBUG o.s.s.w.a.Http403ForbiddenEntryPoint - Pre-authenticated entry point called. Rejecting access
2026-03-06 11:44:15.073 [http-nio-80-exec-7] DEBUG o.s.s.w.a.Http403ForbiddenEntryPoint - Pre-authenticated entry point called. Rejecting access
2026-03-06 11:44:15.074 [http-nio-80-exec-1] DEBUG o.s.s.w.FilterChainProxy - Securing GET /error
2026-03-06 11:44:15.075 [http-nio-80-exec-1] DEBUG o.s.s.w.a.Http403ForbiddenEntryPoint - Pre-authenticated entry point called. Rejecting access
2026-03-06 11:44:15.075 [http-nio-80-exec-7] DEBUG o.s.s.w.FilterChainProxy - Securing POST /error
2026-03-06 11:44:15.075 [http-nio-80-exec-7] DEBUG o.s.s.w.a.Http403ForbiddenEntryPoint - Pre-authenticated entry point called. Rejecting access
2026-03-06 11:44:41.612 [http-nio-80-exec-3] DEBUG o.s.s.w.FilterChainProxy - Securing GET /post?id=1
2026-03-06 11:44:41.612 [http-nio-80-exec-2] DEBUG o.s.s.w.FilterChainProxy - Securing POST /collection/find
2026-03-06 11:44:41.612 [http-nio-80-exec-5] DEBUG o.s.s.w.FilterChainProxy - Securing GET /user/info
2026-03-06 11:44:41.613 [http-nio-80-exec-2] DEBUG o.s.s.w.a.Http403ForbiddenEntryPoint - Pre-authenticated entry point called. Rejecting access
2026-03-06 11:44:41.613 [http-nio-80-exec-5] DEBUG o.s.s.w.a.Http403ForbiddenEntryPoint - Pre-authenticated entry point called. Rejecting access
2026-03-06 11:44:41.613 [http-nio-80-exec-3] DEBUG o.s.s.w.FilterChainProxy - Secured GET /post?id=1
2026-03-06 11:44:41.613 [http-nio-80-exec-2] DEBUG o.s.s.w.FilterChainProxy - Securing POST /error
2026-03-06 11:44:41.613 [http-nio-80-exec-5] DEBUG o.s.s.w.FilterChainProxy - Securing GET /error
2026-03-06 11:44:41.613 [http-nio-80-exec-2] DEBUG o.s.s.w.a.Http403ForbiddenEntryPoint - Pre-authenticated entry point called. Rejecting access
2026-03-06 11:44:41.613 [http-nio-80-exec-5] DEBUG o.s.s.w.a.Http403ForbiddenEntryPoint - Pre-authenticated entry point called. Rejecting access
2026-03-06 11:48:22.253 [http-nio-80-exec-8] DEBUG o.s.s.w.FilterChainProxy - Securing GET /post?id=1
2026-03-06 11:48:22.253 [http-nio-80-exec-7] DEBUG o.s.s.w.FilterChainProxy - Securing POST /collection/find
2026-03-06 11:48:22.253 [http-nio-80-exec-1] DEBUG o.s.s.w.FilterChainProxy - Securing GET /user/info
2026-03-06 11:48:22.254 [http-nio-80-exec-7] DEBUG o.s.s.w.a.Http403ForbiddenEntryPoint - Pre-authenticated entry point called. Rejecting access
2026-03-06 11:48:22.254 [http-nio-80-exec-8] DEBUG o.s.s.w.FilterChainProxy - Secured GET /post?id=1
2026-03-06 11:48:22.254 [http-nio-80-exec-1] DEBUG o.s.s.w.a.Http403ForbiddenEntryPoint - Pre-authenticated entry point called. Rejecting access
2026-03-06 11:48:22.255 [http-nio-80-exec-1] DEBUG o.s.s.w.FilterChainProxy - Securing GET /error
2026-03-06 11:48:22.255 [http-nio-80-exec-7] DEBUG o.s.s.w.FilterChainProxy - Securing POST /error
2026-03-06 11:48:22.255 [http-nio-80-exec-1] DEBUG o.s.s.w.a.Http403ForbiddenEntryPoint - Pre-authenticated entry point called. Rejecting access
2026-03-06 11:48:22.255 [http-nio-80-exec-7] DEBUG o.s.s.w.a.Http403ForbiddenEntryPoint - Pre-authenticated entry point called. Rejecting access
2026-03-06 11:49:11.384 [MessageBroker-11] INFO  o.s.w.s.c.WebSocketMessageBrokerStats - WebSocketSession[0 current WS(0)-HttpStream(0)-HttpPoll(0), 0 total, 0 closed abnormally (0 connect failure, 0 send limit, 0 transport error)], stompSubProtocol[processed CONNECT(0)-CONNECTED(0)-DISCONNECT(0)], stompBrokerRelay[null], inboundChannel[pool size = 0, active threads = 0, queued tasks = 0, completed tasks = 0], outboundChannel[pool size = 0, active threads = 0, queued tasks = 0, completed tasks = 0], sockJsScheduler[pool size = 22, active threads = 1, queued tasks = 1, completed tasks = 2906]
2026-03-06 11:49:22.012 [http-nio-80-exec-9] DEBUG o.s.s.w.FilterChainProxy - Securing GET /index?pn=1&size=10
2026-03-06 11:49:22.012 [http-nio-80-exec-2] DEBUG o.s.s.w.FilterChainProxy - Securing GET /user/info
2026-03-06 11:49:22.013 [http-nio-80-exec-9] DEBUG o.s.s.w.FilterChainProxy - Secured GET /index?pn=1&size=10
2026-03-06 11:49:22.014 [http-nio-80-exec-2] DEBUG o.s.s.w.a.Http403ForbiddenEntryPoint - Pre-authenticated entry point called. Rejecting access
2026-03-06 11:49:22.014 [http-nio-80-exec-2] DEBUG o.s.s.w.FilterChainProxy - Securing GET /error
2026-03-06 11:49:22.015 [http-nio-80-exec-2] DEBUG o.s.s.w.a.Http403ForbiddenEntryPoint - Pre-authenticated entry point called. Rejecting access
2026-03-06 11:49:22.984 [http-nio-80-exec-5] DEBUG o.s.s.w.FilterChainProxy - Securing POST /collection/find
2026-03-06 11:49:22.983 [http-nio-80-exec-10] DEBUG o.s.s.w.FilterChainProxy - Securing GET /post?id=10
2026-03-06 11:49:22.985 [http-nio-80-exec-10] DEBUG o.s.s.w.FilterChainProxy - Secured GET /post?id=10
2026-03-06 11:49:22.985 [http-nio-80-exec-5] DEBUG o.s.s.w.a.Http403ForbiddenEntryPoint - Pre-authenticated entry point called. Rejecting access
2026-03-06 11:49:22.986 [http-nio-80-exec-6] DEBUG o.s.s.w.FilterChainProxy - Securing GET /user/info
2026-03-06 11:49:22.986 [http-nio-80-exec-5] DEBUG o.s.s.w.FilterChainProxy - Securing POST /error
2026-03-06 11:49:22.986 [http-nio-80-exec-5] DEBUG o.s.s.w.a.Http403ForbiddenEntryPoint - Pre-authenticated entry point called. Rejecting access
2026-03-06 11:49:22.986 [http-nio-80-exec-6] DEBUG o.s.s.w.a.Http403ForbiddenEntryPoint - Pre-authenticated entry point called. Rejecting access
2026-03-06 11:49:22.986 [http-nio-80-exec-6] DEBUG o.s.s.w.FilterChainProxy - Securing GET /error
2026-03-06 11:49:22.987 [http-nio-80-exec-6] DEBUG o.s.s.w.a.Http403ForbiddenEntryPoint - Pre-authenticated entry point called. Rejecting access
2026-03-06 11:49:25.229 [http-nio-80-exec-4] DEBUG o.s.s.w.FilterChainProxy - Securing GET /index?pn=1&size=10
2026-03-06 11:49:25.229 [http-nio-80-exec-1] DEBUG o.s.s.w.FilterChainProxy - Securing GET /user/info
2026-03-06 11:49:25.231 [http-nio-80-exec-4] DEBUG o.s.s.w.FilterChainProxy - Secured GET /index?pn=1&size=10
2026-03-06 11:49:25.231 [http-nio-80-exec-1] DEBUG o.s.s.w.a.Http403ForbiddenEntryPoint - Pre-authenticated entry point called. Rejecting access
2026-03-06 11:49:25.231 [http-nio-80-exec-1] DEBUG o.s.s.w.FilterChainProxy - Securing GET /error
2026-03-06 11:49:25.232 [http-nio-80-exec-1] DEBUG o.s.s.w.a.Http403ForbiddenEntryPoint - Pre-authenticated entry point called. Rejecting access
2026-03-06 11:51:15.753 [http-nio-80-exec-9] DEBUG o.s.s.w.FilterChainProxy - Securing GET /index?pn=1&size=10
2026-03-06 11:51:15.754 [http-nio-80-exec-9] DEBUG o.s.s.w.FilterChainProxy - Secured GET /index?pn=1&size=10
2026-03-06 11:51:26.694 [http-nio-80-exec-5] DEBUG o.s.s.w.FilterChainProxy - Securing GET /index?pn=1&size=10
2026-03-06 11:51:26.694 [http-nio-80-exec-3] DEBUG o.s.s.w.FilterChainProxy - Securing GET /user/info
2026-03-06 11:51:26.694 [http-nio-80-exec-5] DEBUG o.s.s.w.FilterChainProxy - Secured GET /index?pn=1&size=10
2026-03-06 11:51:26.694 [http-nio-80-exec-3] DEBUG o.s.s.w.a.Http403ForbiddenEntryPoint - Pre-authenticated entry point called. Rejecting access
2026-03-06 11:51:26.694 [http-nio-80-exec-3] DEBUG o.s.s.w.FilterChainProxy - Securing GET /error
2026-03-06 11:51:26.694 [http-nio-80-exec-3] DEBUG o.s.s.w.a.Http403ForbiddenEntryPoint - Pre-authenticated entry point called. Rejecting access
2026-03-06 11:52:10.266 [http-nio-80-exec-6] DEBUG o.s.s.w.FilterChainProxy - Securing GET /user/info
2026-03-06 11:52:10.266 [http-nio-80-exec-10] DEBUG o.s.s.w.FilterChainProxy - Securing GET /index?pn=1&size=10
2026-03-06 11:52:10.266 [http-nio-80-exec-6] DEBUG o.s.s.w.a.Http403ForbiddenEntryPoint - Pre-authenticated entry point called. Rejecting access
2026-03-06 11:52:10.266 [http-nio-80-exec-10] DEBUG o.s.s.w.FilterChainProxy - Secured GET /index?pn=1&size=10
2026-03-06 11:52:10.267 [http-nio-80-exec-6] DEBUG o.s.s.w.FilterChainProxy - Securing GET /error
2026-03-06 11:52:10.268 [http-nio-80-exec-6] DEBUG o.s.s.w.a.Http403ForbiddenEntryPoint - Pre-authenticated entry point called. Rejecting access
2026-03-06 12:19:11.396 [MessageBroker-8] INFO  o.s.w.s.c.WebSocketMessageBrokerStats - WebSocketSession[0 current WS(0)-HttpStream(0)-HttpPoll(0), 0 total, 0 closed abnormally (0 connect failure, 0 send limit, 0 transport error)], stompSubProtocol[processed CONNECT(0)-CONNECTED(0)-DISCONNECT(0)], stompBrokerRelay[null], inboundChannel[pool size = 0, active threads = 0, queued tasks = 0, completed tasks = 0], outboundChannel[pool size = 0, active threads = 0, queued tasks = 0, completed tasks = 0], sockJsScheduler[pool size = 22, active threads = 1, queued tasks = 1, completed tasks = 3267]
2026-03-06 13:37:06.952 [http-nio-80-exec-7] DEBUG o.s.s.w.FilterChainProxy - Securing GET /user/info
2026-03-06 13:37:06.953 [http-nio-80-exec-8] DEBUG o.s.s.w.FilterChainProxy - Securing GET /index?pn=1&size=10
2026-03-06 13:37:06.953 [http-nio-80-exec-7] DEBUG o.s.s.w.a.Http403ForbiddenEntryPoint - Pre-authenticated entry point called. Rejecting access
2026-03-06 13:37:06.953 [http-nio-80-exec-8] DEBUG o.s.s.w.FilterChainProxy - Secured GET /index?pn=1&size=10
2026-03-06 13:37:06.954 [http-nio-80-exec-7] DEBUG o.s.s.w.FilterChainProxy - Securing GET /error
2026-03-06 13:37:06.955 [http-nio-80-exec-7] DEBUG o.s.s.w.a.Http403ForbiddenEntryPoint - Pre-authenticated entry point called. Rejecting access
2026-03-06 13:37:09.682 [MessageBroker-2] INFO  o.s.w.s.c.WebSocketMessageBrokerStats - WebSocketSession[0 current WS(0)-HttpStream(0)-HttpPoll(0), 0 total, 0 closed abnormally (0 connect failure, 0 send limit, 0 transport error)], stompSubProtocol[processed CONNECT(0)-CONNECTED(0)-DISCONNECT(0)], stompBrokerRelay[null], inboundChannel[pool size = 0, active threads = 0, queued tasks = 0, completed tasks = 0], outboundChannel[pool size = 0, active threads = 0, queued tasks = 0, completed tasks = 0], sockJsScheduler[pool size = 22, active threads = 2, queued tasks = 0, completed tasks = 3392]
2026-03-06 13:37:21.316 [HikariPool-1:housekeeper] WARN  c.z.h.p.HikariPool - HikariPool-1 - Thread starvation or clock leap detected (housekeeper delta=1h7m57s332ms125µs400ns).
2026-03-06 14:07:09.689 [MessageBroker-7] INFO  o.s.w.s.c.WebSocketMessageBrokerStats - WebSocketSession[0 current WS(0)-HttpStream(0)-HttpPoll(0), 0 total, 0 closed abnormally (0 connect failure, 0 send limit, 0 transport error)], stompSubProtocol[processed CONNECT(0)-CONNECTED(0)-DISCONNECT(0)], stompBrokerRelay[null], inboundChannel[pool size = 0, active threads = 0, queued tasks = 0, completed tasks = 0], outboundChannel[pool size = 0, active threads = 0, queued tasks = 0, completed tasks = 0], sockJsScheduler[pool size = 22, active threads = 1, queued tasks = 1, completed tasks = 3752]
2026-03-06 14:37:09.685 [MessageBroker-17] INFO  o.s.w.s.c.WebSocketMessageBrokerStats - WebSocketSession[0 current WS(0)-HttpStream(0)-HttpPoll(0), 0 total, 0 closed abnormally (0 connect failure, 0 send limit, 0 transport error)], stompSubProtocol[processed CONNECT(0)-CONNECTED(0)-DISCONNECT(0)], stompBrokerRelay[null], inboundChannel[pool size = 0, active threads = 0, queued tasks = 0, completed tasks = 0], outboundChannel[pool size = 0, active threads = 0, queued tasks = 0, completed tasks = 0], sockJsScheduler[pool size = 22, active threads = 1, queued tasks = 1, completed tasks = 4113]
2026-03-06 15:03:21.702 [http-nio-80-exec-3] DEBUG o.s.s.w.FilterChainProxy - Securing GET /user/info
2026-03-06 15:03:21.702 [http-nio-80-exec-6] DEBUG o.s.s.w.FilterChainProxy - Securing POST /collection/find
2026-03-06 15:03:21.702 [http-nio-80-exec-5] DEBUG o.s.s.w.FilterChainProxy - Securing GET /post?id=10
2026-03-06 15:03:21.707 [http-nio-80-exec-6] DEBUG o.s.s.w.a.Http403ForbiddenEntryPoint - Pre-authenticated entry point called. Rejecting access
2026-03-06 15:03:21.707 [http-nio-80-exec-3] DEBUG o.s.s.w.a.Http403ForbiddenEntryPoint - Pre-authenticated entry point called. Rejecting access
2026-03-06 15:03:21.707 [http-nio-80-exec-5] DEBUG o.s.s.w.FilterChainProxy - Secured GET /post?id=10
2026-03-06 15:03:21.709 [http-nio-80-exec-6] DEBUG o.s.s.w.FilterChainProxy - Securing POST /error
2026-03-06 15:03:21.709 [http-nio-80-exec-3] DEBUG o.s.s.w.FilterChainProxy - Securing GET /error
2026-03-06 15:03:21.709 [http-nio-80-exec-3] DEBUG o.s.s.w.a.Http403ForbiddenEntryPoint - Pre-authenticated entry point called. Rejecting access
2026-03-06 15:03:21.709 [http-nio-80-exec-6] DEBUG o.s.s.w.a.Http403ForbiddenEntryPoint - Pre-authenticated entry point called. Rejecting access
2026-03-06 15:03:21.714 [http-nio-80-exec-10] DEBUG o.s.s.w.FilterChainProxy - Securing GET /user/info
2026-03-06 15:03:21.717 [http-nio-80-exec-10] DEBUG o.s.s.w.a.Http403ForbiddenEntryPoint - Pre-authenticated entry point called. Rejecting access
2026-03-06 15:03:21.717 [http-nio-80-exec-10] DEBUG o.s.s.w.FilterChainProxy - Securing GET /error
2026-03-06 15:03:21.717 [http-nio-80-exec-10] DEBUG o.s.s.w.a.Http403ForbiddenEntryPoint - Pre-authenticated entry point called. Rejecting access
2026-03-06 15:03:23.211 [http-nio-80-exec-1] DEBUG o.s.s.w.FilterChainProxy - Securing GET /index?pn=1&size=10
2026-03-06 15:03:23.211 [http-nio-80-exec-4] DEBUG o.s.s.w.FilterChainProxy - Securing GET /user/info
2026-03-06 15:03:23.211 [http-nio-80-exec-1] DEBUG o.s.s.w.FilterChainProxy - Secured GET /index?pn=1&size=10
2026-03-06 15:03:23.213 [http-nio-80-exec-4] DEBUG o.s.s.w.a.Http403ForbiddenEntryPoint - Pre-authenticated entry point called. Rejecting access
2026-03-06 15:03:23.213 [http-nio-80-exec-4] DEBUG o.s.s.w.FilterChainProxy - Securing GET /error
2026-03-06 15:03:23.213 [http-nio-80-exec-4] DEBUG o.s.s.w.a.Http403ForbiddenEntryPoint - Pre-authenticated entry point called. Rejecting access
2026-03-06 15:03:24.379 [http-nio-80-exec-2] DEBUG o.s.s.w.FilterChainProxy - Securing POST /collection/find
2026-03-06 15:03:24.379 [http-nio-80-exec-8] DEBUG o.s.s.w.FilterChainProxy - Securing GET /post?id=10
2026-03-06 15:03:24.380 [http-nio-80-exec-7] DEBUG o.s.s.w.FilterChainProxy - Securing GET /user/info
2026-03-06 15:03:24.381 [http-nio-80-exec-7] DEBUG o.s.s.w.a.Http403ForbiddenEntryPoint - Pre-authenticated entry point called. Rejecting access
2026-03-06 15:03:24.381 [http-nio-80-exec-8] DEBUG o.s.s.w.FilterChainProxy - Secured GET /post?id=10
2026-03-06 15:03:24.381 [http-nio-80-exec-2] DEBUG o.s.s.w.a.Http403ForbiddenEntryPoint - Pre-authenticated entry point called. Rejecting access
2026-03-06 15:03:24.382 [http-nio-80-exec-7] DEBUG o.s.s.w.FilterChainProxy - Securing GET /error
2026-03-06 15:03:24.382 [http-nio-80-exec-2] DEBUG o.s.s.w.FilterChainProxy - Securing POST /error
2026-03-06 15:03:24.382 [http-nio-80-exec-7] DEBUG o.s.s.w.a.Http403ForbiddenEntryPoint - Pre-authenticated entry point called. Rejecting access
2026-03-06 15:03:24.382 [http-nio-80-exec-2] DEBUG o.s.s.w.a.Http403ForbiddenEntryPoint - Pre-authenticated entry point called. Rejecting access
2026-03-06 15:03:24.384 [http-nio-80-exec-9] DEBUG o.s.s.w.FilterChainProxy - Securing GET /user/info
2026-03-06 15:03:24.385 [http-nio-80-exec-9] DEBUG o.s.s.w.a.Http403ForbiddenEntryPoint - Pre-authenticated entry point called. Rejecting access
2026-03-06 15:03:24.387 [http-nio-80-exec-9] DEBUG o.s.s.w.FilterChainProxy - Securing GET /error
2026-03-06 15:03:24.387 [http-nio-80-exec-9] DEBUG o.s.s.w.a.Http403ForbiddenEntryPoint - Pre-authenticated entry point called. Rejecting access
2026-03-06 15:03:26.760 [http-nio-80-exec-6] DEBUG o.s.s.w.FilterChainProxy - Securing GET /index?pn=1&size=10
2026-03-06 15:03:26.760 [http-nio-80-exec-3] DEBUG o.s.s.w.FilterChainProxy - Securing GET /user/info
2026-03-06 15:03:26.762 [http-nio-80-exec-6] DEBUG o.s.s.w.FilterChainProxy - Secured GET /index?pn=1&size=10
2026-03-06 15:03:26.762 [http-nio-80-exec-3] DEBUG o.s.s.w.a.Http403ForbiddenEntryPoint - Pre-authenticated entry point called. Rejecting access
2026-03-06 15:03:26.762 [http-nio-80-exec-3] DEBUG o.s.s.w.FilterChainProxy - Securing GET /error
2026-03-06 15:03:26.763 [http-nio-80-exec-3] DEBUG o.s.s.w.a.Http403ForbiddenEntryPoint - Pre-authenticated entry point called. Rejecting access
2026-03-06 15:03:28.572 [http-nio-80-exec-5] DEBUG o.s.s.w.FilterChainProxy - Securing GET /user/info
2026-03-06 15:03:28.572 [http-nio-80-exec-10] DEBUG o.s.s.w.FilterChainProxy - Securing POST /collection/find
2026-03-06 15:03:28.573 [http-nio-80-exec-10] DEBUG o.s.s.w.a.Http403ForbiddenEntryPoint - Pre-authenticated entry point called. Rejecting access
2026-03-06 15:03:28.573 [http-nio-80-exec-5] DEBUG o.s.s.w.a.Http403ForbiddenEntryPoint - Pre-authenticated entry point called. Rejecting access
2026-03-06 15:03:28.573 [http-nio-80-exec-10] DEBUG o.s.s.w.FilterChainProxy - Securing POST /error
2026-03-06 15:03:28.573 [http-nio-80-exec-4] DEBUG o.s.s.w.FilterChainProxy - Securing GET /post?id=1
2026-03-06 15:03:28.573 [http-nio-80-exec-5] DEBUG o.s.s.w.FilterChainProxy - Securing GET /error
2026-03-06 15:03:28.573 [http-nio-80-exec-10] DEBUG o.s.s.w.a.Http403ForbiddenEntryPoint - Pre-authenticated entry point called. Rejecting access
2026-03-06 15:03:28.573 [http-nio-80-exec-5] DEBUG o.s.s.w.a.Http403ForbiddenEntryPoint - Pre-authenticated entry point called. Rejecting access
2026-03-06 15:03:28.574 [http-nio-80-exec-4] DEBUG o.s.s.w.FilterChainProxy - Secured GET /post?id=1
2026-03-06 15:03:28.576 [http-nio-80-exec-1] DEBUG o.s.s.w.FilterChainProxy - Securing GET /user/info
2026-03-06 15:03:28.578 [http-nio-80-exec-1] DEBUG o.s.s.w.a.Http403ForbiddenEntryPoint - Pre-authenticated entry point called. Rejecting access
2026-03-06 15:03:28.578 [http-nio-80-exec-1] DEBUG o.s.s.w.FilterChainProxy - Securing GET /error
2026-03-06 15:03:28.578 [http-nio-80-exec-1] DEBUG o.s.s.w.a.Http403ForbiddenEntryPoint - Pre-authenticated entry point called. Rejecting access
2026-03-06 15:03:31.112 [http-nio-80-exec-2] DEBUG o.s.s.w.FilterChainProxy - Securing GET /index?pn=1&size=10
2026-03-06 15:03:31.112 [http-nio-80-exec-7] DEBUG o.s.s.w.FilterChainProxy - Securing GET /user/info
2026-03-06 15:03:31.112 [http-nio-80-exec-2] DEBUG o.s.s.w.FilterChainProxy - Secured GET /index?pn=1&size=10
2026-03-06 15:03:31.112 [http-nio-80-exec-7] DEBUG o.s.s.w.a.Http403ForbiddenEntryPoint - Pre-authenticated entry point called. Rejecting access
2026-03-06 15:03:31.113 [http-nio-80-exec-7] DEBUG o.s.s.w.FilterChainProxy - Securing GET /error
2026-03-06 15:03:31.115 [http-nio-80-exec-7] DEBUG o.s.s.w.a.Http403ForbiddenEntryPoint - Pre-authenticated entry point called. Rejecting access
2026-03-06 15:03:35.083 [http-nio-80-exec-3] DEBUG o.s.s.w.FilterChainProxy - Securing GET /post?id=10
2026-03-06 15:03:35.083 [http-nio-80-exec-8] DEBUG o.s.s.w.FilterChainProxy - Securing POST /collection/find
2026-03-06 15:03:35.083 [http-nio-80-exec-8] DEBUG o.s.s.w.a.Http403ForbiddenEntryPoint - Pre-authenticated entry point called. Rejecting access
2026-03-06 15:03:35.083 [http-nio-80-exec-9] DEBUG o.s.s.w.FilterChainProxy - Securing GET /user/info
2026-03-06 15:03:35.083 [http-nio-80-exec-3] DEBUG o.s.s.w.FilterChainProxy - Secured GET /post?id=10
2026-03-06 15:03:35.085 [http-nio-80-exec-8] DEBUG o.s.s.w.FilterChainProxy - Securing POST /error
2026-03-06 15:03:35.085 [http-nio-80-exec-9] DEBUG o.s.s.w.a.Http403ForbiddenEntryPoint - Pre-authenticated entry point called. Rejecting access
2026-03-06 15:03:35.085 [http-nio-80-exec-8] DEBUG o.s.s.w.a.Http403ForbiddenEntryPoint - Pre-authenticated entry point called. Rejecting access
2026-03-06 15:03:35.085 [http-nio-80-exec-9] DEBUG o.s.s.w.FilterChainProxy - Securing GET /error
2026-03-06 15:03:35.086 [http-nio-80-exec-9] DEBUG o.s.s.w.a.Http403ForbiddenEntryPoint - Pre-authenticated entry point called. Rejecting access
2026-03-06 15:03:35.088 [http-nio-80-exec-6] DEBUG o.s.s.w.FilterChainProxy - Securing GET /user/info
2026-03-06 15:03:35.089 [http-nio-80-exec-6] DEBUG o.s.s.w.a.Http403ForbiddenEntryPoint - Pre-authenticated entry point called. Rejecting access
2026-03-06 15:03:35.090 [http-nio-80-exec-6] DEBUG o.s.s.w.FilterChainProxy - Securing GET /error
2026-03-06 15:03:35.091 [http-nio-80-exec-6] DEBUG o.s.s.w.a.Http403ForbiddenEntryPoint - Pre-authenticated entry point called. Rejecting access
2026-03-06 15:03:37.113 [http-nio-80-exec-5] DEBUG o.s.s.w.FilterChainProxy - Securing GET /index?pn=1&size=10
2026-03-06 15:03:37.113 [http-nio-80-exec-10] DEBUG o.s.s.w.FilterChainProxy - Securing GET /user/info
2026-03-06 15:03:37.114 [http-nio-80-exec-10] DEBUG o.s.s.w.a.Http403ForbiddenEntryPoint - Pre-authenticated entry point called. Rejecting access
2026-03-06 15:03:37.114 [http-nio-80-exec-5] DEBUG o.s.s.w.FilterChainProxy - Secured GET /index?pn=1&size=10
2026-03-06 15:03:37.114 [http-nio-80-exec-10] DEBUG o.s.s.w.FilterChainProxy - Securing GET /error
2026-03-06 15:03:37.116 [http-nio-80-exec-10] DEBUG o.s.s.w.a.Http403ForbiddenEntryPoint - Pre-authenticated entry point called. Rejecting access
2026-03-06 15:03:43.162 [http-nio-80-exec-7] DEBUG o.s.s.w.FilterChainProxy - Securing POST /collection/find
2026-03-06 15:03:43.162 [http-nio-80-exec-4] DEBUG o.s.s.w.FilterChainProxy - Securing GET /post?id=10
2026-03-06 15:03:43.162 [http-nio-80-exec-1] DEBUG o.s.s.w.FilterChainProxy - Securing GET /user/info
2026-03-06 15:03:43.162 [http-nio-80-exec-1] DEBUG o.s.s.w.a.Http403ForbiddenEntryPoint - Pre-authenticated entry point called. Rejecting access
2026-03-06 15:03:43.162 [http-nio-80-exec-4] DEBUG o.s.s.w.FilterChainProxy - Secured GET /post?id=10
2026-03-06 15:03:43.162 [http-nio-80-exec-7] DEBUG o.s.s.w.a.Http403ForbiddenEntryPoint - Pre-authenticated entry point called. Rejecting access
2026-03-06 15:03:43.163 [http-nio-80-exec-1] DEBUG o.s.s.w.FilterChainProxy - Securing GET /error
2026-03-06 15:03:43.163 [http-nio-80-exec-7] DEBUG o.s.s.w.FilterChainProxy - Securing POST /error
2026-03-06 15:03:43.164 [http-nio-80-exec-1] DEBUG o.s.s.w.a.Http403ForbiddenEntryPoint - Pre-authenticated entry point called. Rejecting access
2026-03-06 15:03:43.164 [http-nio-80-exec-7] DEBUG o.s.s.w.a.Http403ForbiddenEntryPoint - Pre-authenticated entry point called. Rejecting access
2026-03-06 15:03:43.165 [http-nio-80-exec-2] DEBUG o.s.s.w.FilterChainProxy - Securing GET /user/info
2026-03-06 15:03:43.165 [http-nio-80-exec-2] DEBUG o.s.s.w.a.Http403ForbiddenEntryPoint - Pre-authenticated entry point called. Rejecting access
2026-03-06 15:03:43.166 [http-nio-80-exec-2] DEBUG o.s.s.w.FilterChainProxy - Securing GET /error
2026-03-06 15:03:43.166 [http-nio-80-exec-2] DEBUG o.s.s.w.a.Http403ForbiddenEntryPoint - Pre-authenticated entry point called. Rejecting access
2026-03-06 15:03:44.940 [http-nio-80-exec-9] DEBUG o.s.s.w.FilterChainProxy - Securing GET /index?pn=1&size=10
2026-03-06 15:03:44.940 [http-nio-80-exec-8] DEBUG o.s.s.w.FilterChainProxy - Securing GET /user/info
2026-03-06 15:03:44.941 [http-nio-80-exec-9] DEBUG o.s.s.w.FilterChainProxy - Secured GET /index?pn=1&size=10
2026-03-06 15:03:44.941 [http-nio-80-exec-8] DEBUG o.s.s.w.a.Http403ForbiddenEntryPoint - Pre-authenticated entry point called. Rejecting access
2026-03-06 15:03:44.943 [http-nio-80-exec-8] DEBUG o.s.s.w.FilterChainProxy - Securing GET /error
2026-03-06 15:03:44.943 [http-nio-80-exec-8] DEBUG o.s.s.w.a.Http403ForbiddenEntryPoint - Pre-authenticated entry point called. Rejecting access
2026-03-06 15:07:09.691 [MessageBroker-8] INFO  o.s.w.s.c.WebSocketMessageBrokerStats - WebSocketSession[0 current WS(0)-HttpStream(0)-HttpPoll(0), 0 total, 0 closed abnormally (0 connect failure, 0 send limit, 0 transport error)], stompSubProtocol[processed CONNECT(0)-CONNECTED(0)-DISCONNECT(0)], stompBrokerRelay[null], inboundChannel[pool size = 0, active threads = 0, queued tasks = 0, completed tasks = 0], outboundChannel[pool size = 0, active threads = 0, queued tasks = 0, completed tasks = 0], sockJsScheduler[pool size = 22, active threads = 1, queued tasks = 1, completed tasks = 4474]
2026-03-06 15:08:37.468 [http-nio-80-exec-2] DEBUG o.s.s.w.FilterChainProxy - Securing POST /collection/find
2026-03-06 15:08:37.468 [http-nio-80-exec-1] DEBUG o.s.s.w.FilterChainProxy - Securing GET /post?id=10
2026-03-06 15:08:37.468 [http-nio-80-exec-7] DEBUG o.s.s.w.FilterChainProxy - Securing GET /user/info
2026-03-06 15:08:37.469 [http-nio-80-exec-2] DEBUG o.s.s.w.a.Http403ForbiddenEntryPoint - Pre-authenticated entry point called. Rejecting access
2026-03-06 15:08:37.469 [http-nio-80-exec-1] DEBUG o.s.s.w.FilterChainProxy - Secured GET /post?id=10
2026-03-06 15:08:37.469 [http-nio-80-exec-7] DEBUG o.s.s.w.a.Http403ForbiddenEntryPoint - Pre-authenticated entry point called. Rejecting access
2026-03-06 15:08:37.469 [http-nio-80-exec-2] DEBUG o.s.s.w.FilterChainProxy - Securing POST /error
2026-03-06 15:08:37.469 [http-nio-80-exec-7] DEBUG o.s.s.w.FilterChainProxy - Securing GET /error
2026-03-06 15:08:37.469 [http-nio-80-exec-2] DEBUG o.s.s.w.a.Http403ForbiddenEntryPoint - Pre-authenticated entry point called. Rejecting access
2026-03-06 15:08:37.469 [http-nio-80-exec-7] DEBUG o.s.s.w.a.Http403ForbiddenEntryPoint - Pre-authenticated entry point called. Rejecting access
2026-03-06 15:08:37.472 [http-nio-80-exec-4] DEBUG o.s.s.w.FilterChainProxy - Securing GET /user/info
2026-03-06 15:08:37.474 [http-nio-80-exec-4] DEBUG o.s.s.w.a.Http403ForbiddenEntryPoint - Pre-authenticated entry point called. Rejecting access
2026-03-06 15:08:37.474 [http-nio-80-exec-4] DEBUG o.s.s.w.FilterChainProxy - Securing GET /error
2026-03-06 15:08:37.475 [http-nio-80-exec-4] DEBUG o.s.s.w.a.Http403ForbiddenEntryPoint - Pre-authenticated entry point called. Rejecting access
2026-03-06 15:08:39.593 [http-nio-80-exec-9] DEBUG o.s.s.w.FilterChainProxy - Securing GET /index?pn=1&size=10
2026-03-06 15:08:39.594 [http-nio-80-exec-8] DEBUG o.s.s.w.FilterChainProxy - Securing GET /user/info
2026-03-06 15:08:39.594 [http-nio-80-exec-9] DEBUG o.s.s.w.FilterChainProxy - Secured GET /index?pn=1&size=10
2026-03-06 15:08:39.594 [http-nio-80-exec-8] DEBUG o.s.s.w.a.Http403ForbiddenEntryPoint - Pre-authenticated entry point called. Rejecting access
2026-03-06 15:08:39.595 [http-nio-80-exec-8] DEBUG o.s.s.w.FilterChainProxy - Securing GET /error
2026-03-06 15:08:39.596 [http-nio-80-exec-8] DEBUG o.s.s.w.a.Http403ForbiddenEntryPoint - Pre-authenticated entry point called. Rejecting access
2026-03-06 15:08:41.655 [http-nio-80-exec-3] DEBUG o.s.s.w.FilterChainProxy - Securing POST /collection/find
2026-03-06 15:08:41.655 [http-nio-80-exec-6] DEBUG o.s.s.w.FilterChainProxy - Securing GET /user/info
2026-03-06 15:08:41.656 [http-nio-80-exec-10] DEBUG o.s.s.w.FilterChainProxy - Securing GET /post?id=1
2026-03-06 15:08:41.656 [http-nio-80-exec-6] DEBUG o.s.s.w.a.Http403ForbiddenEntryPoint - Pre-authenticated entry point called. Rejecting access
2026-03-06 15:08:41.656 [http-nio-80-exec-10] DEBUG o.s.s.w.FilterChainProxy - Secured GET /post?id=1
2026-03-06 15:08:41.656 [http-nio-80-exec-3] DEBUG o.s.s.w.a.Http403ForbiddenEntryPoint - Pre-authenticated entry point called. Rejecting access
2026-03-06 15:08:41.656 [http-nio-80-exec-3] DEBUG o.s.s.w.FilterChainProxy - Securing POST /error
2026-03-06 15:08:41.656 [http-nio-80-exec-6] DEBUG o.s.s.w.FilterChainProxy - Securing GET /error
2026-03-06 15:08:41.658 [http-nio-80-exec-6] DEBUG o.s.s.w.a.Http403ForbiddenEntryPoint - Pre-authenticated entry point called. Rejecting access
2026-03-06 15:08:41.658 [http-nio-80-exec-3] DEBUG o.s.s.w.a.Http403ForbiddenEntryPoint - Pre-authenticated entry point called. Rejecting access
2026-03-06 15:08:41.660 [http-nio-80-exec-5] DEBUG o.s.s.w.FilterChainProxy - Securing GET /user/info
2026-03-06 15:08:41.661 [http-nio-80-exec-5] DEBUG o.s.s.w.a.Http403ForbiddenEntryPoint - Pre-authenticated entry point called. Rejecting access
2026-03-06 15:08:41.662 [http-nio-80-exec-5] DEBUG o.s.s.w.FilterChainProxy - Securing GET /error
2026-03-06 15:08:41.662 [http-nio-80-exec-5] DEBUG o.s.s.w.a.Http403ForbiddenEntryPoint - Pre-authenticated entry point called. Rejecting access
2026-03-06 15:08:58.642 [http-nio-80-exec-7] DEBUG o.s.s.w.FilterChainProxy - Securing GET /index?pn=1&size=10
2026-03-06 15:08:58.642 [http-nio-80-exec-2] DEBUG o.s.s.w.FilterChainProxy - Securing GET /user/info
2026-03-06 15:08:58.643 [http-nio-80-exec-2] DEBUG o.s.s.w.a.Http403ForbiddenEntryPoint - Pre-authenticated entry point called. Rejecting access
2026-03-06 15:08:58.643 [http-nio-80-exec-7] DEBUG o.s.s.w.FilterChainProxy - Secured GET /index?pn=1&size=10
2026-03-06 15:08:58.643 [http-nio-80-exec-2] DEBUG o.s.s.w.FilterChainProxy - Securing GET /error
2026-03-06 15:08:58.643 [http-nio-80-exec-2] DEBUG o.s.s.w.a.Http403ForbiddenEntryPoint - Pre-authenticated entry point called. Rejecting access
2026-03-06 15:09:00.510 [http-nio-80-exec-4] DEBUG o.s.s.w.FilterChainProxy - Securing GET /user/info
2026-03-06 15:09:00.510 [http-nio-80-exec-1] DEBUG o.s.s.w.FilterChainProxy - Securing POST /collection/find
2026-03-06 15:09:00.510 [http-nio-80-exec-8] DEBUG o.s.s.w.FilterChainProxy - Securing GET /post?id=2
2026-03-06 15:09:00.510 [http-nio-80-exec-8] DEBUG o.s.s.w.FilterChainProxy - Secured GET /post?id=2
2026-03-06 15:09:00.510 [http-nio-80-exec-4] DEBUG o.s.s.w.a.Http403ForbiddenEntryPoint - Pre-authenticated entry point called. Rejecting access
2026-03-06 15:09:00.510 [http-nio-80-exec-1] DEBUG o.s.s.w.a.Http403ForbiddenEntryPoint - Pre-authenticated entry point called. Rejecting access
2026-03-06 15:09:00.512 [http-nio-80-exec-4] DEBUG o.s.s.w.FilterChainProxy - Securing GET /error
2026-03-06 15:09:00.512 [http-nio-80-exec-1] DEBUG o.s.s.w.FilterChainProxy - Securing POST /error
2026-03-06 15:09:00.512 [http-nio-80-exec-4] DEBUG o.s.s.w.a.Http403ForbiddenEntryPoint - Pre-authenticated entry point called. Rejecting access
2026-03-06 15:09:00.512 [http-nio-80-exec-1] DEBUG o.s.s.w.a.Http403ForbiddenEntryPoint - Pre-authenticated entry point called. Rejecting access
2026-03-06 15:09:00.513 [http-nio-80-exec-9] DEBUG o.s.s.w.FilterChainProxy - Securing GET /user/info
2026-03-06 15:09:00.515 [http-nio-80-exec-9] DEBUG o.s.s.w.a.Http403ForbiddenEntryPoint - Pre-authenticated entry point called. Rejecting access
2026-03-06 15:09:00.516 [http-nio-80-exec-9] DEBUG o.s.s.w.FilterChainProxy - Securing GET /error
2026-03-06 15:09:00.516 [http-nio-80-exec-9] DEBUG o.s.s.w.a.Http403ForbiddenEntryPoint - Pre-authenticated entry point called. Rejecting access
2026-03-06 15:09:06.297 [http-nio-80-exec-6] DEBUG o.s.s.w.FilterChainProxy - Securing GET /user/info
2026-03-06 15:09:06.297 [http-nio-80-exec-3] DEBUG o.s.s.w.FilterChainProxy - Securing GET /index?pn=1&size=10
2026-03-06 15:09:06.298 [http-nio-80-exec-3] DEBUG o.s.s.w.FilterChainProxy - Secured GET /index?pn=1&size=10
2026-03-06 15:09:06.298 [http-nio-80-exec-6] DEBUG o.s.s.w.a.Http403ForbiddenEntryPoint - Pre-authenticated entry point called. Rejecting access
2026-03-06 15:09:06.299 [http-nio-80-exec-6] DEBUG o.s.s.w.FilterChainProxy - Securing GET /error
2026-03-06 15:09:06.299 [http-nio-80-exec-6] DEBUG o.s.s.w.a.Http403ForbiddenEntryPoint - Pre-authenticated entry point called. Rejecting access
2026-03-06 15:11:49.855 [http-nio-80-exec-1] DEBUG o.s.s.w.FilterChainProxy - Securing GET /user/info
2026-03-06 15:11:49.855 [http-nio-80-exec-1] DEBUG o.s.s.w.a.Http403ForbiddenEntryPoint - Pre-authenticated entry point called. Rejecting access
2026-03-06 15:11:49.856 [http-nio-80-exec-1] DEBUG o.s.s.w.FilterChainProxy - Securing GET /error
2026-03-06 15:11:49.856 [http-nio-80-exec-1] DEBUG o.s.s.w.a.Http403ForbiddenEntryPoint - Pre-authenticated entry point called. Rejecting access
2026-03-06 15:11:49.859 [http-nio-80-exec-4] DEBUG o.s.s.w.FilterChainProxy - Securing GET /user/info
2026-03-06 15:11:49.859 [http-nio-80-exec-4] DEBUG o.s.s.w.a.Http403ForbiddenEntryPoint - Pre-authenticated entry point called. Rejecting access
2026-03-06 15:11:49.861 [http-nio-80-exec-4] DEBUG o.s.s.w.FilterChainProxy - Securing GET /error
2026-03-06 15:11:49.861 [http-nio-80-exec-4] DEBUG o.s.s.w.a.Http403ForbiddenEntryPoint - Pre-authenticated entry point called. Rejecting access
2026-03-06 15:11:49.873 [http-nio-80-exec-9] DEBUG o.s.s.w.FilterChainProxy - Securing POST /collection/find
2026-03-06 15:11:49.875 [http-nio-80-exec-9] DEBUG o.s.s.w.a.Http403ForbiddenEntryPoint - Pre-authenticated entry point called. Rejecting access
2026-03-06 15:11:49.875 [http-nio-80-exec-9] DEBUG o.s.s.w.FilterChainProxy - Securing POST /error
2026-03-06 15:11:49.877 [http-nio-80-exec-9] DEBUG o.s.s.w.a.Http403ForbiddenEntryPoint - Pre-authenticated entry point called. Rejecting access
2026-03-06 15:11:49.887 [http-nio-80-exec-8] DEBUG o.s.s.w.FilterChainProxy - Securing GET /kaptcha.jpg
2026-03-06 15:11:49.889 [http-nio-80-exec-8] DEBUG o.s.s.w.FilterChainProxy - Secured GET /kaptcha.jpg
2026-03-06 15:11:53.613 [http-nio-80-exec-6] DEBUG o.s.s.w.FilterChainProxy - Securing GET /kaptcha.jpg
2026-03-06 15:11:53.614 [http-nio-80-exec-6] DEBUG o.s.s.w.FilterChainProxy - Secured GET /kaptcha.jpg
2026-03-06 15:11:54.617 [http-nio-80-exec-3] DEBUG o.s.s.w.FilterChainProxy - Securing GET /kaptcha.jpg
2026-03-06 15:11:54.619 [http-nio-80-exec-3] DEBUG o.s.s.w.FilterChainProxy - Secured GET /kaptcha.jpg
2026-03-06 15:12:52.273 [http-nio-80-exec-5] DEBUG o.s.s.w.FilterChainProxy - Securing POST /login
2026-03-06 15:15:36.410 [http-nio-80-exec-2] DEBUG o.s.s.w.FilterChainProxy - Securing GET /kaptcha.jpg
2026-03-06 15:15:36.411 [http-nio-80-exec-2] DEBUG o.s.s.w.FilterChainProxy - Secured GET /kaptcha.jpg
2026-03-06 15:16:09.871 [http-nio-80-exec-1] DEBUG o.s.s.w.FilterChainProxy - Securing GET /kaptcha.jpg
2026-03-06 15:16:09.871 [http-nio-80-exec-1] DEBUG o.s.s.w.FilterChainProxy - Secured GET /kaptcha.jpg
2026-03-06 15:29:34.725 [http-nio-80-exec-9] DEBUG o.s.s.w.FilterChainProxy - Securing OPTIONS /login
2026-03-06 15:29:34.731 [http-nio-80-exec-8] DEBUG o.s.s.w.FilterChainProxy - Securing POST /login
2026-03-06 15:30:38.846 [http-nio-80-exec-10] DEBUG o.s.s.w.FilterChainProxy - Securing GET /kaptcha.jpg
2026-03-06 15:30:38.846 [http-nio-80-exec-10] DEBUG o.s.s.w.FilterChainProxy - Secured GET /kaptcha.jpg
2026-03-06 15:31:27.703 [http-nio-80-exec-5] DEBUG o.s.s.w.FilterChainProxy - Securing GET /kaptcha.jpg
2026-03-06 15:31:27.704 [http-nio-80-exec-5] DEBUG o.s.s.w.FilterChainProxy - Secured GET /kaptcha.jpg
2026-03-06 15:31:27.728 [http-nio-80-exec-7] DEBUG o.s.s.w.FilterChainProxy - Securing GET /kaptcha.jpg?uuid=36d7f67c-ba84-48c4-848b-3efdfc0c1179
2026-03-06 15:31:27.729 [http-nio-80-exec-7] DEBUG o.s.s.w.FilterChainProxy - Secured GET /kaptcha.jpg?uuid=36d7f67c-ba84-48c4-848b-3efdfc0c1179
2026-03-06 15:31:55.082 [http-nio-80-exec-2] DEBUG o.s.s.w.FilterChainProxy - Securing GET /kaptcha.jpg?uuid=48513a39-73f9-4973-bc12-390157c41243
2026-03-06 15:31:55.084 [http-nio-80-exec-2] DEBUG o.s.s.w.FilterChainProxy - Secured GET /kaptcha.jpg?uuid=48513a39-73f9-4973-bc12-390157c41243
2026-03-06 15:32:28.176 [http-nio-80-exec-1] DEBUG o.s.s.w.FilterChainProxy - Securing GET /kaptcha.jpg?uuid=5f97d201-e12d-4d3a-aead-b46377f3a3f6
2026-03-06 15:32:28.176 [http-nio-80-exec-1] DEBUG o.s.s.w.FilterChainProxy - Secured GET /kaptcha.jpg?uuid=5f97d201-e12d-4d3a-aead-b46377f3a3f6
2026-03-06 15:32:54.711 [http-nio-80-exec-4] DEBUG o.s.s.w.FilterChainProxy - Securing GET /kaptcha.jpg?uuid=81a3613d-5950-4460-9a0a-deaf1a1b2e36
2026-03-06 15:32:54.711 [http-nio-80-exec-4] DEBUG o.s.s.w.FilterChainProxy - Secured GET /kaptcha.jpg?uuid=81a3613d-5950-4460-9a0a-deaf1a1b2e36
2026-03-06 15:34:20.627 [http-nio-80-exec-8] DEBUG o.s.s.w.FilterChainProxy - Securing GET /kaptcha.jpg?uuid=27600a63-24f5-4042-9105-8bd648914f0b
2026-03-06 15:34:20.629 [http-nio-80-exec-8] DEBUG o.s.s.w.FilterChainProxy - Secured GET /kaptcha.jpg?uuid=27600a63-24f5-4042-9105-8bd648914f0b
2026-03-06 15:34:21.936 [http-nio-80-exec-6] DEBUG o.s.s.w.FilterChainProxy - Securing GET /kaptcha.jpg?uuid=57c96b35-b8b0-4482-928e-0fc479f64ed6
2026-03-06 15:34:21.937 [http-nio-80-exec-6] DEBUG o.s.s.w.FilterChainProxy - Secured GET /kaptcha.jpg?uuid=57c96b35-b8b0-4482-928e-0fc479f64ed6
2026-03-06 15:34:32.448 [http-nio-80-exec-3] DEBUG o.s.s.w.FilterChainProxy - Securing POST /login
2026-03-06 15:34:32.717 [http-nio-80-exec-3] DEBUG o.s.s.a.d.DaoAuthenticationProvider - Authenticated user
2026-03-06 15:34:32.865 [http-nio-80-exec-5] DEBUG o.s.s.w.FilterChainProxy - Securing GET /index?pn=1&size=10
2026-03-06 15:34:32.865 [http-nio-80-exec-10] DEBUG o.s.s.w.FilterChainProxy - Securing GET /user/info
2026-03-06 15:34:32.865 [http-nio-80-exec-5] DEBUG o.s.s.w.FilterChainProxy - Secured GET /index?pn=1&size=10
2026-03-06 15:34:32.865 [http-nio-80-exec-10] DEBUG o.s.s.w.a.Http403ForbiddenEntryPoint - Pre-authenticated entry point called. Rejecting access
2026-03-06 15:34:32.866 [http-nio-80-exec-10] DEBUG o.s.s.w.FilterChainProxy - Securing GET /error
2026-03-06 15:34:32.867 [http-nio-80-exec-10] DEBUG o.s.s.w.a.Http403ForbiddenEntryPoint - Pre-authenticated entry point called. Rejecting access
2026-03-06 15:36:13.862 [http-nio-80-exec-1] DEBUG o.s.s.w.FilterChainProxy - Securing GET /user/info
2026-03-06 15:36:13.863 [http-nio-80-exec-1] DEBUG o.s.s.w.a.Http403ForbiddenEntryPoint - Pre-authenticated entry point called. Rejecting access
2026-03-06 15:36:13.864 [http-nio-80-exec-1] DEBUG o.s.s.w.FilterChainProxy - Securing GET /error
2026-03-06 15:36:13.864 [http-nio-80-exec-1] DEBUG o.s.s.w.a.Http403ForbiddenEntryPoint - Pre-authenticated entry point called. Rejecting access
2026-03-06 15:36:51.804 [http-nio-80-exec-4] DEBUG o.s.s.w.FilterChainProxy - Securing GET /user/info
2026-03-06 15:36:51.804 [http-nio-80-exec-4] DEBUG o.s.s.w.a.Http403ForbiddenEntryPoint - Pre-authenticated entry point called. Rejecting access
2026-03-06 15:36:51.805 [http-nio-80-exec-4] DEBUG o.s.s.w.FilterChainProxy - Securing GET /error
2026-03-06 15:36:51.805 [http-nio-80-exec-4] DEBUG o.s.s.w.a.Http403ForbiddenEntryPoint - Pre-authenticated entry point called. Rejecting access
2026-03-06 15:37:09.693 [MessageBroker-4] INFO  o.s.w.s.c.WebSocketMessageBrokerStats - WebSocketSession[0 current WS(0)-HttpStream(0)-HttpPoll(0), 0 total, 0 closed abnormally (0 connect failure, 0 send limit, 0 transport error)], stompSubProtocol[processed CONNECT(0)-CONNECTED(0)-DISCONNECT(0)], stompBrokerRelay[null], inboundChannel[pool size = 0, active threads = 0, queued tasks = 0, completed tasks = 0], outboundChannel[pool size = 0, active threads = 0, queued tasks = 0, completed tasks = 0], sockJsScheduler[pool size = 22, active threads = 1, queued tasks = 1, completed tasks = 4835]
2026-03-06 15:37:44.742 [http-nio-80-exec-9] DEBUG o.s.s.w.FilterChainProxy - Securing GET /user/info
2026-03-06 15:37:44.743 [http-nio-80-exec-9] DEBUG o.s.s.w.a.Http403ForbiddenEntryPoint - Pre-authenticated entry point called. Rejecting access
2026-03-06 15:37:44.744 [http-nio-80-exec-9] DEBUG o.s.s.w.FilterChainProxy - Securing GET /error
2026-03-06 15:37:44.744 [http-nio-80-exec-9] DEBUG o.s.s.w.a.Http403ForbiddenEntryPoint - Pre-authenticated entry point called. Rejecting access
2026-03-06 15:37:44.747 [http-nio-80-exec-8] DEBUG o.s.s.w.FilterChainProxy - Securing GET /user/info
2026-03-06 15:37:44.748 [http-nio-80-exec-8] DEBUG o.s.s.w.a.Http403ForbiddenEntryPoint - Pre-authenticated entry point called. Rejecting access
2026-03-06 15:37:44.748 [http-nio-80-exec-8] DEBUG o.s.s.w.FilterChainProxy - Securing GET /error
2026-03-06 15:37:44.748 [http-nio-80-exec-8] DEBUG o.s.s.w.a.Http403ForbiddenEntryPoint - Pre-authenticated entry point called. Rejecting access
2026-03-06 15:37:44.761 [http-nio-80-exec-6] DEBUG o.s.s.w.FilterChainProxy - Securing POST /collection/find
2026-03-06 15:37:44.761 [http-nio-80-exec-6] DEBUG o.s.s.w.a.Http403ForbiddenEntryPoint - Pre-authenticated entry point called. Rejecting access
2026-03-06 15:37:44.763 [http-nio-80-exec-6] DEBUG o.s.s.w.FilterChainProxy - Securing POST /error
2026-03-06 15:37:44.763 [http-nio-80-exec-6] DEBUG o.s.s.w.a.Http403ForbiddenEntryPoint - Pre-authenticated entry point called. Rejecting access
2026-03-06 15:37:44.772 [http-nio-80-exec-3] DEBUG o.s.s.w.FilterChainProxy - Securing GET /kaptcha.jpg?uuid=17b28d4b-8e2e-45ee-aa43-49e643a1b786
2026-03-06 15:37:44.772 [http-nio-80-exec-3] DEBUG o.s.s.w.FilterChainProxy - Secured GET /kaptcha.jpg?uuid=17b28d4b-8e2e-45ee-aa43-49e643a1b786
2026-03-06 15:37:54.636 [http-nio-80-exec-10] DEBUG o.s.s.w.FilterChainProxy - Securing POST /login
2026-03-06 15:37:54.734 [http-nio-80-exec-10] DEBUG o.s.s.a.d.DaoAuthenticationProvider - Authenticated user
2026-03-06 15:37:54.747 [http-nio-80-exec-7] DEBUG o.s.s.w.FilterChainProxy - Securing GET /index?pn=1&size=10
2026-03-06 15:37:54.747 [http-nio-80-exec-5] DEBUG o.s.s.w.FilterChainProxy - Securing GET /user/info
2026-03-06 15:37:54.748 [http-nio-80-exec-5] DEBUG o.s.s.w.a.Http403ForbiddenEntryPoint - Pre-authenticated entry point called. Rejecting access
2026-03-06 15:37:54.748 [http-nio-80-exec-7] DEBUG o.s.s.w.FilterChainProxy - Secured GET /index?pn=1&size=10
2026-03-06 15:37:54.748 [http-nio-80-exec-5] DEBUG o.s.s.w.FilterChainProxy - Securing GET /error
2026-03-06 15:37:54.748 [http-nio-80-exec-5] DEBUG o.s.s.w.a.Http403ForbiddenEntryPoint - Pre-authenticated entry point called. Rejecting access
2026-03-06 15:37:58.932 [http-nio-80-exec-2] DEBUG o.s.s.w.FilterChainProxy - Securing GET /user/info
2026-03-06 15:37:58.934 [http-nio-80-exec-2] DEBUG o.s.s.w.a.Http403ForbiddenEntryPoint - Pre-authenticated entry point called. Rejecting access
2026-03-06 15:37:58.936 [http-nio-80-exec-2] DEBUG o.s.s.w.FilterChainProxy - Securing GET /error
2026-03-06 15:37:58.936 [http-nio-80-exec-2] DEBUG o.s.s.w.a.Http403ForbiddenEntryPoint - Pre-authenticated entry point called. Rejecting access
2026-03-06 15:37:58.937 [http-nio-80-exec-1] DEBUG o.s.s.w.FilterChainProxy - Securing GET /user/info
2026-03-06 15:37:58.939 [http-nio-80-exec-1] DEBUG o.s.s.w.a.Http403ForbiddenEntryPoint - Pre-authenticated entry point called. Rejecting access
2026-03-06 15:37:58.939 [http-nio-80-exec-1] DEBUG o.s.s.w.FilterChainProxy - Securing GET /error
2026-03-06 15:37:58.939 [http-nio-80-exec-1] DEBUG o.s.s.w.a.Http403ForbiddenEntryPoint - Pre-authenticated entry point called. Rejecting access
2026-03-06 15:37:58.953 [http-nio-80-exec-4] DEBUG o.s.s.w.FilterChainProxy - Securing POST /collection/find
2026-03-06 15:37:58.953 [http-nio-80-exec-4] DEBUG o.s.s.w.a.Http403ForbiddenEntryPoint - Pre-authenticated entry point called. Rejecting access
2026-03-06 15:37:58.954 [http-nio-80-exec-4] DEBUG o.s.s.w.FilterChainProxy - Securing POST /error
2026-03-06 15:37:58.954 [http-nio-80-exec-4] DEBUG o.s.s.w.a.Http403ForbiddenEntryPoint - Pre-authenticated entry point called. Rejecting access
2026-03-06 15:37:58.962 [http-nio-80-exec-9] DEBUG o.s.s.w.FilterChainProxy - Securing GET /kaptcha.jpg?uuid=487e95d7-f6db-446b-9211-6373e2451c76
2026-03-06 15:37:58.962 [http-nio-80-exec-9] DEBUG o.s.s.w.FilterChainProxy - Secured GET /kaptcha.jpg?uuid=487e95d7-f6db-446b-9211-6373e2451c76
2026-03-06 15:40:33.685 [http-nio-80-exec-3] DEBUG o.s.s.w.FilterChainProxy - Securing GET /kaptcha.jpg?uuid=8c7c8449-cf8a-4a50-8c46-471ba0628e6d
2026-03-06 15:40:33.687 [http-nio-80-exec-3] DEBUG o.s.s.w.FilterChainProxy - Secured GET /kaptcha.jpg?uuid=8c7c8449-cf8a-4a50-8c46-471ba0628e6d
2026-03-06 15:41:38.789 [http-nio-80-exec-5] DEBUG o.s.s.w.FilterChainProxy - Securing GET /kaptcha.jpg?uuid=99f3e97c-79c0-494c-be56-c6f6643a4c9d
2026-03-06 15:41:38.789 [http-nio-80-exec-7] DEBUG o.s.s.w.FilterChainProxy - Securing GET /kaptcha.jpg?uuid=187bb1f8-1d16-42b4-a14f-2c4b34978841
2026-03-06 15:41:38.789 [http-nio-80-exec-7] DEBUG o.s.s.w.FilterChainProxy - Secured GET /kaptcha.jpg?uuid=187bb1f8-1d16-42b4-a14f-2c4b34978841
2026-03-06 15:41:38.789 [http-nio-80-exec-5] DEBUG o.s.s.w.FilterChainProxy - Secured GET /kaptcha.jpg?uuid=99f3e97c-79c0-494c-be56-c6f6643a4c9d
2026-03-06 15:42:29.505 [http-nio-80-exec-2] DEBUG o.s.s.w.FilterChainProxy - Securing GET /kaptcha.jpg?uuid=eb311851-0209-451b-a96a-2cbc62afa06b
2026-03-06 15:42:29.505 [http-nio-80-exec-2] DEBUG o.s.s.w.FilterChainProxy - Secured GET /kaptcha.jpg?uuid=eb311851-0209-451b-a96a-2cbc62afa06b
2026-03-06 15:42:49.822 [http-nio-80-exec-4] DEBUG o.s.s.w.FilterChainProxy - Securing POST /login
2026-03-06 15:42:49.920 [http-nio-80-exec-4] DEBUG o.s.s.a.d.DaoAuthenticationProvider - Authenticated user
2026-03-06 15:42:49.953 [http-nio-80-exec-9] DEBUG o.s.s.w.FilterChainProxy - Securing GET /user/info
2026-03-06 15:42:49.953 [http-nio-80-exec-8] DEBUG o.s.s.w.FilterChainProxy - Securing GET /index?pn=1&size=10
2026-03-06 15:42:49.954 [http-nio-80-exec-8] DEBUG o.s.s.w.FilterChainProxy - Secured GET /index?pn=1&size=10
2026-03-06 15:42:49.954 [http-nio-80-exec-9] DEBUG o.s.s.w.a.Http403ForbiddenEntryPoint - Pre-authenticated entry point called. Rejecting access
2026-03-06 15:42:49.954 [http-nio-80-exec-9] DEBUG o.s.s.w.FilterChainProxy - Securing GET /error
2026-03-06 15:42:49.955 [http-nio-80-exec-9] DEBUG o.s.s.w.a.Http403ForbiddenEntryPoint - Pre-authenticated entry point called. Rejecting access
2026-03-06 15:45:48.210 [http-nio-80-exec-10] DEBUG o.s.s.w.FilterChainProxy - Securing GET /user/info
2026-03-06 15:45:48.211 [http-nio-80-exec-10] DEBUG o.s.s.w.a.Http403ForbiddenEntryPoint - Pre-authenticated entry point called. Rejecting access
2026-03-06 15:45:48.211 [http-nio-80-exec-10] DEBUG o.s.s.w.FilterChainProxy - Securing GET /error
2026-03-06 15:45:48.211 [http-nio-80-exec-7] DEBUG o.s.s.w.FilterChainProxy - Securing GET /index?pn=1&size=10
2026-03-06 15:45:48.211 [http-nio-80-exec-10] DEBUG o.s.s.w.a.Http403ForbiddenEntryPoint - Pre-authenticated entry point called. Rejecting access
2026-03-06 15:45:48.212 [http-nio-80-exec-7] DEBUG o.s.s.w.FilterChainProxy - Secured GET /index?pn=1&size=10
2026-03-06 15:45:48.214 [http-nio-80-exec-5] DEBUG o.s.s.w.FilterChainProxy - Securing GET /user/info
2026-03-06 15:45:48.215 [http-nio-80-exec-5] DEBUG o.s.s.w.a.Http403ForbiddenEntryPoint - Pre-authenticated entry point called. Rejecting access
2026-03-06 15:45:48.215 [http-nio-80-exec-5] DEBUG o.s.s.w.FilterChainProxy - Securing GET /error
2026-03-06 15:45:48.215 [http-nio-80-exec-5] DEBUG o.s.s.w.a.Http403ForbiddenEntryPoint - Pre-authenticated entry point called. Rejecting access
2026-03-06 15:45:48.222 [http-nio-80-exec-2] DEBUG o.s.s.w.FilterChainProxy - Securing GET /index?pn=1&size=10
2026-03-06 15:45:48.224 [http-nio-80-exec-2] DEBUG o.s.s.w.FilterChainProxy - Secured GET /index?pn=1&size=10
2026-03-06 15:48:28.363 [http-nio-80-exec-8] DEBUG o.s.s.w.FilterChainProxy - Securing GET /index?pn=1&size=10
2026-03-06 15:48:28.365 [http-nio-80-exec-8] DEBUG o.s.s.w.FilterChainProxy - Secured GET /index?pn=1&size=10
2026-03-06 16:07:09.705 [MessageBroker-12] INFO  o.s.w.s.c.WebSocketMessageBrokerStats - WebSocketSession[0 current WS(0)-HttpStream(0)-HttpPoll(0), 0 total, 0 closed abnormally (0 connect failure, 0 send limit, 0 transport error)], stompSubProtocol[processed CONNECT(0)-CONNECTED(0)-DISCONNECT(0)], stompBrokerRelay[null], inboundChannel[pool size = 0, active threads = 0, queued tasks = 0, completed tasks = 0], outboundChannel[pool size = 0, active threads = 0, queued tasks = 0, completed tasks = 0], sockJsScheduler[pool size = 22, active threads = 1, queued tasks = 1, completed tasks = 5196]
2026-03-06 16:37:09.711 [MessageBroker-10] INFO  o.s.w.s.c.WebSocketMessageBrokerStats - WebSocketSession[0 current WS(0)-HttpStream(0)-HttpPoll(0), 0 total, 0 closed abnormally (0 connect failure, 0 send limit, 0 transport error)], stompSubProtocol[processed CONNECT(0)-CONNECTED(0)-DISCONNECT(0)], stompBrokerRelay[null], inboundChannel[pool size = 0, active threads = 0, queued tasks = 0, completed tasks = 0], outboundChannel[pool size = 0, active threads = 0, queued tasks = 0, completed tasks = 0], sockJsScheduler[pool size = 22, active threads = 1, queued tasks = 1, completed tasks = 5554]
2026-03-06 16:47:49.225 [HikariPool-1:housekeeper] WARN  c.z.h.p.PoolBase - HikariPool-1 - Failed to validate connection com.mysql.cj.jdbc.ConnectionImpl@741d8c0c (No operations allowed after connection closed.). Possibly consider using a shorter maxLifetime value.
2026-03-06 16:58:10.352 [http-nio-80-exec-6] DEBUG o.s.s.w.FilterChainProxy - Securing POST /collection/find
2026-03-06 16:58:10.355 [http-nio-80-exec-6] DEBUG o.s.s.w.a.Http403ForbiddenEntryPoint - Pre-authenticated entry point called. Rejecting access
2026-03-06 16:58:10.356 [http-nio-80-exec-6] DEBUG o.s.s.w.FilterChainProxy - Securing POST /error
2026-03-06 16:58:10.357 [http-nio-80-exec-6] DEBUG o.s.s.w.a.Http403ForbiddenEntryPoint - Pre-authenticated entry point called. Rejecting access
2026-03-06 16:58:10.358 [http-nio-80-exec-10] DEBUG o.s.s.w.FilterChainProxy - Securing GET /kaptcha.jpg?uuid=8ecb1823-8848-44a0-96ed-8984a133fc74
2026-03-06 16:58:10.359 [http-nio-80-exec-10] DEBUG o.s.s.w.FilterChainProxy - Secured GET /kaptcha.jpg?uuid=8ecb1823-8848-44a0-96ed-8984a133fc74
2026-03-06 16:58:20.701 [http-nio-80-exec-5] DEBUG o.s.s.w.FilterChainProxy - Securing OPTIONS /login
2026-03-06 16:58:20.706 [http-nio-80-exec-7] DEBUG o.s.s.w.FilterChainProxy - Securing POST /login
2026-03-06 16:58:20.802 [http-nio-80-exec-7] DEBUG o.s.s.a.d.DaoAuthenticationProvider - Authenticated user
2026-03-06 16:58:20.823 [http-nio-80-exec-2] DEBUG o.s.s.w.FilterChainProxy - Securing OPTIONS /index?pn=1&size=10
2026-03-06 16:58:20.828 [http-nio-80-exec-9] DEBUG o.s.s.w.FilterChainProxy - Securing GET /index?pn=1&size=10
2026-03-06 16:58:20.996 [http-nio-80-exec-9] DEBUG o.s.s.w.FilterChainProxy - Secured GET /index?pn=1&size=10
2026-03-06 16:58:22.097 [http-nio-80-exec-1] DEBUG o.s.s.w.FilterChainProxy - Securing OPTIONS /user/info
2026-03-06 16:58:22.101 [http-nio-80-exec-4] DEBUG o.s.s.w.FilterChainProxy - Securing GET /user/info
2026-03-06 16:58:22.119 [http-nio-80-exec-4] DEBUG o.s.s.w.FilterChainProxy - Secured GET /user/info
2026-03-06 16:58:22.151 [http-nio-80-exec-8] DEBUG o.s.s.w.FilterChainProxy - Securing OPTIONS /post?id=10
2026-03-06 16:58:22.152 [http-nio-80-exec-3] DEBUG o.s.s.w.FilterChainProxy - Securing OPTIONS /collection/find
2026-03-06 16:58:22.153 [http-nio-80-exec-6] DEBUG o.s.s.w.FilterChainProxy - Securing GET /post?id=10
2026-03-06 16:58:22.153 [http-nio-80-exec-10] DEBUG o.s.s.w.FilterChainProxy - Securing POST /collection/find
2026-03-06 16:58:22.169 [http-nio-80-exec-10] DEBUG o.s.s.w.FilterChainProxy - Secured POST /collection/find
2026-03-06 16:58:22.169 [http-nio-80-exec-6] DEBUG o.s.s.w.FilterChainProxy - Secured GET /post?id=10
2026-03-06 16:58:24.698 [http-nio-80-exec-5] DEBUG o.s.s.w.FilterChainProxy - Securing GET /index?pn=1&size=10
2026-03-06 16:58:24.711 [http-nio-80-exec-5] DEBUG o.s.s.w.FilterChainProxy - Secured GET /index?pn=1&size=10
2026-03-06 16:58:25.443 [http-nio-80-exec-7] DEBUG o.s.s.w.FilterChainProxy - Securing GET /user/info
2026-03-06 16:58:25.453 [http-nio-80-exec-7] DEBUG o.s.s.w.FilterChainProxy - Secured GET /user/info
2026-03-06 16:58:25.468 [http-nio-80-exec-2] DEBUG o.s.s.w.FilterChainProxy - Securing POST /collection/find
2026-03-06 16:58:25.468 [http-nio-80-exec-9] DEBUG o.s.s.w.FilterChainProxy - Securing GET /post?id=10
2026-03-06 16:58:25.475 [http-nio-80-exec-9] DEBUG o.s.s.w.FilterChainProxy - Secured GET /post?id=10
2026-03-06 16:58:25.475 [http-nio-80-exec-2] DEBUG o.s.s.w.FilterChainProxy - Secured POST /collection/find
2026-03-06 16:58:27.795 [http-nio-80-exec-1] DEBUG o.s.s.w.FilterChainProxy - Securing GET /index?pn=1&size=10
2026-03-06 16:58:27.805 [http-nio-80-exec-1] DEBUG o.s.s.w.FilterChainProxy - Secured GET /index?pn=1&size=10
2026-03-06 16:58:28.746 [http-nio-80-exec-4] DEBUG o.s.s.w.FilterChainProxy - Securing GET /user/info
2026-03-06 16:58:28.756 [http-nio-80-exec-4] DEBUG o.s.s.w.FilterChainProxy - Secured GET /user/info
2026-03-06 16:58:28.773 [http-nio-80-exec-3] DEBUG o.s.s.w.FilterChainProxy - Securing GET /post?id=10
2026-03-06 16:58:28.773 [http-nio-80-exec-8] DEBUG o.s.s.w.FilterChainProxy - Securing POST /collection/find
2026-03-06 16:58:28.782 [http-nio-80-exec-3] DEBUG o.s.s.w.FilterChainProxy - Secured GET /post?id=10
2026-03-06 16:58:28.786 [http-nio-80-exec-8] DEBUG o.s.s.w.FilterChainProxy - Secured POST /collection/find
2026-03-06 16:58:30.131 [http-nio-80-exec-6] DEBUG o.s.s.w.FilterChainProxy - Securing GET /index?pn=1&size=10
2026-03-06 16:58:30.141 [http-nio-80-exec-6] DEBUG o.s.s.w.FilterChainProxy - Secured GET /index?pn=1&size=10
2026-03-06 16:58:31.545 [http-nio-80-exec-10] DEBUG o.s.s.w.FilterChainProxy - Securing GET /user/info
2026-03-06 16:58:31.556 [http-nio-80-exec-10] DEBUG o.s.s.w.FilterChainProxy - Secured GET /user/info
2026-03-06 16:58:31.567 [http-nio-80-exec-7] DEBUG o.s.s.w.FilterChainProxy - Securing GET /post?id=10
2026-03-06 16:58:31.567 [http-nio-80-exec-5] DEBUG o.s.s.w.FilterChainProxy - Securing POST /collection/find
2026-03-06 16:58:31.577 [http-nio-80-exec-5] DEBUG o.s.s.w.FilterChainProxy - Secured POST /collection/find
2026-03-06 16:58:31.577 [http-nio-80-exec-7] DEBUG o.s.s.w.FilterChainProxy - Secured GET /post?id=10
2026-03-06 16:58:33.910 [http-nio-80-exec-2] DEBUG o.s.s.w.FilterChainProxy - Securing GET /index?pn=1&size=10
2026-03-06 16:58:33.922 [http-nio-80-exec-2] DEBUG o.s.s.w.FilterChainProxy - Secured GET /index?pn=1&size=10
2026-03-06 16:58:35.041 [http-nio-80-exec-9] DEBUG o.s.s.w.FilterChainProxy - Securing GET /user/info
2026-03-06 16:58:35.052 [http-nio-80-exec-9] DEBUG o.s.s.w.FilterChainProxy - Secured GET /user/info
2026-03-06 16:58:35.066 [http-nio-80-exec-1] DEBUG o.s.s.w.FilterChainProxy - Securing POST /collection/find
2026-03-06 16:58:35.066 [http-nio-80-exec-4] DEBUG o.s.s.w.FilterChainProxy - Securing GET /post?id=10
2026-03-06 16:58:35.075 [http-nio-80-exec-1] DEBUG o.s.s.w.FilterChainProxy - Secured POST /collection/find
2026-03-06 16:58:35.075 [http-nio-80-exec-4] DEBUG o.s.s.w.FilterChainProxy - Secured GET /post?id=10
2026-03-06 16:58:45.062 [http-nio-80-exec-8] DEBUG o.s.s.w.FilterChainProxy - Securing OPTIONS /user/public?page=1&size=10
2026-03-06 16:58:45.067 [http-nio-80-exec-3] DEBUG o.s.s.w.FilterChainProxy - Securing GET /user/public?page=1&size=10
2026-03-06 16:58:45.077 [http-nio-80-exec-3] DEBUG o.s.s.w.FilterChainProxy - Secured GET /user/public?page=1&size=10
2026-03-06 16:58:47.471 [http-nio-80-exec-6] DEBUG o.s.s.w.FilterChainProxy - Securing GET /index?pn=1&size=10
2026-03-06 16:58:47.480 [http-nio-80-exec-6] DEBUG o.s.s.w.FilterChainProxy - Secured GET /index?pn=1&size=10
2026-03-06 16:58:49.059 [http-nio-80-exec-10] DEBUG o.s.s.w.FilterChainProxy - Securing GET /user/public?page=1&size=10
2026-03-06 16:58:49.069 [http-nio-80-exec-10] DEBUG o.s.s.w.FilterChainProxy - Secured GET /user/public?page=1&size=10
2026-03-06 16:58:50.772 [http-nio-80-exec-5] DEBUG o.s.s.w.FilterChainProxy - Securing GET /index?pn=1&size=10
2026-03-06 16:58:50.781 [http-nio-80-exec-5] DEBUG o.s.s.w.FilterChainProxy - Secured GET /index?pn=1&size=10
2026-03-06 16:59:15.079 [http-nio-80-exec-7] DEBUG o.s.s.w.FilterChainProxy - Securing POST /collection/find
2026-03-06 16:59:15.080 [http-nio-80-exec-7] DEBUG o.s.s.w.a.Http403ForbiddenEntryPoint - Pre-authenticated entry point called. Rejecting access
2026-03-06 16:59:15.081 [http-nio-80-exec-7] DEBUG o.s.s.w.FilterChainProxy - Securing POST /error
2026-03-06 16:59:15.081 [http-nio-80-exec-7] DEBUG o.s.s.w.a.Http403ForbiddenEntryPoint - Pre-authenticated entry point called. Rejecting access
2026-03-06 16:59:15.087 [http-nio-80-exec-2] DEBUG o.s.s.w.FilterChainProxy - Securing GET /kaptcha.jpg?uuid=d4b0bfeb-ce2b-4e98-9a5f-8ba1817c1ebd
2026-03-06 16:59:15.089 [http-nio-80-exec-2] DEBUG o.s.s.w.FilterChainProxy - Secured GET /kaptcha.jpg?uuid=d4b0bfeb-ce2b-4e98-9a5f-8ba1817c1ebd
2026-03-06 17:07:09.720 [MessageBroker-22] INFO  o.s.w.s.c.WebSocketMessageBrokerStats - WebSocketSession[0 current WS(0)-HttpStream(0)-HttpPoll(0), 0 total, 0 closed abnormally (0 connect failure, 0 send limit, 0 transport error)], stompSubProtocol[processed CONNECT(0)-CONNECTED(0)-DISCONNECT(0)], stompBrokerRelay[null], inboundChannel[pool size = 0, active threads = 0, queued tasks = 0, completed tasks = 0], outboundChannel[pool size = 0, active threads = 0, queued tasks = 0, completed tasks = 0], sockJsScheduler[pool size = 22, active threads = 1, queued tasks = 1, completed tasks = 5915]
2026-03-06 17:12:59.450 [http-nio-80-exec-3] DEBUG o.s.s.w.FilterChainProxy - Securing GET /kaptcha.jpg?uuid=bfcccd6a-ff18-4054-8505-ff9553b18c70
2026-03-06 17:12:59.451 [http-nio-80-exec-3] DEBUG o.s.s.w.FilterChainProxy - Secured GET /kaptcha.jpg?uuid=bfcccd6a-ff18-4054-8505-ff9553b18c70
2026-03-06 17:13:00.039 [http-nio-80-exec-6] DEBUG o.s.s.w.FilterChainProxy - Securing GET /kaptcha.jpg?uuid=a906f6e7-add0-4412-bcbb-f1983c713f29
2026-03-06 17:13:00.041 [http-nio-80-exec-6] DEBUG o.s.s.w.FilterChainProxy - Secured GET /kaptcha.jpg?uuid=a906f6e7-add0-4412-bcbb-f1983c713f29
2026-03-06 17:19:22.213 [http-nio-80-exec-5] DEBUG o.s.s.w.FilterChainProxy - Securing GET /kaptcha.jpg?uuid=9676ee23-e150-4f4d-b584-431c37b3a116
2026-03-06 17:19:22.213 [http-nio-80-exec-5] DEBUG o.s.s.w.FilterChainProxy - Secured GET /kaptcha.jpg?uuid=9676ee23-e150-4f4d-b584-431c37b3a116
2026-03-06 17:19:30.800 [http-nio-80-exec-7] DEBUG o.s.s.w.FilterChainProxy - Securing GET /kaptcha.jpg?uuid=98c0142d-4890-4a36-9cf3-17270d873289
2026-03-06 17:19:30.802 [http-nio-80-exec-7] DEBUG o.s.s.w.FilterChainProxy - Secured GET /kaptcha.jpg?uuid=98c0142d-4890-4a36-9cf3-17270d873289
2026-03-06 17:19:31.487 [http-nio-80-exec-2] DEBUG o.s.s.w.FilterChainProxy - Securing GET /kaptcha.jpg?uuid=1efdf42b-6962-4cc3-aba8-fce0a61dba21
2026-03-06 17:19:31.488 [http-nio-80-exec-2] DEBUG o.s.s.w.FilterChainProxy - Secured GET /kaptcha.jpg?uuid=1efdf42b-6962-4cc3-aba8-fce0a61dba21
2026-03-06 17:20:12.801 [http-nio-80-exec-9] DEBUG o.s.s.w.FilterChainProxy - Securing GET /index?pn=1&size=10
2026-03-06 17:20:12.801 [http-nio-80-exec-9] DEBUG o.s.s.w.FilterChainProxy - Secured GET /index?pn=1&size=10
2026-03-06 17:22:45.612 [http-nio-80-exec-4] DEBUG o.s.s.w.FilterChainProxy - Securing GET /index?pn=1&size=10
2026-03-06 17:22:45.615 [http-nio-80-exec-4] DEBUG o.s.s.w.FilterChainProxy - Secured GET /index?pn=1&size=10
2026-03-06 17:27:12.953 [http-nio-80-exec-3] DEBUG o.s.s.w.FilterChainProxy - Securing GET /kaptcha.jpg?uuid=0e70865f-c2c6-4754-9ca7-96bd46f5e50a
2026-03-06 17:27:12.954 [http-nio-80-exec-3] DEBUG o.s.s.w.FilterChainProxy - Secured GET /kaptcha.jpg?uuid=0e70865f-c2c6-4754-9ca7-96bd46f5e50a
2026-03-06 17:27:15.170 [http-nio-80-exec-6] DEBUG o.s.s.w.FilterChainProxy - Securing GET /index?pn=1&size=10
2026-03-06 17:27:15.171 [http-nio-80-exec-6] DEBUG o.s.s.w.FilterChainProxy - Secured GET /index?pn=1&size=10
2026-03-06 17:27:19.586 [http-nio-80-exec-10] DEBUG o.s.s.w.FilterChainProxy - Securing GET /kaptcha.jpg?uuid=6140307a-2bc5-475a-9246-463c9d6dc328
2026-03-06 17:27:19.586 [http-nio-80-exec-10] DEBUG o.s.s.w.FilterChainProxy - Secured GET /kaptcha.jpg?uuid=6140307a-2bc5-475a-9246-463c9d6dc328
2026-03-06 17:27:23.696 [http-nio-80-exec-5] DEBUG o.s.s.w.FilterChainProxy - Securing GET /index?pn=1&size=10
2026-03-06 17:27:23.697 [http-nio-80-exec-5] DEBUG o.s.s.w.FilterChainProxy - Secured GET /index?pn=1&size=10
2026-03-06 17:27:24.834 [http-nio-80-exec-7] DEBUG o.s.s.w.FilterChainProxy - Securing GET /kaptcha.jpg?uuid=bdc4db1b-cf8a-4c68-b130-2dc3bb6d6c61
2026-03-06 17:27:24.834 [http-nio-80-exec-7] DEBUG o.s.s.w.FilterChainProxy - Secured GET /kaptcha.jpg?uuid=bdc4db1b-cf8a-4c68-b130-2dc3bb6d6c61
2026-03-06 17:27:26.037 [http-nio-80-exec-2] DEBUG o.s.s.w.FilterChainProxy - Securing GET /index?pn=1&size=10
2026-03-06 17:27:26.038 [http-nio-80-exec-2] DEBUG o.s.s.w.FilterChainProxy - Secured GET /index?pn=1&size=10
2026-03-06 17:29:04.603 [http-nio-80-exec-1] DEBUG o.s.s.w.FilterChainProxy - Securing GET /index?pn=1&size=10
2026-03-06 17:29:04.604 [http-nio-80-exec-1] DEBUG o.s.s.w.FilterChainProxy - Secured GET /index?pn=1&size=10
2026-03-06 17:32:42.735 [http-nio-80-exec-8] DEBUG o.s.s.w.FilterChainProxy - Securing GET /kaptcha.jpg?uuid=9fd4abc9-a84e-499f-92e2-e32748a0bc88
2026-03-06 17:32:42.737 [http-nio-80-exec-8] DEBUG o.s.s.w.FilterChainProxy - Secured GET /kaptcha.jpg?uuid=9fd4abc9-a84e-499f-92e2-e32748a0bc88
2026-03-06 17:32:43.840 [http-nio-80-exec-3] DEBUG o.s.s.w.FilterChainProxy - Securing GET /kaptcha.jpg?uuid=d28982d0-b5b9-4eff-9363-3eb0774706f4
2026-03-06 17:32:43.841 [http-nio-80-exec-3] DEBUG o.s.s.w.FilterChainProxy - Secured GET /kaptcha.jpg?uuid=d28982d0-b5b9-4eff-9363-3eb0774706f4
2026-03-06 17:32:44.380 [http-nio-80-exec-6] DEBUG o.s.s.w.FilterChainProxy - Securing GET /kaptcha.jpg?uuid=d42548dd-3351-4432-8d59-133473f9f6ea
2026-03-06 17:32:44.382 [http-nio-80-exec-6] DEBUG o.s.s.w.FilterChainProxy - Secured GET /kaptcha.jpg?uuid=d42548dd-3351-4432-8d59-133473f9f6ea
2026-03-06 17:34:03.297 [http-nio-80-exec-5] DEBUG o.s.s.w.FilterChainProxy - Securing GET /index?pn=1&size=10
2026-03-06 17:34:03.297 [http-nio-80-exec-5] DEBUG o.s.s.w.FilterChainProxy - Secured GET /index?pn=1&size=10
2026-03-06 17:37:09.725 [MessageBroker-7] INFO  o.s.w.s.c.WebSocketMessageBrokerStats - WebSocketSession[0 current WS(0)-HttpStream(0)-HttpPoll(0), 0 total, 0 closed abnormally (0 connect failure, 0 send limit, 0 transport error)], stompSubProtocol[processed CONNECT(0)-CONNECTED(0)-DISCONNECT(0)], stompBrokerRelay[null], inboundChannel[pool size = 0, active threads = 0, queued tasks = 0, completed tasks = 0], outboundChannel[pool size = 0, active threads = 0, queued tasks = 0, completed tasks = 0], sockJsScheduler[pool size = 22, active threads = 1, queued tasks = 1, completed tasks = 6276]
2026-03-06 20:49:03.204 [HikariPool-1:housekeeper] WARN  c.z.h.p.PoolBase - HikariPool-1 - Failed to validate connection com.mysql.cj.jdbc.ConnectionImpl@1b71e688 (No operations allowed after connection closed.). Possibly consider using a shorter maxLifetime value.
2026-03-06 20:49:03.207 [HikariPool-1:housekeeper] WARN  c.z.h.p.PoolBase - HikariPool-1 - Failed to validate connection com.mysql.cj.jdbc.ConnectionImpl@3825659a (No operations allowed after connection closed.). Possibly consider using a shorter maxLifetime value.
2026-03-06 20:49:03.207 [HikariPool-1:housekeeper] WARN  c.z.h.p.HikariPool - HikariPool-1 - Thread starvation or clock leap detected (housekeeper delta=2h45m1s667ms932µs400ns).
2026-03-06 20:49:03.207 [HikariPool-1:housekeeper] WARN  c.z.h.p.PoolBase - HikariPool-1 - Failed to validate connection com.mysql.cj.jdbc.ConnectionImpl@7a644f96 (No operations allowed after connection closed.). Possibly consider using a shorter maxLifetime value.
2026-03-06 20:49:03.208 [HikariPool-1:housekeeper] WARN  c.z.h.p.PoolBase - HikariPool-1 - Failed to validate connection com.mysql.cj.jdbc.ConnectionImpl@6e35a3f4 (No operations allowed after connection closed.). Possibly consider using a shorter maxLifetime value.
2026-03-06 20:49:03.213 [HikariPool-1:housekeeper] WARN  c.z.h.p.PoolBase - HikariPool-1 - Failed to validate connection com.mysql.cj.jdbc.ConnectionImpl@6c2a4560 (No operations allowed after connection closed.). Possibly consider using a shorter maxLifetime value.
2026-03-06 20:49:03.215 [HikariPool-1:housekeeper] WARN  c.z.h.p.PoolBase - HikariPool-1 - Failed to validate connection com.mysql.cj.jdbc.ConnectionImpl@2fc36112 (No operations allowed after connection closed.). Possibly consider using a shorter maxLifetime value.
2026-03-06 20:49:03.219 [HikariPool-1:housekeeper] WARN  c.z.h.p.PoolBase - HikariPool-1 - Failed to validate connection com.mysql.cj.jdbc.ConnectionImpl@876421b (No operations allowed after connection closed.). Possibly consider using a shorter maxLifetime value.
2026-03-06 20:49:03.220 [HikariPool-1:housekeeper] WARN  c.z.h.p.PoolBase - HikariPool-1 - Failed to validate connection com.mysql.cj.jdbc.ConnectionImpl@69599915 (No operations allowed after connection closed.). Possibly consider using a shorter maxLifetime value.
2026-03-06 20:49:03.222 [HikariPool-1:housekeeper] WARN  c.z.h.p.PoolBase - HikariPool-1 - Failed to validate connection com.mysql.cj.jdbc.ConnectionImpl@5766c01b (No operations allowed after connection closed.). Possibly consider using a shorter maxLifetime value.
2026-03-06 20:49:03.411 [http-nio-80-exec-2] DEBUG o.s.s.w.FilterChainProxy - Securing GET /index?pn=1&size=10
2026-03-06 20:49:03.412 [http-nio-80-exec-2] DEBUG o.s.s.w.FilterChainProxy - Secured GET /index?pn=1&size=10
2026-03-06 20:49:04.919 [MessageBroker-7] INFO  o.s.w.s.c.WebSocketMessageBrokerStats - WebSocketSession[0 current WS(0)-HttpStream(0)-HttpPoll(0), 0 total, 0 closed abnormally (0 connect failure, 0 send limit, 0 transport error)], stompSubProtocol[processed CONNECT(0)-CONNECTED(0)-DISCONNECT(0)], stompBrokerRelay[null], inboundChannel[pool size = 0, active threads = 0, queued tasks = 0, completed tasks = 0], outboundChannel[pool size = 0, active threads = 0, queued tasks = 0, completed tasks = 0], sockJsScheduler[pool size = 22, active threads = 2, queued tasks = 0, completed tasks = 6602]
